0 verbose cli C:\Users\digbi\.cache\codex-runtimes\codex-primary-runtime\dependencies\node\bin\node.exe C:\Users\digbi\OneDrive\Desktop\Academics\PROJECTS\BTP_VI\.tools\package\bin\npm-cli.js
1 info using npm@10.9.2
2 info using node@v24.14.0
3 silly config load:file:C:\Users\digbi\OneDrive\Desktop\Academics\PROJECTS\BTP_VI\.tools\package\npmrc
4 silly config load:file:C:\Users\digbi\OneDrive\Desktop\Academics\PROJECTS\BTP_VI\frontend\.npmrc
5 silly config load:file:C:\Users\digbi\.npmrc
6 silly config load:file:C:\Users\digbi\.cache\codex-runtimes\codex-primary-runtime\dependencies\node\bin\etc\npmrc
7 verbose title npm install
8 verbose argv "install" "--cache" ".npm-cache" "--loglevel" "error"
9 verbose logfile logs-max:10 dir:C:\Users\digbi\OneDrive\Desktop\Academics\PROJECTS\BTP_VI\frontend\.npm-cache\_logs\2026-04-30T08_18_12_828Z-
10 verbose logfile C:\Users\digbi\OneDrive\Desktop\Academics\PROJECTS\BTP_VI\frontend\.npm-cache\_logs\2026-04-30T08_18_12_828Z-debug-0.log
11 silly logfile done cleaning log files
12 silly packumentCache heap:4496293888 maxSize:1124073472 maxEntrySize:562036736
13 silly idealTree buildDeps
14 silly fetch manifest axios@^1.6.7
15 silly packumentCache full:https://registry.npmjs.org/axios cache-miss
16 http fetch GET 200 https://registry.npmjs.org/npm 155ms
17 http fetch GET 200 https://registry.npmjs.org/axios 162ms (cache miss)
18 silly packumentCache full:https://registry.npmjs.org/axios set size:undefined disposed:false
19 silly fetch manifest lucide-react@^0.344.0
20 silly packumentCache full:https://registry.npmjs.org/lucide-react cache-miss
21 http fetch GET 200 https://registry.npmjs.org/lucide-react 105ms (cache miss)
22 silly packumentCache full:https://registry.npmjs.org/lucide-react set size:undefined disposed:false
23 silly fetch manifest react@^18.2.0
24 silly packumentCache full:https://registry.npmjs.org/react cache-miss
25 http fetch GET 200 https://registry.npmjs.org/react 159ms (cache miss)
26 silly packumentCache full:https://registry.npmjs.org/react set size:undefined disposed:false
27 silly fetch manifest react-dom@^18.2.0
28 silly packumentCache full:https://registry.npmjs.org/react-dom cache-miss
29 http fetch GET 200 https://registry.npmjs.org/react-dom 229ms (cache miss)
30 silly packumentCache full:https://registry.npmjs.org/react-dom set size:undefined disposed:false
31 silly fetch manifest react-router-dom@^6.22.2
32 silly packumentCache full:https://registry.npmjs.org/react-router-dom cache-miss
33 http fetch GET 200 https://registry.npmjs.org/react-router-dom 312ms (cache miss)
34 silly packumentCache full:https://registry.npmjs.org/react-router-dom set size:undefined disposed:false
35 silly fetch manifest @types/react@^18.2.56
36 silly packumentCache full:https://registry.npmjs.org/@types%2freact cache-miss
37 http fetch GET 200 https://registry.npmjs.org/@types%2freact 145ms (cache miss)
38 silly packumentCache full:https://registry.npmjs.org/@types%2freact set size:undefined disposed:false
39 silly fetch manifest @types/react-dom@^18.2.19
40 silly packumentCache full:https://registry.npmjs.org/@types%2freact-dom cache-miss
41 http fetch GET 200 https://registry.npmjs.org/@types%2freact-dom 48ms (cache miss)
42 silly packumentCache full:https://registry.npmjs.org/@types%2freact-dom set size:undefined disposed:false
43 silly fetch manifest @vitejs/plugin-react@^4.2.1
44 silly packumentCache full:https://registry.npmjs.org/@vitejs%2fplugin-react cache-miss
45 http fetch GET 200 https://registry.npmjs.org/@vitejs%2fplugin-react 58ms (cache miss)
46 silly packumentCache full:https://registry.npmjs.org/@vitejs%2fplugin-react set size:undefined disposed:false
47 silly fetch manifest vite@^5.1.4
48 silly packumentCache full:https://registry.npmjs.org/vite cache-miss
49 http fetch GET 200 https://registry.npmjs.org/vite 1190ms (cache miss)
50 silly packumentCache full:https://registry.npmjs.org/vite set size:undefined disposed:false
51 silly fetch manifest @types/node@^18.0.0 || >=20.0.0
52 silly packumentCache full:https://registry.npmjs.org/@types%2fnode cache-miss
53 http fetch GET 200 https://registry.npmjs.org/@types%2fnode 247ms (cache miss)
54 silly packumentCache full:https://registry.npmjs.org/@types%2fnode set size:undefined disposed:false
55 silly fetch manifest less@*
56 silly packumentCache full:https://registry.npmjs.org/less cache-miss
57 http fetch GET 200 https://registry.npmjs.org/less 89ms (cache miss)
58 silly packumentCache full:https://registry.npmjs.org/less set size:undefined disposed:false
59 silly fetch manifest lightningcss@^1.21.0
60 silly packumentCache full:https://registry.npmjs.org/lightningcss cache-miss
61 http fetch GET 200 https://registry.npmjs.org/lightningcss 37ms (cache miss)
62 silly packumentCache full:https://registry.npmjs.org/lightningcss set size:undefined disposed:false
63 silly fetch manifest sass@*
64 silly packumentCache full:https://registry.npmjs.org/sass cache-miss
65 http fetch GET 200 https://registry.npmjs.org/sass 49ms (cache miss)
66 silly packumentCache full:https://registry.npmjs.org/sass set size:undefined disposed:false
67 silly fetch manifest sass-embedded@*
68 silly packumentCache full:https://registry.npmjs.org/sass-embedded cache-miss
69 http fetch GET 200 https://registry.npmjs.org/sass-embedded 50ms (cache miss)
70 silly packumentCache full:https://registry.npmjs.org/sass-embedded set size:undefined disposed:false
71 silly fetch manifest stylus@*
72 silly packumentCache full:https://registry.npmjs.org/stylus cache-miss
73 http fetch GET 200 https://registry.npmjs.org/stylus 36ms (cache miss)
74 silly packumentCache full:https://registry.npmjs.org/stylus set size:undefined disposed:false
75 silly fetch manifest sugarss@*
76 silly packumentCache full:https://registry.npmjs.org/sugarss cache-miss
77 http fetch GET 200 https://registry.npmjs.org/sugarss 59ms (cache miss)
78 silly packumentCache full:https://registry.npmjs.org/sugarss set size:undefined disposed:false
79 silly fetch manifest postcss@^8.4.35
80 silly packumentCache full:https://registry.npmjs.org/postcss cache-miss
81 http fetch GET 200 https://registry.npmjs.org/postcss 46ms (cache miss)
82 silly packumentCache full:https://registry.npmjs.org/postcss set size:undefined disposed:false
83 silly fetch manifest terser@^5.4.0
84 silly packumentCache full:https://registry.npmjs.org/terser cache-miss
85 http fetch GET 200 https://registry.npmjs.org/terser 61ms (cache miss)
86 silly packumentCache full:https://registry.npmjs.org/terser set size:undefined disposed:false
87 silly fetch manifest autoprefixer@^10.4.18
88 silly packumentCache full:https://registry.npmjs.org/autoprefixer cache-miss
89 http fetch GET 200 https://registry.npmjs.org/autoprefixer 52ms (cache miss)
90 silly packumentCache full:https://registry.npmjs.org/autoprefixer set size:undefined disposed:false
91 silly fetch manifest eslint@^8.56.0
92 silly packumentCache full:https://registry.npmjs.org/eslint cache-miss
93 http fetch GET 200 https://registry.npmjs.org/eslint 80ms (cache miss)
94 silly packumentCache full:https://registry.npmjs.org/eslint set size:undefined disposed:false
95 silly fetch manifest eslint-plugin-react@^7.33.2
96 silly packumentCache full:https://registry.npmjs.org/eslint-plugin-react cache-miss
97 http fetch GET 200 https://registry.npmjs.org/eslint-plugin-react 44ms (cache miss)
98 silly packumentCache full:https://registry.npmjs.org/eslint-plugin-react set size:undefined disposed:false
99 silly fetch manifest eslint-plugin-react-hooks@^4.6.0
100 silly packumentCache full:https://registry.npmjs.org/eslint-plugin-react-hooks cache-miss
101 http fetch GET 200 https://registry.npmjs.org/eslint-plugin-react-hooks 209ms (cache miss)
102 silly packumentCache full:https://registry.npmjs.org/eslint-plugin-react-hooks set size:undefined disposed:false
103 silly fetch manifest eslint-plugin-react-refresh@^0.4.5
104 silly packumentCache full:https://registry.npmjs.org/eslint-plugin-react-refresh cache-miss
105 http fetch GET 200 https://registry.npmjs.org/eslint-plugin-react-refresh 30ms (cache miss)
106 silly packumentCache full:https://registry.npmjs.org/eslint-plugin-react-refresh set size:undefined disposed:false
107 silly fetch manifest tailwindcss@^3.4.1
108 silly packumentCache full:https://registry.npmjs.org/tailwindcss cache-miss
109 http fetch GET 200 https://registry.npmjs.org/tailwindcss 237ms (cache miss)
110 silly packumentCache full:https://registry.npmjs.org/tailwindcss set size:undefined disposed:false
111 silly placeDep ROOT @types/react@18.3.28 OK for: frontend@0.0.0 want: ^18.2.56
112 silly placeDep ROOT @types/react-dom@18.3.7 OK for: frontend@0.0.0 want: ^18.2.19
113 silly placeDep ROOT @vitejs/plugin-react@4.7.0 OK for: frontend@0.0.0 want: ^4.2.1
114 silly placeDep ROOT vite@5.4.21 OK for: @vitejs/plugin-react@4.7.0 want: ^4.2.0 || ^5.0.0 || ^6.0.0 || ^7.0.0
115 silly placeDep ROOT autoprefixer@10.5.0 OK for: frontend@0.0.0 want: ^10.4.18
116 silly placeDep ROOT postcss@8.5.12 OK for: autoprefixer@10.5.0 want: ^8.1.0
117 silly placeDep ROOT axios@1.15.2 OK for: frontend@0.0.0 want: ^1.6.7
118 silly placeDep ROOT eslint@8.57.1 OK for: frontend@0.0.0 want: ^8.56.0
119 silly placeDep ROOT eslint-plugin-react@7.37.5 OK for: frontend@0.0.0 want: ^7.33.2
120 silly placeDep ROOT eslint-plugin-react-hooks@4.6.2 OK for: frontend@0.0.0 want: ^4.6.0
121 silly placeDep ROOT eslint-plugin-react-refresh@0.4.26 OK for: frontend@0.0.0 want: ^0.4.5
122 silly placeDep ROOT lucide-react@0.344.0 OK for: frontend@0.0.0 want: ^0.344.0
123 silly placeDep ROOT react@18.3.1 OK for: lucide-react@0.344.0 want: ^16.5.1 || ^17.0.0 || ^18.0.0
124 silly placeDep ROOT react-dom@18.3.1 OK for: frontend@0.0.0 want: ^18.2.0
125 silly placeDep ROOT react-router-dom@6.30.3 OK for: frontend@0.0.0 want: ^6.22.2
126 silly placeDep ROOT tailwindcss@3.4.19 OK for: frontend@0.0.0 want: ^3.4.1
127 silly fetch manifest csstype@^3.2.2
128 silly packumentCache full:https://registry.npmjs.org/csstype cache-miss
129 silly fetch manifest @types/prop-types@*
130 silly packumentCache full:https://registry.npmjs.org/@types%2fprop-types cache-miss
131 silly fetch manifest @babel/core@^7.28.0
132 silly packumentCache full:https://registry.npmjs.org/@babel%2fcore cache-miss
133 silly fetch manifest react-refresh@^0.17.0
134 silly packumentCache full:https://registry.npmjs.org/react-refresh cache-miss
135 silly fetch manifest @types/babel__core@^7.20.5
136 silly packumentCache full:https://registry.npmjs.org/@types%2fbabel__core cache-miss
137 silly fetch manifest @rolldown/pluginutils@1.0.0-beta.27
138 silly packumentCache full:https://registry.npmjs.org/@rolldown%2fpluginutils cache-miss
139 silly fetch manifest @babel/plugin-transform-react-jsx-self@^7.27.1
140 silly packumentCache full:https://registry.npmjs.org/@babel%2fplugin-transform-react-jsx-self cache-miss
141 silly fetch manifest @babel/plugin-transform-react-jsx-source@^7.27.1
142 silly packumentCache full:https://registry.npmjs.org/@babel%2fplugin-transform-react-jsx-source cache-miss
143 silly fetch manifest rollup@^4.20.0
144 silly packumentCache full:https://registry.npmjs.org/rollup cache-miss
145 silly fetch manifest esbuild@^0.21.3
146 silly packumentCache full:https://registry.npmjs.org/esbuild cache-miss
147 silly fetch manifest postcss@^8.4.43
148 silly packumentCache full:https://registry.npmjs.org/postcss cache-miss
149 http cache https://registry.npmjs.org/postcss 59ms (cache hit)
150 silly packumentCache full:https://registry.npmjs.org/postcss set size:714272 disposed:false
151 silly fetch manifest fsevents@~2.3.3
152 silly packumentCache full:https://registry.npmjs.org/fsevents cache-miss
153 http fetch GET 200 https://registry.npmjs.org/@types%2fprop-types 76ms (cache miss)
154 silly packumentCache full:https://registry.npmjs.org/@types%2fprop-types set size:undefined disposed:false
155 silly fetch manifest browserslist@^4.28.2
156 silly packumentCache full:https://registry.npmjs.org/browserslist cache-miss
157 http fetch GET 200 https://registry.npmjs.org/csstype 79ms (cache miss)
158 silly packumentCache full:https://registry.npmjs.org/csstype set size:undefined disposed:false
159 silly fetch manifest caniuse-lite@^1.0.30001787
160 silly packumentCache full:https://registry.npmjs.org/caniuse-lite cache-miss
161 http fetch GET 200 https://registry.npmjs.org/@types%2fbabel__core 110ms (cache miss)
162 silly packumentCache full:https://registry.npmjs.org/@types%2fbabel__core set size:undefined disposed:false
163 silly fetch manifest fraction.js@^5.3.4
164 silly packumentCache full:https://registry.npmjs.org/fraction.js cache-miss
165 http fetch GET 200 https://registry.npmjs.org/@rolldown%2fpluginutils 120ms (cache miss)
166 silly packumentCache full:https://registry.npmjs.org/@rolldown%2fpluginutils set size:undefined disposed:false
167 silly fetch manifest picocolors@^1.1.1
168 silly packumentCache full:https://registry.npmjs.org/picocolors cache-miss
169 http fetch GET 200 https://registry.npmjs.org/fsevents 63ms (cache miss)
170 silly packumentCache full:https://registry.npmjs.org/fsevents set size:undefined disposed:false
171 silly fetch manifest postcss-value-parser@^4.2.0
172 silly packumentCache full:https://registry.npmjs.org/postcss-value-parser cache-miss
173 http fetch GET 200 https://registry.npmjs.org/@babel%2fplugin-transform-react-jsx-source 143ms (cache miss)
174 silly packumentCache full:https://registry.npmjs.org/@babel%2fplugin-transform-react-jsx-source set size:undefined disposed:false
175 silly fetch manifest nanoid@^3.3.11
176 silly packumentCache full:https://registry.npmjs.org/nanoid cache-miss
177 http fetch GET 200 https://registry.npmjs.org/@babel%2fplugin-transform-react-jsx-self 167ms (cache miss)
178 silly packumentCache full:https://registry.npmjs.org/@babel%2fplugin-transform-react-jsx-self set size:undefined disposed:false
179 silly fetch manifest picocolors@^1.1.1
180 silly packumentCache full:https://registry.npmjs.org/picocolors cache-miss
181 http fetch GET 200 https://registry.npmjs.org/@babel%2fcore 184ms (cache miss)
182 silly packumentCache full:https://registry.npmjs.org/@babel%2fcore set size:undefined disposed:false
183 silly fetch manifest source-map-js@^1.2.1
184 silly packumentCache full:https://registry.npmjs.org/source-map-js cache-miss
185 http fetch GET 200 https://registry.npmjs.org/picocolors 72ms (cache miss)
186 silly packumentCache full:https://registry.npmjs.org/picocolors set size:undefined disposed:false
187 silly fetch manifest follow-redirects@^1.15.11
188 silly packumentCache full:https://registry.npmjs.org/follow-redirects cache-miss
189 http fetch GET 200 https://registry.npmjs.org/postcss-value-parser 82ms (cache miss)
190 silly packumentCache full:https://registry.npmjs.org/postcss-value-parser set size:undefined disposed:false
191 silly fetch manifest form-data@^4.0.5
192 silly packumentCache full:https://registry.npmjs.org/form-data cache-miss
193 http fetch GET 200 https://registry.npmjs.org/picocolors 53ms (cache miss)
194 silly packumentCache full:https://registry.npmjs.org/picocolors set size:undefined disposed:false
195 silly fetch manifest proxy-from-env@^2.1.0
196 silly packumentCache full:https://registry.npmjs.org/proxy-from-env cache-miss
197 http fetch GET 200 https://registry.npmjs.org/browserslist 161ms (cache miss)
198 silly packumentCache full:https://registry.npmjs.org/browserslist set size:undefined disposed:false
199 silly fetch manifest ajv@^6.12.4
200 silly packumentCache full:https://registry.npmjs.org/ajv cache-miss
201 http fetch GET 200 https://registry.npmjs.org/nanoid 97ms (cache miss)
202 silly packumentCache full:https://registry.npmjs.org/nanoid set size:undefined disposed:false
203 silly fetch manifest levn@^0.4.1
204 silly packumentCache full:https://registry.npmjs.org/levn cache-miss
205 http fetch GET 200 https://registry.npmjs.org/source-map-js 68ms (cache miss)
206 silly packumentCache full:https://registry.npmjs.org/source-map-js set size:undefined disposed:false
207 silly fetch manifest chalk@^4.0.0
208 silly packumentCache full:https://registry.npmjs.org/chalk cache-miss
209 http fetch GET 200 https://registry.npmjs.org/follow-redirects 77ms (cache miss)
210 silly packumentCache full:https://registry.npmjs.org/follow-redirects set size:undefined disposed:false
211 silly fetch manifest debug@^4.3.2
212 silly packumentCache full:https://registry.npmjs.org/debug cache-miss
213 http fetch GET 200 https://registry.npmjs.org/proxy-from-env 58ms (cache miss)
214 silly packumentCache full:https://registry.npmjs.org/proxy-from-env set size:undefined disposed:false
215 silly fetch manifest espree@^9.6.1
216 silly packumentCache full:https://registry.npmjs.org/espree cache-miss
217 http fetch GET 200 https://registry.npmjs.org/form-data 85ms (cache miss)
218 silly packumentCache full:https://registry.npmjs.org/form-data set size:undefined disposed:false
219 silly fetch manifest ignore@^5.2.0
220 silly packumentCache full:https://registry.npmjs.org/ignore cache-miss
221 http fetch GET 200 https://registry.npmjs.org/levn 76ms (cache miss)
222 silly packumentCache full:https://registry.npmjs.org/levn set size:undefined disposed:false
223 silly fetch manifest esquery@^1.4.2
224 silly packumentCache full:https://registry.npmjs.org/esquery cache-miss
225 http fetch GET 200 https://registry.npmjs.org/chalk 76ms (cache miss)
226 silly packumentCache full:https://registry.npmjs.org/chalk set size:undefined disposed:false
227 silly fetch manifest esutils@^2.0.2
228 silly packumentCache full:https://registry.npmjs.org/esutils cache-miss
229 http fetch GET 200 https://registry.npmjs.org/espree 68ms (cache miss)
230 silly packumentCache full:https://registry.npmjs.org/espree set size:undefined disposed:false
231 silly fetch manifest find-up@^5.0.0
232 silly packumentCache full:https://registry.npmjs.org/find-up cache-miss
233 http fetch GET 200 https://registry.npmjs.org/debug 80ms (cache miss)
234 silly packumentCache full:https://registry.npmjs.org/debug set size:undefined disposed:false
235 silly fetch manifest globals@^13.19.0
236 silly packumentCache full:https://registry.npmjs.org/globals cache-miss
237 http fetch GET 200 https://registry.npmjs.org/esquery 73ms (cache miss)
238 silly packumentCache full:https://registry.npmjs.org/esquery set size:undefined disposed:false
239 silly fetch manifest is-glob@^4.0.0
240 silly packumentCache full:https://registry.npmjs.org/is-glob cache-miss
241 http fetch GET 200 https://registry.npmjs.org/ignore 105ms (cache miss)
242 silly packumentCache full:https://registry.npmjs.org/ignore set size:undefined disposed:false
243 silly fetch manifest js-yaml@^4.1.0
244 silly packumentCache full:https://registry.npmjs.org/js-yaml cache-miss
245 http fetch GET 200 https://registry.npmjs.org/esutils 77ms (cache miss)
246 silly packumentCache full:https://registry.npmjs.org/esutils set size:undefined disposed:false
247 silly fetch manifest doctrine@^3.0.0
248 silly packumentCache full:https://registry.npmjs.org/doctrine cache-miss
249 http fetch GET 200 https://registry.npmjs.org/fraction.js 318ms (cache miss)
250 silly packumentCache full:https://registry.npmjs.org/fraction.js set size:undefined disposed:false
251 silly fetch manifest graphemer@^1.4.0
252 silly packumentCache full:https://registry.npmjs.org/graphemer cache-miss
253 http fetch GET 200 https://registry.npmjs.org/find-up 80ms (cache miss)
254 silly packumentCache full:https://registry.npmjs.org/find-up set size:undefined disposed:false
255 silly fetch manifest minimatch@^3.1.2
256 silly packumentCache full:https://registry.npmjs.org/minimatch cache-miss
257 http fetch GET 200 https://registry.npmjs.org/caniuse-lite 370ms (cache miss)
258 silly packumentCache full:https://registry.npmjs.org/caniuse-lite set size:undefined disposed:false
259 silly fetch manifest @eslint/js@8.57.1
260 silly packumentCache full:https://registry.npmjs.org/@eslint%2fjs cache-miss
261 http fetch GET 200 https://registry.npmjs.org/ajv 236ms (cache miss)
262 silly packumentCache full:https://registry.npmjs.org/ajv set size:undefined disposed:false
263 silly fetch manifest optionator@^0.9.3
264 silly packumentCache full:https://registry.npmjs.org/optionator cache-miss
265 http fetch GET 200 https://registry.npmjs.org/is-glob 94ms (cache miss)
266 silly packumentCache full:https://registry.npmjs.org/is-glob set size:undefined disposed:false
267 silly fetch manifest strip-ansi@^6.0.1
268 silly packumentCache full:https://registry.npmjs.org/strip-ansi cache-miss
269 http fetch GET 200 https://registry.npmjs.org/doctrine 84ms (cache miss)
270 silly packumentCache full:https://registry.npmjs.org/doctrine set size:undefined disposed:false
271 silly fetch manifest text-table@^0.2.0
272 silly packumentCache full:https://registry.npmjs.org/text-table cache-miss
273 http fetch GET 200 https://registry.npmjs.org/globals 143ms (cache miss)
274 silly packumentCache full:https://registry.npmjs.org/globals set size:undefined disposed:false
275 silly fetch manifest cross-spawn@^7.0.2
276 silly packumentCache full:https://registry.npmjs.org/cross-spawn cache-miss
277 http fetch GET 200 https://registry.npmjs.org/graphemer 84ms (cache miss)
278 silly packumentCache full:https://registry.npmjs.org/graphemer set size:undefined disposed:false
279 silly fetch manifest glob-parent@^6.0.2
280 silly packumentCache full:https://registry.npmjs.org/glob-parent cache-miss
281 http fetch GET 200 https://registry.npmjs.org/js-yaml 104ms (cache miss)
282 silly packumentCache full:https://registry.npmjs.org/js-yaml set size:undefined disposed:false
283 silly fetch manifest imurmurhash@^0.1.4
284 silly packumentCache full:https://registry.npmjs.org/imurmurhash cache-miss
285 http fetch GET 200 https://registry.npmjs.org/optionator 65ms (cache miss)
286 silly packumentCache full:https://registry.npmjs.org/optionator set size:undefined disposed:false
287 silly fetch manifest eslint-scope@^7.2.2
288 silly packumentCache full:https://registry.npmjs.org/eslint-scope cache-miss
289 http fetch GET 200 https://registry.npmjs.org/strip-ansi 68ms (cache miss)
290 silly packumentCache full:https://registry.npmjs.org/strip-ansi set size:undefined disposed:false
291 silly fetch manifest lodash.merge@^4.6.2
292 silly packumentCache full:https://registry.npmjs.org/lodash.merge cache-miss
293 http fetch GET 200 https://registry.npmjs.org/text-table 65ms (cache miss)
294 silly packumentCache full:https://registry.npmjs.org/text-table set size:undefined disposed:false
295 silly fetch manifest is-path-inside@^3.0.3
296 silly packumentCache full:https://registry.npmjs.org/is-path-inside cache-miss
297 http fetch GET 200 https://registry.npmjs.org/@eslint%2fjs 112ms (cache miss)
298 silly packumentCache full:https://registry.npmjs.org/@eslint%2fjs set size:undefined disposed:false
299 silly fetch manifest fast-deep-equal@^3.1.3
300 silly packumentCache full:https://registry.npmjs.org/fast-deep-equal cache-miss
301 http fetch GET 200 https://registry.npmjs.org/cross-spawn 70ms (cache miss)
302 silly packumentCache full:https://registry.npmjs.org/cross-spawn set size:undefined disposed:false
303 silly fetch manifest natural-compare@^1.4.0
304 silly packumentCache full:https://registry.npmjs.org/natural-compare cache-miss
305 http fetch GET 200 https://registry.npmjs.org/minimatch 147ms (cache miss)
306 silly packumentCache full:https://registry.npmjs.org/minimatch set size:undefined disposed:false
307 silly fetch manifest @eslint/eslintrc@^2.1.4
308 silly packumentCache full:https://registry.npmjs.org/@eslint%2feslintrc cache-miss
309 http fetch GET 200 https://registry.npmjs.org/glob-parent 83ms (cache miss)
310 silly packumentCache full:https://registry.npmjs.org/glob-parent set size:undefined disposed:false
311 silly fetch manifest @nodelib/fs.walk@^1.2.8
312 silly packumentCache full:https://registry.npmjs.org/@nodelib%2ffs.walk cache-miss
313 http fetch GET 200 https://registry.npmjs.org/imurmurhash 77ms (cache miss)
314 silly packumentCache full:https://registry.npmjs.org/imurmurhash set size:undefined disposed:false
315 silly fetch manifest file-entry-cache@^6.0.1
316 silly packumentCache full:https://registry.npmjs.org/file-entry-cache cache-miss
317 http fetch GET 200 https://registry.npmjs.org/is-path-inside 65ms (cache miss)
318 silly packumentCache full:https://registry.npmjs.org/is-path-inside set size:undefined disposed:false
319 silly fetch manifest eslint-visitor-keys@^3.4.3
320 silly packumentCache full:https://registry.npmjs.org/eslint-visitor-keys cache-miss
321 http fetch GET 200 https://registry.npmjs.org/natural-compare 56ms (cache miss)
322 silly packumentCache full:https://registry.npmjs.org/natural-compare set size:undefined disposed:false
323 silly fetch manifest escape-string-regexp@^4.0.0
324 silly packumentCache full:https://registry.npmjs.org/escape-string-regexp cache-miss
325 http fetch GET 200 https://registry.npmjs.org/eslint-scope 85ms (cache miss)
326 silly packumentCache full:https://registry.npmjs.org/eslint-scope set size:undefined disposed:false
327 silly fetch manifest @ungap/structured-clone@^1.2.0
328 silly packumentCache full:https://registry.npmjs.org/@ungap%2fstructured-clone cache-miss
329 http fetch GET 200 https://registry.npmjs.org/lodash.merge 84ms (cache miss)
330 silly packumentCache full:https://registry.npmjs.org/lodash.merge set size:undefined disposed:false
331 silly fetch manifest @eslint-community/regexpp@^4.6.1
332 silly packumentCache full:https://registry.npmjs.org/@eslint-community%2fregexpp cache-miss
333 http fetch GET 200 https://registry.npmjs.org/fast-deep-equal 79ms (cache miss)
334 silly packumentCache full:https://registry.npmjs.org/fast-deep-equal set size:undefined disposed:false
335 silly fetch manifest @humanwhocodes/config-array@^0.13.0
336 silly packumentCache full:https://registry.npmjs.org/@humanwhocodes%2fconfig-array cache-miss
337 http fetch GET 200 https://registry.npmjs.org/esbuild 658ms (cache miss)
338 silly packumentCache full:https://registry.npmjs.org/esbuild set size:undefined disposed:false
339 silly fetch manifest @eslint-community/eslint-utils@^4.2.0
340 silly packumentCache full:https://registry.npmjs.org/@eslint-community%2feslint-utils cache-miss
341 http fetch GET 200 https://registry.npmjs.org/file-entry-cache 80ms (cache miss)
342 silly packumentCache full:https://registry.npmjs.org/file-entry-cache set size:undefined disposed:false
343 silly fetch manifest @humanwhocodes/module-importer@^1.0.1
344 silly packumentCache full:https://registry.npmjs.org/@humanwhocodes%2fmodule-importer cache-miss
345 http fetch GET 200 https://registry.npmjs.org/@nodelib%2ffs.walk 98ms (cache miss)
346 silly packumentCache full:https://registry.npmjs.org/@nodelib%2ffs.walk set size:undefined disposed:false
347 silly fetch manifest json-stable-stringify-without-jsonify@^1.0.1
348 silly packumentCache full:https://registry.npmjs.org/json-stable-stringify-without-jsonify cache-miss
349 http fetch GET 200 https://registry.npmjs.org/@eslint%2feslintrc 111ms (cache miss)
350 silly packumentCache full:https://registry.npmjs.org/@eslint%2feslintrc set size:undefined disposed:false
351 silly fetch manifest array-includes@^3.1.8
352 silly packumentCache full:https://registry.npmjs.org/array-includes cache-miss
353 http fetch GET 200 https://registry.npmjs.org/escape-string-regexp 73ms (cache miss)
354 silly packumentCache full:https://registry.npmjs.org/escape-string-regexp set size:undefined disposed:false
355 silly fetch manifest array.prototype.findlast@^1.2.5
356 silly packumentCache full:https://registry.npmjs.org/array.prototype.findlast cache-miss
357 http fetch GET 200 https://registry.npmjs.org/eslint-visitor-keys 91ms (cache miss)
358 silly packumentCache full:https://registry.npmjs.org/eslint-visitor-keys set size:undefined disposed:false
359 silly fetch manifest array.prototype.flatmap@^1.3.3
360 silly packumentCache full:https://registry.npmjs.org/array.prototype.flatmap cache-miss
361 http fetch GET 200 https://registry.npmjs.org/json-stable-stringify-without-jsonify 43ms (cache miss)
362 silly packumentCache full:https://registry.npmjs.org/json-stable-stringify-without-jsonify set size:undefined disposed:false
363 silly fetch manifest array.prototype.tosorted@^1.1.4
364 silly packumentCache full:https://registry.npmjs.org/array.prototype.tosorted cache-miss
365 http fetch GET 200 https://registry.npmjs.org/@ungap%2fstructured-clone 113ms (cache miss)
366 silly packumentCache full:https://registry.npmjs.org/@ungap%2fstructured-clone set size:undefined disposed:false
367 silly fetch manifest doctrine@^2.1.0
368 silly packumentCache full:https://registry.npmjs.org/doctrine cache-miss
369 http fetch GET 200 https://registry.npmjs.org/@humanwhocodes%2fmodule-importer 77ms (cache miss)
370 silly packumentCache full:https://registry.npmjs.org/@humanwhocodes%2fmodule-importer set size:undefined disposed:false
371 silly fetch manifest es-iterator-helpers@^1.2.1
372 silly packumentCache full:https://registry.npmjs.org/es-iterator-helpers cache-miss
373 http fetch GET 200 https://registry.npmjs.org/@humanwhocodes%2fconfig-array 113ms (cache miss)
374 silly packumentCache full:https://registry.npmjs.org/@humanwhocodes%2fconfig-array set size:undefined disposed:false
375 silly fetch manifest estraverse@^5.3.0
376 silly packumentCache full:https://registry.npmjs.org/estraverse cache-miss
377 http fetch GET 200 https://registry.npmjs.org/array-includes 70ms (cache miss)
378 silly packumentCache full:https://registry.npmjs.org/array-includes set size:undefined disposed:false
379 silly fetch manifest hasown@^2.0.2
380 silly packumentCache full:https://registry.npmjs.org/hasown cache-miss
381 http fetch GET 200 https://registry.npmjs.org/array.prototype.findlast 75ms (cache miss)
382 silly packumentCache full:https://registry.npmjs.org/array.prototype.findlast set size:undefined disposed:false
383 silly fetch manifest jsx-ast-utils@^2.4.1 || ^3.0.0
384 silly packumentCache full:https://registry.npmjs.org/jsx-ast-utils cache-miss
385 http cache https://registry.npmjs.org/doctrine 35ms (cache hit)
386 silly packumentCache full:https://registry.npmjs.org/doctrine set size:64052 disposed:false
387 silly fetch manifest object.entries@^1.1.9
388 silly packumentCache full:https://registry.npmjs.org/object.entries cache-miss
389 http fetch GET 200 https://registry.npmjs.org/array.prototype.flatmap 78ms (cache miss)
390 silly packumentCache full:https://registry.npmjs.org/array.prototype.flatmap set size:undefined disposed:false
391 silly fetch manifest object.fromentries@^2.0.8
392 silly packumentCache full:https://registry.npmjs.org/object.fromentries cache-miss
393 http fetch GET 200 https://registry.npmjs.org/@eslint-community%2feslint-utils 142ms (cache miss)
394 silly packumentCache full:https://registry.npmjs.org/@eslint-community%2feslint-utils set size:undefined disposed:false
395 silly fetch manifest object.values@^1.2.1
396 silly packumentCache full:https://registry.npmjs.org/object.values cache-miss
397 http fetch GET 200 https://registry.npmjs.org/array.prototype.tosorted 74ms (cache miss)
398 silly packumentCache full:https://registry.npmjs.org/array.prototype.tosorted set size:undefined disposed:false
399 silly fetch manifest prop-types@^15.8.1
400 silly packumentCache full:https://registry.npmjs.org/prop-types cache-miss
401 http fetch GET 200 https://registry.npmjs.org/react-refresh 838ms (cache miss)
402 silly packumentCache full:https://registry.npmjs.org/react-refresh set size:undefined disposed:false
403 silly fetch manifest resolve@^2.0.0-next.5
404 silly packumentCache full:https://registry.npmjs.org/resolve cache-miss
405 http fetch GET 200 https://registry.npmjs.org/estraverse 127ms (cache miss)
406 silly packumentCache full:https://registry.npmjs.org/estraverse set size:undefined disposed:false
407 silly fetch manifest semver@^6.3.1
408 silly packumentCache full:https://registry.npmjs.org/semver cache-miss
409 http fetch GET 200 https://registry.npmjs.org/object.entries 111ms (cache miss)
410 silly packumentCache full:https://registry.npmjs.org/object.entries set size:undefined disposed:false
411 silly fetch manifest string.prototype.matchall@^4.0.12
412 silly packumentCache full:https://registry.npmjs.org/string.prototype.matchall cache-miss
413 http fetch GET 200 https://registry.npmjs.org/jsx-ast-utils 128ms (cache miss)
414 silly packumentCache full:https://registry.npmjs.org/jsx-ast-utils set size:undefined disposed:false
415 silly fetch manifest string.prototype.repeat@^1.0.0
416 silly packumentCache full:https://registry.npmjs.org/string.prototype.repeat cache-miss
417 http fetch GET 200 https://registry.npmjs.org/object.fromentries 118ms (cache miss)
418 silly packumentCache full:https://registry.npmjs.org/object.fromentries set size:undefined disposed:false
419 silly fetch manifest loose-envify@^1.1.0
420 silly packumentCache full:https://registry.npmjs.org/loose-envify cache-miss
421 http fetch GET 200 https://registry.npmjs.org/hasown 151ms (cache miss)
422 silly packumentCache full:https://registry.npmjs.org/hasown set size:undefined disposed:false
423 silly fetch manifest scheduler@^0.23.2
424 silly packumentCache full:https://registry.npmjs.org/scheduler cache-miss
425 http fetch GET 200 https://registry.npmjs.org/es-iterator-helpers 176ms (cache miss)
426 silly packumentCache full:https://registry.npmjs.org/es-iterator-helpers set size:undefined disposed:false
427 silly fetch manifest loose-envify@^1.1.0
428 silly packumentCache full:https://registry.npmjs.org/loose-envify cache-miss
429 http fetch GET 200 https://registry.npmjs.org/object.values 141ms (cache miss)
430 silly packumentCache full:https://registry.npmjs.org/object.values set size:undefined disposed:false
431 silly fetch manifest react-router@6.30.3
432 silly packumentCache full:https://registry.npmjs.org/react-router cache-miss
433 http fetch GET 200 https://registry.npmjs.org/prop-types 132ms (cache miss)
434 silly packumentCache full:https://registry.npmjs.org/prop-types set size:undefined disposed:false
435 silly fetch manifest @remix-run/router@1.23.2
436 silly packumentCache full:https://registry.npmjs.org/@remix-run%2frouter cache-miss
437 http fetch GET 200 https://registry.npmjs.org/string.prototype.repeat 48ms (cache miss)
438 silly packumentCache full:https://registry.npmjs.org/string.prototype.repeat set size:undefined disposed:false
439 silly fetch manifest arg@^5.0.2
440 silly packumentCache full:https://registry.npmjs.org/arg cache-miss
441 http fetch GET 200 https://registry.npmjs.org/resolve 88ms (cache miss)
442 silly packumentCache full:https://registry.npmjs.org/resolve set size:undefined disposed:false
443 silly fetch manifest dlv@^1.1.3
444 silly packumentCache full:https://registry.npmjs.org/dlv cache-miss
445 http fetch GET 200 https://registry.npmjs.org/string.prototype.matchall 70ms (cache miss)
446 silly packumentCache full:https://registry.npmjs.org/string.prototype.matchall set size:undefined disposed:false
447 silly fetch manifest jiti@^1.21.7
448 silly packumentCache full:https://registry.npmjs.org/jiti cache-miss
449 http fetch GET 200 https://registry.npmjs.org/semver 122ms (cache miss)
450 silly packumentCache full:https://registry.npmjs.org/semver set size:undefined disposed:false
451 silly fetch manifest is-glob@^4.0.3
452 silly packumentCache full:https://registry.npmjs.org/is-glob cache-miss
453 http fetch GET 200 https://registry.npmjs.org/arg 64ms (cache miss)
454 silly packumentCache full:https://registry.npmjs.org/arg set size:undefined disposed:false
455 silly fetch manifest resolve@^1.22.8
456 silly packumentCache full:https://registry.npmjs.org/resolve cache-miss
457 http fetch GET 200 https://registry.npmjs.org/loose-envify 107ms (cache miss)
458 silly packumentCache full:https://registry.npmjs.org/loose-envify set size:undefined disposed:false
459 silly fetch manifest sucrase@^3.35.0
460 silly packumentCache full:https://registry.npmjs.org/sucrase cache-miss
461 http fetch GET 200 https://registry.npmjs.org/dlv 79ms (cache miss)
462 silly packumentCache full:https://registry.npmjs.org/dlv set size:undefined disposed:false
463 silly fetch manifest chokidar@^3.6.0
464 silly packumentCache full:https://registry.npmjs.org/chokidar cache-miss
465 http cache https://registry.npmjs.org/is-glob 44ms (cache hit)
466 silly packumentCache full:https://registry.npmjs.org/is-glob set size:40530 disposed:false
467 silly fetch manifest fast-glob@^3.3.2
468 silly packumentCache full:https://registry.npmjs.org/fast-glob cache-miss
469 http cache https://registry.npmjs.org/resolve 40ms (cache hit)
470 silly packumentCache full:https://registry.npmjs.org/resolve set size:252941 disposed:false
471 silly fetch manifest lilconfig@^3.1.3
472 silly packumentCache full:https://registry.npmjs.org/lilconfig cache-miss
473 http fetch GET 200 https://registry.npmjs.org/rollup 1105ms (cache miss)
474 silly packumentCache full:https://registry.npmjs.org/rollup set size:undefined disposed:false
475 silly fetch manifest didyoumean@^1.2.2
476 silly packumentCache full:https://registry.npmjs.org/didyoumean cache-miss
477 http fetch GET 200 https://registry.npmjs.org/lilconfig 85ms (cache miss)
478 silly packumentCache full:https://registry.npmjs.org/lilconfig set size:undefined disposed:false
479 silly fetch manifest micromatch@^4.0.8
480 silly packumentCache full:https://registry.npmjs.org/micromatch cache-miss
481 http fetch GET 200 https://registry.npmjs.org/fast-glob 101ms (cache miss)
482 silly packumentCache full:https://registry.npmjs.org/fast-glob set size:undefined disposed:false
483 silly fetch manifest postcss-js@^4.0.1
484 silly packumentCache full:https://registry.npmjs.org/postcss-js cache-miss
485 http fetch GET 200 https://registry.npmjs.org/jiti 186ms (cache miss)
486 silly packumentCache full:https://registry.npmjs.org/jiti set size:undefined disposed:false
487 silly fetch manifest object-hash@^3.0.0
488 silly packumentCache full:https://registry.npmjs.org/object-hash cache-miss
489 http fetch GET 200 https://registry.npmjs.org/chokidar 124ms (cache miss)
490 silly packumentCache full:https://registry.npmjs.org/chokidar set size:undefined disposed:false
491 silly fetch manifest normalize-path@^3.0.0
492 silly packumentCache full:https://registry.npmjs.org/normalize-path cache-miss
493 http fetch GET 200 https://registry.npmjs.org/loose-envify 281ms (cache miss)
494 silly packumentCache full:https://registry.npmjs.org/loose-envify set size:undefined disposed:false
495 silly fetch manifest postcss-import@^15.1.0
496 silly packumentCache full:https://registry.npmjs.org/postcss-import cache-miss
497 http fetch GET 200 https://registry.npmjs.org/sucrase 161ms (cache miss)
498 silly packumentCache full:https://registry.npmjs.org/sucrase set size:undefined disposed:false
499 silly fetch manifest postcss-nested@^6.2.0
500 silly packumentCache full:https://registry.npmjs.org/postcss-nested cache-miss
501 http fetch GET 200 https://registry.npmjs.org/didyoumean 81ms (cache miss)
502 silly packumentCache full:https://registry.npmjs.org/didyoumean set size:undefined disposed:false
503 silly fetch manifest @alloc/quick-lru@^5.2.0
504 silly packumentCache full:https://registry.npmjs.org/@alloc%2fquick-lru cache-miss
505 http fetch GET 200 https://registry.npmjs.org/postcss-js 58ms (cache miss)
506 silly packumentCache full:https://registry.npmjs.org/postcss-js set size:undefined disposed:false
507 silly fetch manifest postcss-load-config@^4.0.2 || ^5.0 || ^6.0
508 silly packumentCache full:https://registry.npmjs.org/postcss-load-config cache-miss
509 http fetch GET 200 https://registry.npmjs.org/micromatch 73ms (cache miss)
510 silly packumentCache full:https://registry.npmjs.org/micromatch set size:undefined disposed:false
511 silly fetch manifest postcss-selector-parser@^6.1.2
512 silly packumentCache full:https://registry.npmjs.org/postcss-selector-parser cache-miss
513 http fetch GET 200 https://registry.npmjs.org/normalize-path 60ms (cache miss)
514 silly packumentCache full:https://registry.npmjs.org/normalize-path set size:undefined disposed:false
515 http fetch GET 200 https://registry.npmjs.org/object-hash 76ms (cache miss)
516 silly packumentCache full:https://registry.npmjs.org/object-hash set size:undefined disposed:false
517 http fetch GET 200 https://registry.npmjs.org/@alloc%2fquick-lru 64ms (cache miss)
518 silly packumentCache full:https://registry.npmjs.org/@alloc%2fquick-lru set size:undefined disposed:false
519 http fetch GET 200 https://registry.npmjs.org/postcss-nested 69ms (cache miss)
520 silly packumentCache full:https://registry.npmjs.org/postcss-nested set size:undefined disposed:false
521 http fetch GET 200 https://registry.npmjs.org/postcss-load-config 51ms (cache miss)
522 silly packumentCache full:https://registry.npmjs.org/postcss-load-config set size:undefined disposed:false
523 http fetch GET 200 https://registry.npmjs.org/postcss-import 85ms (cache miss)
524 silly packumentCache full:https://registry.npmjs.org/postcss-import set size:undefined disposed:false
525 http fetch GET 200 https://registry.npmjs.org/postcss-selector-parser 68ms (cache miss)
526 silly packumentCache full:https://registry.npmjs.org/postcss-selector-parser set size:undefined disposed:false
527 http fetch GET 200 https://registry.npmjs.org/react-router 384ms (cache miss)
528 silly packumentCache full:https://registry.npmjs.org/react-router set size:undefined disposed:false
529 http fetch GET 200 https://registry.npmjs.org/@eslint-community%2fregexpp 717ms (cache miss)
530 silly packumentCache full:https://registry.npmjs.org/@eslint-community%2fregexpp set size:undefined disposed:false
531 http fetch GET 200 https://registry.npmjs.org/scheduler 454ms (cache miss)
532 silly packumentCache full:https://registry.npmjs.org/scheduler set size:undefined disposed:false
533 http fetch GET 200 https://registry.npmjs.org/@remix-run%2frouter 704ms (cache miss)
534 silly packumentCache full:https://registry.npmjs.org/@remix-run%2frouter set size:undefined disposed:false
535 silly placeDep ROOT @types/prop-types@15.7.15 OK for: @types/react@18.3.28 want: *
536 silly placeDep ROOT csstype@3.2.3 OK for: @types/react@18.3.28 want: ^3.2.2
537 silly placeDep ROOT @babel/core@7.29.0 OK for: @vitejs/plugin-react@4.7.0 want: ^7.28.0
538 silly placeDep ROOT @babel/plugin-transform-react-jsx-self@7.27.1 OK for: @vitejs/plugin-react@4.7.0 want: ^7.27.1
539 silly placeDep ROOT @babel/plugin-transform-react-jsx-source@7.27.1 OK for: @vitejs/plugin-react@4.7.0 want: ^7.27.1
540 silly placeDep ROOT @rolldown/pluginutils@1.0.0-beta.27 OK for: @vitejs/plugin-react@4.7.0 want: 1.0.0-beta.27
541 silly placeDep ROOT @types/babel__core@7.20.5 OK for: @vitejs/plugin-react@4.7.0 want: ^7.20.5
542 silly placeDep ROOT react-refresh@0.17.0 OK for: @vitejs/plugin-react@4.7.0 want: ^0.17.0
543 silly fetch manifest debug@^4.1.0
544 silly packumentCache full:https://registry.npmjs.org/debug cache-miss
545 silly fetch manifest json5@^2.2.3
546 silly packumentCache full:https://registry.npmjs.org/json5 cache-miss
547 silly fetch manifest gensync@^1.0.0-beta.2
548 silly packumentCache full:https://registry.npmjs.org/gensync cache-miss
549 silly fetch manifest @babel/types@^7.29.0
550 silly packumentCache full:https://registry.npmjs.org/@babel%2ftypes cache-miss
551 silly fetch manifest @babel/parser@^7.29.0
552 silly packumentCache full:https://registry.npmjs.org/@babel%2fparser cache-miss
553 silly fetch manifest @babel/helpers@^7.28.6
554 silly packumentCache full:https://registry.npmjs.org/@babel%2fhelpers cache-miss
555 silly fetch manifest @babel/template@^7.28.6
556 silly packumentCache full:https://registry.npmjs.org/@babel%2ftemplate cache-miss
557 silly fetch manifest @babel/traverse@^7.29.0
558 silly packumentCache full:https://registry.npmjs.org/@babel%2ftraverse cache-miss
559 silly fetch manifest @babel/generator@^7.29.0
560 silly packumentCache full:https://registry.npmjs.org/@babel%2fgenerator cache-miss
561 silly fetch manifest @babel/code-frame@^7.29.0
562 silly packumentCache full:https://registry.npmjs.org/@babel%2fcode-frame cache-miss
563 silly fetch manifest convert-source-map@^2.0.0
564 silly packumentCache full:https://registry.npmjs.org/convert-source-map cache-miss
565 http cache https://registry.npmjs.org/debug 18ms (cache hit)
566 silly packumentCache full:https://registry.npmjs.org/debug set size:195840 disposed:false
567 silly fetch manifest @jridgewell/remapping@^2.3.5
568 silly packumentCache full:https://registry.npmjs.org/@jridgewell%2fremapping cache-miss
569 http fetch GET 200 https://registry.npmjs.org/gensync 43ms (cache miss)
570 silly packumentCache full:https://registry.npmjs.org/gensync set size:undefined disposed:false
571 silly fetch manifest @babel/helper-module-transforms@^7.28.6
572 silly packumentCache full:https://registry.npmjs.org/@babel%2fhelper-module-transforms cache-miss
573 http fetch GET 200 https://registry.npmjs.org/json5 53ms (cache miss)
574 silly packumentCache full:https://registry.npmjs.org/json5 set size:undefined disposed:false
575 silly fetch manifest @babel/helper-compilation-targets@^7.28.6
576 silly packumentCache full:https://registry.npmjs.org/@babel%2fhelper-compilation-targets cache-miss
577 http fetch GET 200 https://registry.npmjs.org/convert-source-map 58ms (cache miss)
578 silly packumentCache full:https://registry.npmjs.org/convert-source-map set size:undefined disposed:false
579 silly fetch manifest @babel/helper-plugin-utils@^7.27.1
580 silly packumentCache full:https://registry.npmjs.org/@babel%2fhelper-plugin-utils cache-miss
581 http fetch GET 200 https://registry.npmjs.org/@babel%2ftemplate 89ms (cache miss)
582 silly packumentCache full:https://registry.npmjs.org/@babel%2ftemplate set size:undefined disposed:false
583 silly fetch manifest @babel/helper-plugin-utils@^7.27.1
584 silly packumentCache full:https://registry.npmjs.org/@babel%2fhelper-plugin-utils cache-miss
585 http fetch GET 200 https://registry.npmjs.org/@jridgewell%2fremapping 95ms (cache miss)
586 silly packumentCache full:https://registry.npmjs.org/@jridgewell%2fremapping set size:undefined disposed:false
587 silly fetch manifest @babel/types@^7.20.7
588 silly packumentCache full:https://registry.npmjs.org/@babel%2ftypes cache-miss
589 http fetch GET 200 https://registry.npmjs.org/@babel%2fhelper-compilation-targets 97ms (cache miss)
590 silly packumentCache full:https://registry.npmjs.org/@babel%2fhelper-compilation-targets set size:undefined disposed:false
591 silly fetch manifest @babel/parser@^7.20.7
592 silly packumentCache full:https://registry.npmjs.org/@babel%2fparser cache-miss
593 http fetch GET 200 https://registry.npmjs.org/@babel%2ftypes 155ms (cache miss)
594 silly packumentCache full:https://registry.npmjs.org/@babel%2ftypes set size:undefined disposed:false
595 silly fetch manifest @types/babel__template@*
596 silly packumentCache full:https://registry.npmjs.org/@types%2fbabel__template cache-miss
597 http fetch GET 200 https://registry.npmjs.org/@babel%2fhelper-module-transforms 117ms (cache miss)
598 silly packumentCache full:https://registry.npmjs.org/@babel%2fhelper-module-transforms set size:undefined disposed:false
599 silly fetch manifest @types/babel__traverse@*
600 silly packumentCache full:https://registry.npmjs.org/@types%2fbabel__traverse cache-miss
601 http fetch GET 200 https://registry.npmjs.org/@babel%2fhelpers 167ms (cache miss)
602 silly packumentCache full:https://registry.npmjs.org/@babel%2fhelpers set size:undefined disposed:false
603 silly fetch manifest @types/babel__generator@*
604 silly packumentCache full:https://registry.npmjs.org/@types%2fbabel__generator cache-miss
605 http fetch GET 200 https://registry.npmjs.org/@babel%2ftraverse 174ms (cache miss)
606 silly packumentCache full:https://registry.npmjs.org/@babel%2ftraverse set size:undefined disposed:false
607 http fetch GET 200 https://registry.npmjs.org/@babel%2fgenerator 182ms (cache miss)
608 silly packumentCache full:https://registry.npmjs.org/@babel%2fgenerator set size:undefined disposed:false
609 http fetch GET 200 https://registry.npmjs.org/@babel%2fhelper-plugin-utils 127ms (cache miss)
610 silly packumentCache full:https://registry.npmjs.org/@babel%2fhelper-plugin-utils set size:undefined disposed:false
611 http fetch GET 200 https://registry.npmjs.org/@babel%2fhelper-plugin-utils 101ms (cache miss)
612 silly packumentCache full:https://registry.npmjs.org/@babel%2fhelper-plugin-utils set size:undefined disposed:false
613 http fetch GET 200 https://registry.npmjs.org/@babel%2fparser 198ms (cache miss)
614 silly packumentCache full:https://registry.npmjs.org/@babel%2fparser set size:undefined disposed:false
615 http fetch GET 200 https://registry.npmjs.org/@types%2fbabel__generator 50ms (cache miss)
616 silly packumentCache full:https://registry.npmjs.org/@types%2fbabel__generator set size:undefined disposed:false
617 http fetch GET 200 https://registry.npmjs.org/@babel%2ftypes 110ms (cache miss)
618 silly packumentCache full:https://registry.npmjs.org/@babel%2ftypes set size:undefined disposed:false
619 http fetch GET 200 https://registry.npmjs.org/@babel%2fparser 81ms (cache miss)
620 silly packumentCache full:https://registry.npmjs.org/@babel%2fparser set size:undefined disposed:false
621 http fetch GET 200 https://registry.npmjs.org/@babel%2fcode-frame 310ms (cache miss)
622 silly packumentCache full:https://registry.npmjs.org/@babel%2fcode-frame set size:undefined disposed:false
623 http fetch GET 200 https://registry.npmjs.org/@types%2fbabel__template 256ms (cache miss)
624 silly packumentCache full:https://registry.npmjs.org/@types%2fbabel__template set size:undefined disposed:false
625 http fetch GET 200 https://registry.npmjs.org/@types%2fbabel__traverse 273ms (cache miss)
626 silly packumentCache full:https://registry.npmjs.org/@types%2fbabel__traverse set size:undefined disposed:false
627 silly fetch manifest @babel/core@^7.0.0
628 silly packumentCache full:https://registry.npmjs.org/@babel%2fcore cache-miss
629 http cache https://registry.npmjs.org/@babel%2fcore 9ms (cache hit)
630 silly packumentCache full:https://registry.npmjs.org/@babel%2fcore set size:764052 disposed:false
631 silly placeDep ROOT @babel/code-frame@7.29.0 OK for: @babel/core@7.29.0 want: ^7.29.0
632 silly placeDep ROOT @babel/generator@7.29.1 OK for: @babel/core@7.29.0 want: ^7.29.0
633 silly placeDep ROOT @babel/helper-compilation-targets@7.28.6 OK for: @babel/core@7.29.0 want: ^7.28.6
634 silly placeDep ROOT @babel/helper-module-transforms@7.28.6 OK for: @babel/core@7.29.0 want: ^7.28.6
635 silly placeDep ROOT @babel/helpers@7.29.2 OK for: @babel/core@7.29.0 want: ^7.28.6
636 silly placeDep ROOT @babel/parser@7.29.2 OK for: @babel/core@7.29.0 want: ^7.29.0
637 silly placeDep ROOT @babel/template@7.28.6 OK for: @babel/core@7.29.0 want: ^7.28.6
638 silly placeDep ROOT @babel/traverse@7.29.0 OK for: @babel/core@7.29.0 want: ^7.29.0
639 silly placeDep ROOT @babel/types@7.29.0 OK for: @babel/core@7.29.0 want: ^7.29.0
640 silly placeDep ROOT @jridgewell/remapping@2.3.5 OK for: @babel/core@7.29.0 want: ^2.3.5
641 silly placeDep ROOT convert-source-map@2.0.0 OK for: @babel/core@7.29.0 want: ^2.0.0
642 silly placeDep ROOT debug@4.4.3 OK for: @babel/core@7.29.0 want: ^4.1.0
643 silly placeDep ROOT gensync@1.0.0-beta.2 OK for: @babel/core@7.29.0 want: ^1.0.0-beta.2
644 silly placeDep ROOT json5@2.2.3 OK for: @babel/core@7.29.0 want: ^2.2.3
645 silly placeDep ROOT semver@6.3.1 OK for: @babel/core@7.29.0 want: ^6.3.1
646 silly fetch manifest js-tokens@^4.0.0
647 silly packumentCache full:https://registry.npmjs.org/js-tokens cache-miss
648 silly fetch manifest @babel/helper-validator-identifier@^7.28.5
649 silly packumentCache full:https://registry.npmjs.org/@babel%2fhelper-validator-identifier cache-miss
650 silly fetch manifest jsesc@^3.0.2
651 silly packumentCache full:https://registry.npmjs.org/jsesc cache-miss
652 silly fetch manifest @jridgewell/gen-mapping@^0.3.12
653 silly packumentCache full:https://registry.npmjs.org/@jridgewell%2fgen-mapping cache-miss
654 silly fetch manifest @jridgewell/trace-mapping@^0.3.28
655 silly packumentCache full:https://registry.npmjs.org/@jridgewell%2ftrace-mapping cache-miss
656 silly fetch manifest lru-cache@^5.1.1
657 silly packumentCache full:https://registry.npmjs.org/lru-cache cache-miss
658 silly fetch manifest browserslist@^4.24.0
659 silly packumentCache full:https://registry.npmjs.org/browserslist cache-miss
660 silly fetch manifest @babel/compat-data@^7.28.6
661 silly packumentCache full:https://registry.npmjs.org/@babel%2fcompat-data cache-miss
662 silly fetch manifest @babel/helper-validator-option@^7.27.1
663 silly packumentCache full:https://registry.npmjs.org/@babel%2fhelper-validator-option cache-miss
664 silly fetch manifest @babel/traverse@^7.28.6
665 silly packumentCache full:https://registry.npmjs.org/@babel%2ftraverse cache-miss
666 silly fetch manifest @babel/helper-module-imports@^7.28.6
667 silly packumentCache full:https://registry.npmjs.org/@babel%2fhelper-module-imports cache-miss
668 http cache https://registry.npmjs.org/@babel%2ftraverse 21ms (cache hit)
669 silly packumentCache full:https://registry.npmjs.org/@babel%2ftraverse set size:550946 disposed:false
670 silly fetch manifest @babel/helper-validator-identifier@^7.28.5
671 silly packumentCache full:https://registry.npmjs.org/@babel%2fhelper-validator-identifier cache-miss
672 http cache https://registry.npmjs.org/browserslist 29ms (cache hit)
673 silly packumentCache full:https://registry.npmjs.org/browserslist set size:504681 disposed:false
674 silly fetch manifest @babel/types@^7.28.6
675 silly packumentCache full:https://registry.npmjs.org/@babel%2ftypes cache-miss
676 http cache https://registry.npmjs.org/@babel%2ftypes 29ms (cache hit)
677 silly packumentCache full:https://registry.npmjs.org/@babel%2ftypes set size:489931 disposed:false
678 silly fetch manifest debug@^4.3.1
679 silly packumentCache full:https://registry.npmjs.org/debug cache-hit
680 silly fetch manifest @babel/helper-globals@^7.28.0
681 silly packumentCache full:https://registry.npmjs.org/@babel%2fhelper-globals cache-miss
682 http fetch GET 200 https://registry.npmjs.org/js-tokens 77ms (cache miss)
683 silly packumentCache full:https://registry.npmjs.org/js-tokens set size:undefined disposed:false
684 silly fetch manifest @babel/helper-string-parser@^7.27.1
685 silly packumentCache full:https://registry.npmjs.org/@babel%2fhelper-string-parser cache-miss
686 http fetch GET 200 https://registry.npmjs.org/jsesc 81ms (cache miss)
687 silly packumentCache full:https://registry.npmjs.org/jsesc set size:undefined disposed:false
688 silly fetch manifest @babel/helper-validator-identifier@^7.28.5
689 silly packumentCache full:https://registry.npmjs.org/@babel%2fhelper-validator-identifier cache-miss
690 http fetch GET 200 https://registry.npmjs.org/@babel%2fhelper-validator-option 83ms (cache miss)
691 silly packumentCache full:https://registry.npmjs.org/@babel%2fhelper-validator-option set size:undefined disposed:false
692 silly fetch manifest @jridgewell/gen-mapping@^0.3.5
693 silly packumentCache full:https://registry.npmjs.org/@jridgewell%2fgen-mapping cache-miss
694 http fetch GET 200 https://registry.npmjs.org/@babel%2fhelper-validator-identifier 90ms (cache miss)
695 silly packumentCache full:https://registry.npmjs.org/@babel%2fhelper-validator-identifier set size:undefined disposed:false
696 silly fetch manifest @jridgewell/trace-mapping@^0.3.24
697 silly packumentCache full:https://registry.npmjs.org/@jridgewell%2ftrace-mapping cache-miss
698 http fetch GET 200 https://registry.npmjs.org/@jridgewell%2fgen-mapping 93ms (cache miss)
699 silly packumentCache full:https://registry.npmjs.org/@jridgewell%2fgen-mapping set size:undefined disposed:false
700 silly fetch manifest ms@^2.1.3
701 silly packumentCache full:https://registry.npmjs.org/ms cache-miss
702 http fetch GET 200 https://registry.npmjs.org/@babel%2fhelper-module-imports 93ms (cache miss)
703 silly packumentCache full:https://registry.npmjs.org/@babel%2fhelper-module-imports set size:undefined disposed:false
704 http fetch GET 200 https://registry.npmjs.org/@babel%2fhelper-validator-identifier 77ms (cache miss)
705 silly packumentCache full:https://registry.npmjs.org/@babel%2fhelper-validator-identifier set size:undefined disposed:false
706 http fetch GET 200 https://registry.npmjs.org/@jridgewell%2ftrace-mapping 108ms (cache miss)
707 silly packumentCache full:https://registry.npmjs.org/@jridgewell%2ftrace-mapping set size:undefined disposed:false
708 http fetch GET 200 https://registry.npmjs.org/@babel%2fcompat-data 109ms (cache miss)
709 silly packumentCache full:https://registry.npmjs.org/@babel%2fcompat-data set size:undefined disposed:false
710 http fetch GET 200 https://registry.npmjs.org/lru-cache 119ms (cache miss)
711 silly packumentCache full:https://registry.npmjs.org/lru-cache set size:undefined disposed:false
712 http cache https://registry.npmjs.org/@jridgewell%2fgen-mapping 51ms (cache hit)
713 silly packumentCache full:https://registry.npmjs.org/@jridgewell%2fgen-mapping set size:80719 disposed:false
714 http fetch GET 200 https://registry.npmjs.org/@babel%2fhelper-globals 67ms (cache miss)
715 silly packumentCache full:https://registry.npmjs.org/@babel%2fhelper-globals set size:undefined disposed:false
716 http fetch GET 200 https://registry.npmjs.org/@babel%2fhelper-validator-identifier 72ms (cache miss)
717 silly packumentCache full:https://registry.npmjs.org/@babel%2fhelper-validator-identifier set size:undefined disposed:false
718 http fetch GET 200 https://registry.npmjs.org/@jridgewell%2ftrace-mapping 65ms (cache miss)
719 silly packumentCache full:https://registry.npmjs.org/@jridgewell%2ftrace-mapping set size:undefined disposed:false
720 http fetch GET 200 https://registry.npmjs.org/ms 66ms (cache miss)
721 silly packumentCache full:https://registry.npmjs.org/ms set size:undefined disposed:false
722 http fetch GET 200 https://registry.npmjs.org/@babel%2fhelper-string-parser 84ms (cache miss)
723 silly packumentCache full:https://registry.npmjs.org/@babel%2fhelper-string-parser set size:undefined disposed:false
724 silly placeDep ROOT @babel/helper-validator-identifier@7.28.5 OK for: @babel/code-frame@7.29.0 want: ^7.28.5
725 silly placeDep ROOT js-tokens@4.0.0 OK for: @babel/code-frame@7.29.0 want: ^4.0.0
726 silly placeDep ROOT picocolors@1.1.1 OK for: @babel/code-frame@7.29.0 want: ^1.1.1
727 silly placeDep ROOT @jridgewell/gen-mapping@0.3.13 OK for: @babel/generator@7.29.1 want: ^0.3.12
728 silly placeDep ROOT @jridgewell/trace-mapping@0.3.31 OK for: @babel/generator@7.29.1 want: ^0.3.28
729 silly placeDep ROOT jsesc@3.1.0 OK for: @babel/generator@7.29.1 want: ^3.0.2
730 silly fetch manifest @jridgewell/sourcemap-codec@^1.5.0
731 silly packumentCache full:https://registry.npmjs.org/@jridgewell%2fsourcemap-codec cache-miss
732 silly fetch manifest @jridgewell/resolve-uri@^3.1.0
733 silly packumentCache full:https://registry.npmjs.org/@jridgewell%2fresolve-uri cache-miss
734 silly fetch manifest @jridgewell/sourcemap-codec@^1.4.14
735 silly packumentCache full:https://registry.npmjs.org/@jridgewell%2fsourcemap-codec cache-miss
736 http fetch GET 200 https://registry.npmjs.org/@jridgewell%2fresolve-uri 47ms (cache miss)
737 silly packumentCache full:https://registry.npmjs.org/@jridgewell%2fresolve-uri set size:undefined disposed:false
738 http fetch GET 200 https://registry.npmjs.org/@jridgewell%2fsourcemap-codec 49ms (cache miss)
739 silly packumentCache full:https://registry.npmjs.org/@jridgewell%2fsourcemap-codec set size:undefined disposed:false
740 http fetch GET 200 https://registry.npmjs.org/@jridgewell%2fsourcemap-codec 50ms (cache miss)
741 silly packumentCache full:https://registry.npmjs.org/@jridgewell%2fsourcemap-codec set size:undefined disposed:false
742 silly placeDep ROOT @babel/compat-data@7.29.0 OK for: @babel/helper-compilation-targets@7.28.6 want: ^7.28.6
743 silly placeDep ROOT @babel/helper-validator-option@7.27.1 OK for: @babel/helper-compilation-targets@7.28.6 want: ^7.27.1
744 silly placeDep ROOT browserslist@4.28.2 OK for: @babel/helper-compilation-targets@7.28.6 want: ^4.24.0
745 silly placeDep ROOT lru-cache@5.1.1 OK for: @babel/helper-compilation-targets@7.28.6 want: ^5.1.1
746 silly fetch manifest baseline-browser-mapping@^2.10.12
747 silly packumentCache full:https://registry.npmjs.org/baseline-browser-mapping cache-miss
748 silly fetch manifest caniuse-lite@^1.0.30001782
749 silly packumentCache full:https://registry.npmjs.org/caniuse-lite cache-miss
750 silly fetch manifest electron-to-chromium@^1.5.328
751 silly packumentCache full:https://registry.npmjs.org/electron-to-chromium cache-miss
752 silly fetch manifest node-releases@^2.0.36
753 silly packumentCache full:https://registry.npmjs.org/node-releases cache-miss
754 silly fetch manifest update-browserslist-db@^1.2.3
755 silly packumentCache full:https://registry.npmjs.org/update-browserslist-db cache-miss
756 silly fetch manifest yallist@^3.0.2
757 silly packumentCache full:https://registry.npmjs.org/yallist cache-miss
758 http cache https://registry.npmjs.org/caniuse-lite 22ms (cache hit)
759 silly packumentCache full:https://registry.npmjs.org/caniuse-lite set size:2289092 disposed:false
760 http fetch GET 200 https://registry.npmjs.org/update-browserslist-db 50ms (cache miss)
761 silly packumentCache full:https://registry.npmjs.org/update-browserslist-db set size:undefined disposed:false
762 http fetch GET 200 https://registry.npmjs.org/node-releases 58ms (cache miss)
763 silly packumentCache full:https://registry.npmjs.org/node-releases set size:undefined disposed:false
764 http fetch GET 200 https://registry.npmjs.org/yallist 61ms (cache miss)
765 silly packumentCache full:https://registry.npmjs.org/yallist set size:undefined disposed:false
766 http fetch GET 200 https://registry.npmjs.org/baseline-browser-mapping 65ms (cache miss)
767 silly packumentCache full:https://registry.npmjs.org/baseline-browser-mapping set size:undefined disposed:false
768 http fetch GET 200 https://registry.npmjs.org/electron-to-chromium 179ms (cache miss)
769 silly packumentCache full:https://registry.npmjs.org/electron-to-chromium set size:undefined disposed:false
770 silly placeDep ROOT @babel/helper-module-imports@7.28.6 OK for: @babel/helper-module-transforms@7.28.6 want: ^7.28.6
771 silly placeDep ROOT @babel/helper-plugin-utils@7.28.6 OK for: @babel/plugin-transform-react-jsx-self@7.27.1 want: ^7.27.1
772 silly placeDep ROOT @babel/helper-globals@7.28.0 OK for: @babel/traverse@7.29.0 want: ^7.28.0
773 silly placeDep ROOT @babel/helper-string-parser@7.27.1 OK for: @babel/types@7.29.0 want: ^7.27.1
774 silly placeDep ROOT @jridgewell/sourcemap-codec@1.5.5 OK for: @jridgewell/gen-mapping@0.3.13 want: ^1.5.0
775 silly placeDep ROOT @jridgewell/resolve-uri@3.1.2 OK for: @jridgewell/trace-mapping@0.3.31 want: ^3.1.0
776 silly placeDep ROOT @types/babel__generator@7.27.0 OK for: @types/babel__core@7.20.5 want: *
777 silly placeDep ROOT @types/babel__template@7.4.4 OK for: @types/babel__core@7.20.5 want: *
778 silly placeDep ROOT @types/babel__traverse@7.28.0 OK for: @types/babel__core@7.20.5 want: *
779 silly placeDep ROOT caniuse-lite@1.0.30001791 OK for: autoprefixer@10.5.0 want: ^1.0.30001787
780 silly placeDep ROOT fraction.js@5.3.4 OK for: autoprefixer@10.5.0 want: ^5.3.4
781 silly placeDep ROOT postcss-value-parser@4.2.0 OK for: autoprefixer@10.5.0 want: ^4.2.0
782 silly placeDep ROOT follow-redirects@1.16.0 OK for: axios@1.15.2 want: ^1.15.11
783 silly placeDep ROOT form-data@4.0.5 OK for: axios@1.15.2 want: ^4.0.5
784 silly placeDep ROOT proxy-from-env@2.1.0 OK for: axios@1.15.2 want: ^2.1.0
785 silly fetch manifest asynckit@^0.4.0
786 silly packumentCache full:https://registry.npmjs.org/asynckit cache-miss
787 silly fetch manifest combined-stream@^1.0.8
788 silly packumentCache full:https://registry.npmjs.org/combined-stream cache-miss
789 silly fetch manifest es-set-tostringtag@^2.1.0
790 silly packumentCache full:https://registry.npmjs.org/es-set-tostringtag cache-miss
791 silly fetch manifest mime-types@^2.1.12
792 silly packumentCache full:https://registry.npmjs.org/mime-types cache-miss
793 http fetch GET 200 https://registry.npmjs.org/combined-stream 33ms (cache miss)
794 silly packumentCache full:https://registry.npmjs.org/combined-stream set size:undefined disposed:false
795 http fetch GET 200 https://registry.npmjs.org/asynckit 35ms (cache miss)
796 silly packumentCache full:https://registry.npmjs.org/asynckit set size:undefined disposed:false
797 http fetch GET 200 https://registry.npmjs.org/es-set-tostringtag 36ms (cache miss)
798 silly packumentCache full:https://registry.npmjs.org/es-set-tostringtag set size:undefined disposed:false
799 http fetch GET 200 https://registry.npmjs.org/mime-types 44ms (cache miss)
800 silly packumentCache full:https://registry.npmjs.org/mime-types set size:undefined disposed:false
801 silly fetch manifest browserslist@>= 4.21.0
802 silly packumentCache full:https://registry.npmjs.org/browserslist cache-hit
803 silly placeDep ROOT baseline-browser-mapping@2.10.24 OK for: browserslist@4.28.2 want: ^2.10.12
804 silly placeDep ROOT electron-to-chromium@1.5.345 OK for: browserslist@4.28.2 want: ^1.5.328
805 silly placeDep ROOT node-releases@2.0.38 OK for: browserslist@4.28.2 want: ^2.0.36
806 silly placeDep ROOT update-browserslist-db@1.2.3 OK for: browserslist@4.28.2 want: ^1.2.3
807 silly fetch manifest escalade@^3.2.0
808 silly packumentCache full:https://registry.npmjs.org/escalade cache-miss
809 http fetch GET 200 https://registry.npmjs.org/escalade 27ms (cache miss)
810 silly packumentCache full:https://registry.npmjs.org/escalade set size:undefined disposed:false
811 silly placeDep ROOT ms@2.1.3 OK for: debug@4.4.3 want: ^2.1.3
812 silly fetch manifest eslint@^6.0.0 || ^7.0.0 || >=8.0.0
813 silly packumentCache full:https://registry.npmjs.org/eslint cache-miss
814 http cache https://registry.npmjs.org/eslint 13ms (cache hit)
815 silly packumentCache full:https://registry.npmjs.org/eslint set size:1983515 disposed:false
816 silly fetch manifest jiti@*
817 silly packumentCache full:https://registry.npmjs.org/jiti cache-miss
818 http cache https://registry.npmjs.org/jiti 8ms (cache hit)
819 silly packumentCache full:https://registry.npmjs.org/jiti set size:382310 disposed:false
820 silly placeDep ROOT @eslint-community/eslint-utils@4.9.1 OK for: eslint@8.57.1 want: ^4.2.0
821 silly placeDep ROOT @eslint-community/regexpp@4.12.2 OK for: eslint@8.57.1 want: ^4.6.1
822 silly placeDep ROOT @eslint/eslintrc@2.1.4 OK for: eslint@8.57.1 want: ^2.1.4
823 silly placeDep ROOT @eslint/js@8.57.1 OK for: eslint@8.57.1 want: 8.57.1
824 silly placeDep ROOT @humanwhocodes/config-array@0.13.0 OK for: eslint@8.57.1 want: ^0.13.0
825 silly placeDep ROOT @humanwhocodes/module-importer@1.0.1 OK for: eslint@8.57.1 want: ^1.0.1
826 silly placeDep ROOT @nodelib/fs.walk@1.2.8 OK for: eslint@8.57.1 want: ^1.2.8
827 silly placeDep ROOT @ungap/structured-clone@1.3.0 OK for: eslint@8.57.1 want: ^1.2.0
828 silly placeDep ROOT ajv@6.15.0 OK for: eslint@8.57.1 want: ^6.12.4
829 silly placeDep ROOT chalk@4.1.2 OK for: eslint@8.57.1 want: ^4.0.0
830 silly placeDep ROOT cross-spawn@7.0.6 OK for: eslint@8.57.1 want: ^7.0.2
831 silly placeDep ROOT doctrine@3.0.0 OK for: eslint@8.57.1 want: ^3.0.0
832 silly placeDep ROOT escape-string-regexp@4.0.0 OK for: eslint@8.57.1 want: ^4.0.0
833 silly placeDep ROOT eslint-scope@7.2.2 OK for: eslint@8.57.1 want: ^7.2.2
834 silly placeDep ROOT eslint-visitor-keys@3.4.3 OK for: eslint@8.57.1 want: ^3.4.3
835 silly placeDep ROOT espree@9.6.1 OK for: eslint@8.57.1 want: ^9.6.1
836 silly placeDep ROOT esquery@1.7.0 OK for: eslint@8.57.1 want: ^1.4.2
837 silly placeDep ROOT esutils@2.0.3 OK for: eslint@8.57.1 want: ^2.0.2
838 silly placeDep ROOT fast-deep-equal@3.1.3 OK for: eslint@8.57.1 want: ^3.1.3
839 silly placeDep ROOT file-entry-cache@6.0.1 OK for: eslint@8.57.1 want: ^6.0.1
840 silly placeDep ROOT find-up@5.0.0 OK for: eslint@8.57.1 want: ^5.0.0
841 silly placeDep ROOT glob-parent@6.0.2 OK for: eslint@8.57.1 want: ^6.0.2
842 silly placeDep ROOT globals@13.24.0 OK for: eslint@8.57.1 want: ^13.19.0
843 silly placeDep ROOT graphemer@1.4.0 OK for: eslint@8.57.1 want: ^1.4.0
844 silly placeDep ROOT ignore@5.3.2 OK for: eslint@8.57.1 want: ^5.2.0
845 silly placeDep ROOT imurmurhash@0.1.4 OK for: eslint@8.57.1 want: ^0.1.4
846 silly placeDep ROOT is-glob@4.0.3 OK for: eslint@8.57.1 want: ^4.0.0
847 silly placeDep ROOT is-path-inside@3.0.3 OK for: eslint@8.57.1 want: ^3.0.3
848 silly placeDep ROOT js-yaml@4.1.1 OK for: eslint@8.57.1 want: ^4.1.0
849 silly placeDep ROOT json-stable-stringify-without-jsonify@1.0.1 OK for: eslint@8.57.1 want: ^1.0.1
850 silly placeDep ROOT levn@0.4.1 OK for: eslint@8.57.1 want: ^0.4.1
851 silly placeDep ROOT lodash.merge@4.6.2 OK for: eslint@8.57.1 want: ^4.6.2
852 silly placeDep ROOT minimatch@3.1.5 OK for: eslint@8.57.1 want: ^3.1.2
853 silly placeDep ROOT natural-compare@1.4.0 OK for: eslint@8.57.1 want: ^1.4.0
854 silly placeDep ROOT optionator@0.9.4 OK for: eslint@8.57.1 want: ^0.9.3
855 silly placeDep ROOT strip-ansi@6.0.1 OK for: eslint@8.57.1 want: ^6.0.1
856 silly placeDep ROOT text-table@0.2.0 OK for: eslint@8.57.1 want: ^0.2.0
857 silly fetch manifest espree@^9.6.0
858 silly packumentCache full:https://registry.npmjs.org/espree cache-miss
859 silly fetch manifest import-fresh@^3.2.1
860 silly packumentCache full:https://registry.npmjs.org/import-fresh cache-miss
861 silly fetch manifest strip-json-comments@^3.1.1
862 silly packumentCache full:https://registry.npmjs.org/strip-json-comments cache-miss
863 silly fetch manifest minimatch@^3.0.5
864 silly packumentCache full:https://registry.npmjs.org/minimatch cache-miss
865 silly fetch manifest @humanwhocodes/object-schema@^2.0.3
866 silly packumentCache full:https://registry.npmjs.org/@humanwhocodes%2fobject-schema cache-miss
867 silly fetch manifest fastq@^1.6.0
868 silly packumentCache full:https://registry.npmjs.org/fastq cache-miss
869 silly fetch manifest @nodelib/fs.scandir@2.1.5
870 silly packumentCache full:https://registry.npmjs.org/@nodelib%2ffs.scandir cache-miss
871 silly fetch manifest uri-js@^4.2.2
872 silly packumentCache full:https://registry.npmjs.org/uri-js cache-miss
873 silly fetch manifest fast-deep-equal@^3.1.1
874 silly packumentCache full:https://registry.npmjs.org/fast-deep-equal cache-miss
875 silly fetch manifest json-schema-traverse@^0.4.1
876 silly packumentCache full:https://registry.npmjs.org/json-schema-traverse cache-miss
877 silly fetch manifest fast-json-stable-stringify@^2.0.0
878 silly packumentCache full:https://registry.npmjs.org/fast-json-stable-stringify cache-miss
879 http cache https://registry.npmjs.org/espree 15ms (cache hit)
880 silly packumentCache full:https://registry.npmjs.org/espree set size:326080 disposed:false
881 silly fetch manifest ansi-styles@^4.1.0
882 silly packumentCache full:https://registry.npmjs.org/ansi-styles cache-miss
883 http cache https://registry.npmjs.org/fast-deep-equal 17ms (cache hit)
884 silly packumentCache full:https://registry.npmjs.org/fast-deep-equal set size:48634 disposed:false
885 silly fetch manifest supports-color@^7.1.0
886 silly packumentCache full:https://registry.npmjs.org/supports-color cache-miss
887 http cache https://registry.npmjs.org/minimatch 22ms (cache hit)
888 silly packumentCache full:https://registry.npmjs.org/minimatch set size:375282 disposed:false
889 silly fetch manifest which@^2.0.1
890 silly packumentCache full:https://registry.npmjs.org/which cache-miss
891 http fetch GET 200 https://registry.npmjs.org/json-schema-traverse 45ms (cache miss)
892 silly packumentCache full:https://registry.npmjs.org/json-schema-traverse set size:undefined disposed:false
893 silly fetch manifest path-key@^3.1.0
894 silly packumentCache full:https://registry.npmjs.org/path-key cache-miss
895 http fetch GET 200 https://registry.npmjs.org/import-fresh 56ms (cache miss)
896 silly packumentCache full:https://registry.npmjs.org/import-fresh set size:undefined disposed:false
897 silly fetch manifest shebang-command@^2.0.0
898 silly packumentCache full:https://registry.npmjs.org/shebang-command cache-miss
899 http fetch GET 200 https://registry.npmjs.org/fast-json-stable-stringify 57ms (cache miss)
900 silly packumentCache full:https://registry.npmjs.org/fast-json-stable-stringify set size:undefined disposed:false
901 silly fetch manifest esrecurse@^4.3.0
902 silly packumentCache full:https://registry.npmjs.org/esrecurse cache-miss
903 http fetch GET 200 https://registry.npmjs.org/strip-json-comments 62ms (cache miss)
904 silly packumentCache full:https://registry.npmjs.org/strip-json-comments set size:undefined disposed:false
905 silly fetch manifest estraverse@^5.2.0
906 silly packumentCache full:https://registry.npmjs.org/estraverse cache-miss
907 http fetch GET 200 https://registry.npmjs.org/uri-js 65ms (cache miss)
908 silly packumentCache full:https://registry.npmjs.org/uri-js set size:undefined disposed:false
909 silly fetch manifest acorn@^8.9.0
910 silly packumentCache full:https://registry.npmjs.org/acorn cache-miss
911 http fetch GET 200 https://registry.npmjs.org/fastq 73ms (cache miss)
912 silly packumentCache full:https://registry.npmjs.org/fastq set size:undefined disposed:false
913 silly fetch manifest acorn-jsx@^5.3.2
914 silly packumentCache full:https://registry.npmjs.org/acorn-jsx cache-miss
915 http fetch GET 200 https://registry.npmjs.org/@humanwhocodes%2fobject-schema 85ms (cache miss)
916 silly packumentCache full:https://registry.npmjs.org/@humanwhocodes%2fobject-schema set size:undefined disposed:false
917 silly fetch manifest estraverse@^5.1.0
918 silly packumentCache full:https://registry.npmjs.org/estraverse cache-miss
919 http fetch GET 200 https://registry.npmjs.org/which 61ms (cache miss)
920 silly packumentCache full:https://registry.npmjs.org/which set size:undefined disposed:false
921 silly fetch manifest flat-cache@^3.0.4
922 silly packumentCache full:https://registry.npmjs.org/flat-cache cache-miss
923 http cache https://registry.npmjs.org/estraverse 32ms (cache hit)
924 silly packumentCache full:https://registry.npmjs.org/estraverse set size:62412 disposed:false
925 silly fetch manifest locate-path@^6.0.0
926 silly packumentCache full:https://registry.npmjs.org/locate-path cache-miss
927 http fetch GET 200 https://registry.npmjs.org/@nodelib%2ffs.scandir 102ms (cache miss)
928 silly packumentCache full:https://registry.npmjs.org/@nodelib%2ffs.scandir set size:undefined disposed:false
929 silly fetch manifest path-exists@^4.0.0
930 silly packumentCache full:https://registry.npmjs.org/path-exists cache-miss
931 http fetch GET 200 https://registry.npmjs.org/ansi-styles 88ms (cache miss)
932 silly packumentCache full:https://registry.npmjs.org/ansi-styles set size:undefined disposed:false
933 silly fetch manifest type-fest@^0.20.2
934 silly packumentCache full:https://registry.npmjs.org/type-fest cache-miss
935 http fetch GET 200 https://registry.npmjs.org/supports-color 89ms (cache miss)
936 silly packumentCache full:https://registry.npmjs.org/supports-color set size:undefined disposed:false
937 silly fetch manifest is-extglob@^2.1.1
938 silly packumentCache full:https://registry.npmjs.org/is-extglob cache-miss
939 http fetch GET 200 https://registry.npmjs.org/path-key 71ms (cache miss)
940 silly packumentCache full:https://registry.npmjs.org/path-key set size:undefined disposed:false
941 silly fetch manifest argparse@^2.0.1
942 silly packumentCache full:https://registry.npmjs.org/argparse cache-miss
943 http fetch GET 200 https://registry.npmjs.org/shebang-command 74ms (cache miss)
944 silly packumentCache full:https://registry.npmjs.org/shebang-command set size:undefined disposed:false
945 silly fetch manifest prelude-ls@^1.2.1
946 silly packumentCache full:https://registry.npmjs.org/prelude-ls cache-miss
947 http fetch GET 200 https://registry.npmjs.org/esrecurse 78ms (cache miss)
948 silly packumentCache full:https://registry.npmjs.org/esrecurse set size:undefined disposed:false
949 silly fetch manifest type-check@~0.4.0
950 silly packumentCache full:https://registry.npmjs.org/type-check cache-miss
951 http cache https://registry.npmjs.org/estraverse 58ms (cache hit)
952 silly packumentCache full:https://registry.npmjs.org/estraverse set size:62412 disposed:false
953 silly packumentCache full:https://registry.npmjs.org/estraverse dispose
954 silly fetch manifest brace-expansion@^1.1.7
955 silly packumentCache full:https://registry.npmjs.org/brace-expansion cache-miss
956 http fetch GET 200 https://registry.npmjs.org/locate-path 93ms (cache miss)
957 silly packumentCache full:https://registry.npmjs.org/locate-path set size:undefined disposed:false
958 silly fetch manifest prelude-ls@^1.2.1
959 silly packumentCache full:https://registry.npmjs.org/prelude-ls cache-miss
960 http fetch GET 200 https://registry.npmjs.org/acorn-jsx 119ms (cache miss)
961 silly packumentCache full:https://registry.npmjs.org/acorn-jsx set size:undefined disposed:false
962 silly fetch manifest deep-is@^0.1.3
963 silly packumentCache full:https://registry.npmjs.org/deep-is cache-miss
964 http fetch GET 200 https://registry.npmjs.org/is-extglob 94ms (cache miss)
965 silly packumentCache full:https://registry.npmjs.org/is-extglob set size:undefined disposed:false
966 silly fetch manifest word-wrap@^1.2.5
967 silly packumentCache full:https://registry.npmjs.org/word-wrap cache-miss
968 http fetch GET 200 https://registry.npmjs.org/path-exists 106ms (cache miss)
969 silly packumentCache full:https://registry.npmjs.org/path-exists set size:undefined disposed:false
970 silly fetch manifest type-check@^0.4.0
971 silly packumentCache full:https://registry.npmjs.org/type-check cache-miss
972 http fetch GET 200 https://registry.npmjs.org/prelude-ls 82ms (cache miss)
973 silly packumentCache full:https://registry.npmjs.org/prelude-ls set size:undefined disposed:false
974 silly fetch manifest fast-levenshtein@^2.0.6
975 silly packumentCache full:https://registry.npmjs.org/fast-levenshtein cache-miss
976 http fetch GET 200 https://registry.npmjs.org/flat-cache 130ms (cache miss)
977 silly packumentCache full:https://registry.npmjs.org/flat-cache set size:undefined disposed:false
978 silly fetch manifest ansi-regex@^5.0.1
979 silly packumentCache full:https://registry.npmjs.org/ansi-regex cache-miss
980 http fetch GET 200 https://registry.npmjs.org/type-check 88ms (cache miss)
981 silly packumentCache full:https://registry.npmjs.org/type-check set size:undefined disposed:false
982 http fetch GET 200 https://registry.npmjs.org/argparse 110ms (cache miss)
983 silly packumentCache full:https://registry.npmjs.org/argparse set size:undefined disposed:false
984 http fetch GET 200 https://registry.npmjs.org/acorn 165ms (cache miss)
985 silly packumentCache full:https://registry.npmjs.org/acorn set size:undefined disposed:false
986 http fetch GET 200 https://registry.npmjs.org/brace-expansion 95ms (cache miss)
987 silly packumentCache full:https://registry.npmjs.org/brace-expansion set size:undefined disposed:false
988 http fetch GET 200 https://registry.npmjs.org/prelude-ls 62ms (cache miss)
989 silly packumentCache full:https://registry.npmjs.org/prelude-ls set size:undefined disposed:false
990 http fetch GET 200 https://registry.npmjs.org/type-check 46ms (cache miss)
991 silly packumentCache full:https://registry.npmjs.org/type-check set size:undefined disposed:false
992 http fetch GET 200 https://registry.npmjs.org/word-wrap 52ms (cache miss)
993 silly packumentCache full:https://registry.npmjs.org/word-wrap set size:undefined disposed:false
994 http fetch GET 200 https://registry.npmjs.org/deep-is 65ms (cache miss)
995 silly packumentCache full:https://registry.npmjs.org/deep-is set size:undefined disposed:false
996 http fetch GET 200 https://registry.npmjs.org/fast-levenshtein 46ms (cache miss)
997 silly packumentCache full:https://registry.npmjs.org/fast-levenshtein set size:undefined disposed:false
998 http fetch GET 200 https://registry.npmjs.org/type-fest 159ms (cache miss)
999 silly packumentCache full:https://registry.npmjs.org/type-fest set size:undefined disposed:false
1000 http fetch GET 200 https://registry.npmjs.org/ansi-regex 62ms (cache miss)
1001 silly packumentCache full:https://registry.npmjs.org/ansi-regex set size:undefined disposed:false
1002 silly placeDep ROOT import-fresh@3.3.1 OK for: @eslint/eslintrc@2.1.4 want: ^3.2.1
1003 silly placeDep ROOT strip-json-comments@3.1.1 OK for: @eslint/eslintrc@2.1.4 want: ^3.1.1
1004 silly fetch manifest resolve-from@^4.0.0
1005 silly packumentCache full:https://registry.npmjs.org/resolve-from cache-miss
1006 silly fetch manifest parent-module@^1.0.0
1007 silly packumentCache full:https://registry.npmjs.org/parent-module cache-miss
1008 http fetch GET 200 https://registry.npmjs.org/resolve-from 32ms (cache miss)
1009 silly packumentCache full:https://registry.npmjs.org/resolve-from set size:undefined disposed:false
1010 http fetch GET 200 https://registry.npmjs.org/parent-module 32ms (cache miss)
1011 silly packumentCache full:https://registry.npmjs.org/parent-module set size:undefined disposed:false
1012 silly placeDep ROOT @humanwhocodes/object-schema@2.0.3 OK for: @humanwhocodes/config-array@0.13.0 want: ^2.0.3
1013 silly placeDep ROOT @nodelib/fs.scandir@2.1.5 OK for: @nodelib/fs.walk@1.2.8 want: 2.1.5
1014 silly placeDep ROOT fastq@1.20.1 OK for: @nodelib/fs.walk@1.2.8 want: ^1.6.0
1015 silly fetch manifest run-parallel@^1.1.9
1016 silly packumentCache full:https://registry.npmjs.org/run-parallel cache-miss
1017 silly fetch manifest @nodelib/fs.stat@2.0.5
1018 silly packumentCache full:https://registry.npmjs.org/@nodelib%2ffs.stat cache-miss
1019 silly fetch manifest reusify@^1.0.4
1020 silly packumentCache full:https://registry.npmjs.org/reusify cache-miss
1021 http fetch GET 200 https://registry.npmjs.org/run-parallel 29ms (cache miss)
1022 silly packumentCache full:https://registry.npmjs.org/run-parallel set size:undefined disposed:false
1023 http fetch GET 200 https://registry.npmjs.org/reusify 44ms (cache miss)
1024 silly packumentCache full:https://registry.npmjs.org/reusify set size:undefined disposed:false
1025 http fetch GET 200 https://registry.npmjs.org/@nodelib%2ffs.stat 50ms (cache miss)
1026 silly packumentCache full:https://registry.npmjs.org/@nodelib%2ffs.stat set size:undefined disposed:false
1027 silly placeDep ROOT @nodelib/fs.stat@2.0.5 OK for: @nodelib/fs.scandir@2.1.5 want: 2.0.5
1028 silly placeDep ROOT run-parallel@1.2.0 OK for: @nodelib/fs.scandir@2.1.5 want: ^1.1.9
1029 silly fetch manifest queue-microtask@^1.2.2
1030 silly packumentCache full:https://registry.npmjs.org/queue-microtask cache-miss
1031 http fetch GET 200 https://registry.npmjs.org/queue-microtask 33ms (cache miss)
1032 silly packumentCache full:https://registry.npmjs.org/queue-microtask set size:undefined disposed:false
1033 silly placeDep ROOT fast-json-stable-stringify@2.1.0 OK for: ajv@6.15.0 want: ^2.0.0
1034 silly placeDep ROOT json-schema-traverse@0.4.1 OK for: ajv@6.15.0 want: ^0.4.1
1035 silly placeDep ROOT uri-js@4.4.1 OK for: ajv@6.15.0 want: ^4.2.2
1036 silly fetch manifest punycode@^2.1.0
1037 silly packumentCache full:https://registry.npmjs.org/punycode cache-miss
1038 http fetch GET 200 https://registry.npmjs.org/punycode 31ms (cache miss)
1039 silly packumentCache full:https://registry.npmjs.org/punycode set size:undefined disposed:false
1040 silly placeDep ROOT ansi-styles@4.3.0 OK for: chalk@4.1.2 want: ^4.1.0
1041 silly placeDep ROOT supports-color@7.2.0 OK for: chalk@4.1.2 want: ^7.1.0
1042 silly fetch manifest color-convert@^2.0.1
1043 silly packumentCache full:https://registry.npmjs.org/color-convert cache-miss
1044 silly fetch manifest has-flag@^4.0.0
1045 silly packumentCache full:https://registry.npmjs.org/has-flag cache-miss
1046 http fetch GET 200 https://registry.npmjs.org/has-flag 28ms (cache miss)
1047 silly packumentCache full:https://registry.npmjs.org/has-flag set size:undefined disposed:false
1048 http fetch GET 200 https://registry.npmjs.org/color-convert 29ms (cache miss)
1049 silly packumentCache full:https://registry.npmjs.org/color-convert set size:undefined disposed:false
1050 silly placeDep ROOT color-convert@2.0.1 OK for: ansi-styles@4.3.0 want: ^2.0.1
1051 silly fetch manifest color-name@~1.1.4
1052 silly packumentCache full:https://registry.npmjs.org/color-name cache-miss
1053 http fetch GET 200 https://registry.npmjs.org/color-name 33ms (cache miss)
1054 silly packumentCache full:https://registry.npmjs.org/color-name set size:undefined disposed:false
1055 silly placeDep ROOT color-name@1.1.4 OK for: color-convert@2.0.1 want: ~1.1.4
1056 silly placeDep ROOT path-key@3.1.1 OK for: cross-spawn@7.0.6 want: ^3.1.0
1057 silly placeDep ROOT shebang-command@2.0.0 OK for: cross-spawn@7.0.6 want: ^2.0.0
1058 silly placeDep ROOT which@2.0.2 OK for: cross-spawn@7.0.6 want: ^2.0.1
1059 silly fetch manifest shebang-regex@^3.0.0
1060 silly packumentCache full:https://registry.npmjs.org/shebang-regex cache-miss
1061 silly fetch manifest isexe@^2.0.0
1062 silly packumentCache full:https://registry.npmjs.org/isexe cache-miss
1063 http fetch GET 200 https://registry.npmjs.org/isexe 33ms (cache miss)
1064 silly packumentCache full:https://registry.npmjs.org/isexe set size:undefined disposed:false
1065 http fetch GET 200 https://registry.npmjs.org/shebang-regex 34ms (cache miss)
1066 silly packumentCache full:https://registry.npmjs.org/shebang-regex set size:undefined disposed:false
1067 silly placeDep ROOT array-includes@3.1.9 OK for: eslint-plugin-react@7.37.5 want: ^3.1.8
1068 silly placeDep ROOT array.prototype.findlast@1.2.5 OK for: eslint-plugin-react@7.37.5 want: ^1.2.5
1069 silly placeDep ROOT array.prototype.flatmap@1.3.3 OK for: eslint-plugin-react@7.37.5 want: ^1.3.3
1070 silly placeDep ROOT array.prototype.tosorted@1.1.4 OK for: eslint-plugin-react@7.37.5 want: ^1.1.4
1071 silly placeDep node_modules/eslint-plugin-react doctrine@2.1.0 OK for: eslint-plugin-react@7.37.5 want: ^2.1.0
1072 silly placeDep ROOT es-iterator-helpers@1.3.2 OK for: eslint-plugin-react@7.37.5 want: ^1.2.1
1073 silly placeDep ROOT estraverse@5.3.0 OK for: eslint-plugin-react@7.37.5 want: ^5.3.0
1074 silly placeDep ROOT hasown@2.0.3 OK for: eslint-plugin-react@7.37.5 want: ^2.0.2
1075 silly placeDep ROOT jsx-ast-utils@3.3.5 OK for: eslint-plugin-react@7.37.5 want: ^2.4.1 || ^3.0.0
1076 silly placeDep ROOT object.entries@1.1.9 OK for: eslint-plugin-react@7.37.5 want: ^1.1.9
1077 silly placeDep ROOT object.fromentries@2.0.8 OK for: eslint-plugin-react@7.37.5 want: ^2.0.8
1078 silly placeDep ROOT object.values@1.2.1 OK for: eslint-plugin-react@7.37.5 want: ^1.2.1
1079 silly placeDep ROOT prop-types@15.8.1 OK for: eslint-plugin-react@7.37.5 want: ^15.8.1
1080 silly placeDep ROOT resolve@2.0.0-next.6 OK for: eslint-plugin-react@7.37.5 want: ^2.0.0-next.5
1081 silly placeDep ROOT string.prototype.matchall@4.0.12 OK for: eslint-plugin-react@7.37.5 want: ^4.0.12
1082 silly placeDep ROOT string.prototype.repeat@1.0.0 OK for: eslint-plugin-react@7.37.5 want: ^1.0.0
1083 silly fetch manifest call-bind@^1.0.8
1084 silly packumentCache full:https://registry.npmjs.org/call-bind cache-miss
1085 silly fetch manifest call-bound@^1.0.4
1086 silly packumentCache full:https://registry.npmjs.org/call-bound cache-miss
1087 silly fetch manifest define-properties@^1.2.1
1088 silly packumentCache full:https://registry.npmjs.org/define-properties cache-miss
1089 silly fetch manifest es-abstract@^1.24.0
1090 silly packumentCache full:https://registry.npmjs.org/es-abstract cache-miss
1091 silly fetch manifest es-object-atoms@^1.1.1
1092 silly packumentCache full:https://registry.npmjs.org/es-object-atoms cache-miss
1093 silly fetch manifest get-intrinsic@^1.3.0
1094 silly packumentCache full:https://registry.npmjs.org/get-intrinsic cache-miss
1095 silly fetch manifest is-string@^1.1.1
1096 silly packumentCache full:https://registry.npmjs.org/is-string cache-miss
1097 silly fetch manifest math-intrinsics@^1.1.0
1098 silly packumentCache full:https://registry.npmjs.org/math-intrinsics cache-miss
1099 silly fetch manifest call-bind@^1.0.7
1100 silly packumentCache full:https://registry.npmjs.org/call-bind cache-miss
1101 silly fetch manifest define-properties@^1.2.1
1102 silly packumentCache full:https://registry.npmjs.org/define-properties cache-miss
1103 silly fetch manifest es-abstract@^1.23.2
1104 silly packumentCache full:https://registry.npmjs.org/es-abstract cache-miss
1105 http fetch GET 200 https://registry.npmjs.org/call-bound 42ms (cache miss)
1106 silly packumentCache full:https://registry.npmjs.org/call-bound set size:undefined disposed:false
1107 silly fetch manifest es-errors@^1.3.0
1108 silly packumentCache full:https://registry.npmjs.org/es-errors cache-miss
1109 http fetch GET 200 https://registry.npmjs.org/call-bind 52ms (cache miss)
1110 silly packumentCache full:https://registry.npmjs.org/call-bind set size:undefined disposed:false
1111 silly fetch manifest es-object-atoms@^1.0.0
1112 silly packumentCache full:https://registry.npmjs.org/es-object-atoms cache-miss
1113 http fetch GET 200 https://registry.npmjs.org/math-intrinsics 57ms (cache miss)
1114 silly packumentCache full:https://registry.npmjs.org/math-intrinsics set size:undefined disposed:false
1115 silly fetch manifest es-shim-unscopables@^1.0.2
1116 silly packumentCache full:https://registry.npmjs.org/es-shim-unscopables cache-miss
1117 http fetch GET 200 https://registry.npmjs.org/is-string 74ms (cache miss)
1118 silly packumentCache full:https://registry.npmjs.org/is-string set size:undefined disposed:false
1119 silly fetch manifest define-properties@^1.2.1
1120 silly packumentCache full:https://registry.npmjs.org/define-properties cache-miss
1121 http fetch GET 200 https://registry.npmjs.org/define-properties 77ms (cache miss)
1122 silly packumentCache full:https://registry.npmjs.org/define-properties set size:undefined disposed:false
1123 silly fetch manifest es-abstract@^1.23.5
1124 silly packumentCache full:https://registry.npmjs.org/es-abstract cache-miss
1125 http fetch GET 200 https://registry.npmjs.org/es-object-atoms 79ms (cache miss)
1126 silly packumentCache full:https://registry.npmjs.org/es-object-atoms set size:undefined disposed:false
1127 silly fetch manifest es-shim-unscopables@^1.0.2
1128 silly packumentCache full:https://registry.npmjs.org/es-shim-unscopables cache-miss
1129 http fetch GET 200 https://registry.npmjs.org/call-bind 84ms (cache miss)
1130 silly packumentCache full:https://registry.npmjs.org/call-bind set size:undefined disposed:false
1131 silly fetch manifest es-abstract@^1.23.3
1132 silly packumentCache full:https://registry.npmjs.org/es-abstract cache-miss
1133 http fetch GET 200 https://registry.npmjs.org/define-properties 86ms (cache miss)
1134 silly packumentCache full:https://registry.npmjs.org/define-properties set size:undefined disposed:false
1135 silly fetch manifest es-errors@^1.3.0
1136 silly packumentCache full:https://registry.npmjs.org/es-errors cache-miss
1137 http fetch GET 200 https://registry.npmjs.org/get-intrinsic 94ms (cache miss)
1138 silly packumentCache full:https://registry.npmjs.org/get-intrinsic set size:undefined disposed:false
1139 silly fetch manifest es-shim-unscopables@^1.0.2
1140 silly packumentCache full:https://registry.npmjs.org/es-shim-unscopables cache-miss
1141 http fetch GET 200 https://registry.npmjs.org/es-errors 67ms (cache miss)
1142 silly packumentCache full:https://registry.npmjs.org/es-errors set size:undefined disposed:false
1143 silly fetch manifest call-bind@^1.0.9
1144 silly packumentCache full:https://registry.npmjs.org/call-bind cache-miss
1145 http fetch GET 200 https://registry.npmjs.org/es-object-atoms 59ms (cache miss)
1146 silly packumentCache full:https://registry.npmjs.org/es-object-atoms set size:undefined disposed:false
1147 silly fetch manifest es-abstract@^1.24.2
1148 silly packumentCache full:https://registry.npmjs.org/es-abstract cache-miss
1149 http cache https://registry.npmjs.org/define-properties 43ms (cache hit)
1150 silly packumentCache full:https://registry.npmjs.org/define-properties set size:31491 disposed:false
1151 silly fetch manifest function-bind@^1.1.2
1152 silly packumentCache full:https://registry.npmjs.org/function-bind cache-miss
1153 http fetch GET 200 https://registry.npmjs.org/es-abstract 126ms (cache miss)
1154 silly packumentCache full:https://registry.npmjs.org/es-abstract set size:undefined disposed:false
1155 silly fetch manifest globalthis@^1.0.4
1156 silly packumentCache full:https://registry.npmjs.org/globalthis cache-miss
1157 http fetch GET 200 https://registry.npmjs.org/es-shim-unscopables 68ms (cache miss)
1158 silly packumentCache full:https://registry.npmjs.org/es-shim-unscopables set size:undefined disposed:false
1159 silly fetch manifest gopd@^1.2.0
1160 silly packumentCache full:https://registry.npmjs.org/gopd cache-miss
1161 http fetch GET 200 https://registry.npmjs.org/es-abstract 143ms (cache miss)
1162 silly packumentCache full:https://registry.npmjs.org/es-abstract set size:undefined disposed:false
1163 silly fetch manifest has-property-descriptors@^1.0.2
1164 silly packumentCache full:https://registry.npmjs.org/has-property-descriptors cache-miss
1165 http fetch GET 200 https://registry.npmjs.org/es-shim-unscopables 75ms (cache miss)
1166 silly packumentCache full:https://registry.npmjs.org/es-shim-unscopables set size:undefined disposed:false
1167 silly fetch manifest has-proto@^1.2.0
1168 silly packumentCache full:https://registry.npmjs.org/has-proto cache-miss
1169 http cache https://registry.npmjs.org/call-bind 58ms (cache hit)
1170 silly packumentCache full:https://registry.npmjs.org/call-bind set size:32985 disposed:false
1171 silly fetch manifest has-symbols@^1.1.0
1172 silly packumentCache full:https://registry.npmjs.org/has-symbols cache-miss
1173 http fetch GET 200 https://registry.npmjs.org/es-errors 87ms (cache miss)
1174 silly packumentCache full:https://registry.npmjs.org/es-errors set size:undefined disposed:false
1175 silly fetch manifest internal-slot@^1.1.0
1176 silly packumentCache full:https://registry.npmjs.org/internal-slot cache-miss
1177 http fetch GET 200 https://registry.npmjs.org/es-shim-unscopables 86ms (cache miss)
1178 silly packumentCache full:https://registry.npmjs.org/es-shim-unscopables set size:undefined disposed:false
1179 silly fetch manifest iterator.prototype@^1.1.5
1180 silly packumentCache full:https://registry.npmjs.org/iterator.prototype cache-miss
1181 http fetch GET 200 https://registry.npmjs.org/es-abstract 116ms (cache miss)
1182 silly packumentCache full:https://registry.npmjs.org/es-abstract set size:undefined disposed:false
1183 silly fetch manifest function-bind@^1.1.2
1184 silly packumentCache full:https://registry.npmjs.org/function-bind cache-miss
1185 http fetch GET 200 https://registry.npmjs.org/function-bind 77ms (cache miss)
1186 silly packumentCache full:https://registry.npmjs.org/function-bind set size:undefined disposed:false
1187 silly fetch manifest array.prototype.flat@^1.3.1
1188 silly packumentCache full:https://registry.npmjs.org/array.prototype.flat cache-miss
1189 http fetch GET 200 https://registry.npmjs.org/gopd 66ms (cache miss)
1190 silly packumentCache full:https://registry.npmjs.org/gopd set size:undefined disposed:false
1191 silly fetch manifest object.assign@^4.1.4
1192 silly packumentCache full:https://registry.npmjs.org/object.assign cache-miss
1193 http fetch GET 200 https://registry.npmjs.org/has-property-descriptors 68ms (cache miss)
1194 silly packumentCache full:https://registry.npmjs.org/has-property-descriptors set size:undefined disposed:false
1195 silly fetch manifest object.values@^1.1.6
1196 silly packumentCache full:https://registry.npmjs.org/object.values cache-miss
1197 http fetch GET 200 https://registry.npmjs.org/globalthis 83ms (cache miss)
1198 silly packumentCache full:https://registry.npmjs.org/globalthis set size:undefined disposed:false
1199 silly fetch manifest call-bound@^1.0.3
1200 silly packumentCache full:https://registry.npmjs.org/call-bound cache-miss
1201 http fetch GET 200 https://registry.npmjs.org/es-abstract 137ms (cache miss)
1202 silly packumentCache full:https://registry.npmjs.org/es-abstract set size:undefined disposed:false
1203 silly fetch manifest loose-envify@^1.4.0
1204 silly packumentCache full:https://registry.npmjs.org/loose-envify cache-miss
1205 http fetch GET 200 https://registry.npmjs.org/has-proto 83ms (cache miss)
1206 silly packumentCache full:https://registry.npmjs.org/has-proto set size:undefined disposed:false
1207 silly fetch manifest object-assign@^4.1.1
1208 silly packumentCache full:https://registry.npmjs.org/object-assign cache-miss
1209 http fetch GET 200 https://registry.npmjs.org/es-abstract 131ms (cache miss)
1210 silly packumentCache full:https://registry.npmjs.org/es-abstract set size:undefined disposed:false
1211 silly fetch manifest react-is@^16.13.1
1212 silly packumentCache full:https://registry.npmjs.org/react-is cache-miss
1213 http fetch GET 200 https://registry.npmjs.org/has-symbols 81ms (cache miss)
1214 silly packumentCache full:https://registry.npmjs.org/has-symbols set size:undefined disposed:false
1215 silly fetch manifest path-parse@^1.0.7
1216 silly packumentCache full:https://registry.npmjs.org/path-parse cache-miss
1217 http fetch GET 200 https://registry.npmjs.org/internal-slot 94ms (cache miss)
1218 silly packumentCache full:https://registry.npmjs.org/internal-slot set size:undefined disposed:false
1219 silly fetch manifest object-keys@^1.1.1
1220 silly packumentCache full:https://registry.npmjs.org/object-keys cache-miss
1221 http fetch GET 200 https://registry.npmjs.org/iterator.prototype 89ms (cache miss)
1222 silly packumentCache full:https://registry.npmjs.org/iterator.prototype set size:undefined disposed:false
1223 silly fetch manifest is-core-module@^2.16.1
1224 silly packumentCache full:https://registry.npmjs.org/is-core-module cache-miss
1225 http cache https://registry.npmjs.org/function-bind 79ms (cache hit)
1226 silly packumentCache full:https://registry.npmjs.org/function-bind set size:15733 disposed:false
1227 silly fetch manifest node-exports-info@^1.6.0
1228 silly packumentCache full:https://registry.npmjs.org/node-exports-info cache-miss
1229 http cache https://registry.npmjs.org/object.values 67ms (cache hit)
1230 silly packumentCache full:https://registry.npmjs.org/object.values set size:49009 disposed:false
1231 silly fetch manifest supports-preserve-symlinks-flag@^1.0.0
1232 silly packumentCache full:https://registry.npmjs.org/supports-preserve-symlinks-flag cache-miss
1233 http cache https://registry.npmjs.org/call-bound 65ms (cache hit)
1234 silly packumentCache full:https://registry.npmjs.org/call-bound set size:15317 disposed:false
1235 silly fetch manifest es-abstract@^1.23.6
1236 silly packumentCache full:https://registry.npmjs.org/es-abstract cache-miss
1237 http cache https://registry.npmjs.org/loose-envify 60ms (cache hit)
1238 silly packumentCache full:https://registry.npmjs.org/loose-envify set size:12559 disposed:false
1239 silly fetch manifest get-intrinsic@^1.2.6
1240 silly packumentCache full:https://registry.npmjs.org/get-intrinsic cache-miss
1241 http fetch GET 200 https://registry.npmjs.org/array.prototype.flat 96ms (cache miss)
1242 silly packumentCache full:https://registry.npmjs.org/array.prototype.flat set size:undefined disposed:false
1243 silly fetch manifest regexp.prototype.flags@^1.5.3
1244 silly packumentCache full:https://registry.npmjs.org/regexp.prototype.flags cache-miss
1245 http fetch GET 200 https://registry.npmjs.org/object.assign 101ms (cache miss)
1246 silly packumentCache full:https://registry.npmjs.org/object.assign set size:undefined disposed:false
1247 silly fetch manifest set-function-name@^2.0.2
1248 silly packumentCache full:https://registry.npmjs.org/set-function-name cache-miss
1249 http fetch GET 200 https://registry.npmjs.org/object-assign 80ms (cache miss)
1250 silly packumentCache full:https://registry.npmjs.org/object-assign set size:undefined disposed:false
1251 silly fetch manifest side-channel@^1.1.0
1252 silly packumentCache full:https://registry.npmjs.org/side-channel cache-miss
1253 http fetch GET 200 https://registry.npmjs.org/path-parse 88ms (cache miss)
1254 silly packumentCache full:https://registry.npmjs.org/path-parse set size:undefined disposed:false
1255 silly fetch manifest define-properties@^1.1.3
1256 silly packumentCache full:https://registry.npmjs.org/define-properties cache-hit
1257 silly fetch manifest es-abstract@^1.17.5
1258 silly packumentCache full:https://registry.npmjs.org/es-abstract cache-miss
1259 http cache https://registry.npmjs.org/es-abstract 62ms (cache hit)
1260 silly packumentCache full:https://registry.npmjs.org/es-abstract set size:384124 disposed:false
1261 http cache https://registry.npmjs.org/get-intrinsic 64ms (cache hit)
1262 silly packumentCache full:https://registry.npmjs.org/get-intrinsic set size:60985 disposed:false
1263 http fetch GET 200 https://registry.npmjs.org/object-keys 91ms (cache miss)
1264 silly packumentCache full:https://registry.npmjs.org/object-keys set size:undefined disposed:false
1265 http fetch GET 200 https://registry.npmjs.org/supports-preserve-symlinks-flag 81ms (cache miss)
1266 silly packumentCache full:https://registry.npmjs.org/supports-preserve-symlinks-flag set size:undefined disposed:false
1267 http fetch GET 200 https://registry.npmjs.org/is-core-module 95ms (cache miss)
1268 silly packumentCache full:https://registry.npmjs.org/is-core-module set size:undefined disposed:false
1269 http fetch GET 200 https://registry.npmjs.org/node-exports-info 93ms (cache miss)
1270 silly packumentCache full:https://registry.npmjs.org/node-exports-info set size:undefined disposed:false
1271 http fetch GET 200 https://registry.npmjs.org/regexp.prototype.flags 85ms (cache miss)
1272 silly packumentCache full:https://registry.npmjs.org/regexp.prototype.flags set size:undefined disposed:false
1273 http fetch GET 200 https://registry.npmjs.org/set-function-name 79ms (cache miss)
1274 silly packumentCache full:https://registry.npmjs.org/set-function-name set size:undefined disposed:false
1275 http cache https://registry.npmjs.org/es-abstract 41ms (cache hit)
1276 silly packumentCache full:https://registry.npmjs.org/es-abstract set size:384124 disposed:false
1277 silly packumentCache full:https://registry.npmjs.org/es-abstract dispose
1278 http fetch GET 200 https://registry.npmjs.org/side-channel 71ms (cache miss)
1279 silly packumentCache full:https://registry.npmjs.org/side-channel set size:undefined disposed:false
1280 http fetch GET 200 https://registry.npmjs.org/react-is 219ms (cache miss)
1281 silly packumentCache full:https://registry.npmjs.org/react-is set size:undefined disposed:false
1282 silly placeDep ROOT call-bind@1.0.9 OK for: array-includes@3.1.9 want: ^1.0.8
1283 silly placeDep ROOT call-bound@1.0.4 OK for: array-includes@3.1.9 want: ^1.0.4
1284 silly placeDep ROOT define-properties@1.2.1 OK for: array-includes@3.1.9 want: ^1.2.1
1285 silly placeDep ROOT es-abstract@1.24.2 OK for: array-includes@3.1.9 want: ^1.24.0
1286 silly placeDep ROOT es-object-atoms@1.1.1 OK for: array-includes@3.1.9 want: ^1.1.1
1287 silly placeDep ROOT get-intrinsic@1.3.0 OK for: array-includes@3.1.9 want: ^1.3.0
1288 silly placeDep ROOT is-string@1.1.1 OK for: array-includes@3.1.9 want: ^1.1.1
1289 silly placeDep ROOT math-intrinsics@1.1.0 OK for: array-includes@3.1.9 want: ^1.1.0
1290 silly fetch manifest call-bind-apply-helpers@^1.0.2
1291 silly packumentCache full:https://registry.npmjs.org/call-bind-apply-helpers cache-miss
1292 silly fetch manifest es-define-property@^1.0.1
1293 silly packumentCache full:https://registry.npmjs.org/es-define-property cache-miss
1294 silly fetch manifest set-function-length@^1.2.2
1295 silly packumentCache full:https://registry.npmjs.org/set-function-length cache-miss
1296 silly fetch manifest call-bind-apply-helpers@^1.0.2
1297 silly packumentCache full:https://registry.npmjs.org/call-bind-apply-helpers cache-miss
1298 silly fetch manifest define-data-property@^1.0.1
1299 silly packumentCache full:https://registry.npmjs.org/define-data-property cache-miss
1300 silly fetch manifest has-property-descriptors@^1.0.0
1301 silly packumentCache full:https://registry.npmjs.org/has-property-descriptors cache-miss
1302 silly fetch manifest array-buffer-byte-length@^1.0.2
1303 silly packumentCache full:https://registry.npmjs.org/array-buffer-byte-length cache-miss
1304 silly fetch manifest arraybuffer.prototype.slice@^1.0.4
1305 silly packumentCache full:https://registry.npmjs.org/arraybuffer.prototype.slice cache-miss
1306 silly fetch manifest available-typed-arrays@^1.0.7
1307 silly packumentCache full:https://registry.npmjs.org/available-typed-arrays cache-miss
1308 silly fetch manifest data-view-buffer@^1.0.2
1309 silly packumentCache full:https://registry.npmjs.org/data-view-buffer cache-miss
1310 silly fetch manifest data-view-byte-length@^1.0.2
1311 silly packumentCache full:https://registry.npmjs.org/data-view-byte-length cache-miss
1312 http cache https://registry.npmjs.org/has-property-descriptors 19ms (cache hit)
1313 silly packumentCache full:https://registry.npmjs.org/has-property-descriptors set size:12452 disposed:false
1314 silly fetch manifest data-view-byte-offset@^1.0.1
1315 silly packumentCache full:https://registry.npmjs.org/data-view-byte-offset cache-miss
1316 http fetch GET 200 https://registry.npmjs.org/define-data-property 45ms (cache miss)
1317 silly packumentCache full:https://registry.npmjs.org/define-data-property set size:undefined disposed:false
1318 silly fetch manifest es-define-property@^1.0.1
1319 silly packumentCache full:https://registry.npmjs.org/es-define-property cache-miss
1320 http fetch GET 200 https://registry.npmjs.org/call-bind-apply-helpers 52ms (cache miss)
1321 silly packumentCache full:https://registry.npmjs.org/call-bind-apply-helpers set size:undefined disposed:false
1322 silly fetch manifest es-to-primitive@^1.3.0
1323 silly packumentCache full:https://registry.npmjs.org/es-to-primitive cache-miss
1324 http fetch GET 200 https://registry.npmjs.org/es-define-property 60ms (cache miss)
1325 silly packumentCache full:https://registry.npmjs.org/es-define-property set size:undefined disposed:false
1326 silly fetch manifest function.prototype.name@^1.1.8
1327 silly packumentCache full:https://registry.npmjs.org/function.prototype.name cache-miss
1328 http fetch GET 200 https://registry.npmjs.org/array-buffer-byte-length 61ms (cache miss)
1329 silly packumentCache full:https://registry.npmjs.org/array-buffer-byte-length set size:undefined disposed:false
1330 silly fetch manifest get-proto@^1.0.1
1331 silly packumentCache full:https://registry.npmjs.org/get-proto cache-miss
1332 http fetch GET 200 https://registry.npmjs.org/arraybuffer.prototype.slice 66ms (cache miss)
1333 silly packumentCache full:https://registry.npmjs.org/arraybuffer.prototype.slice set size:undefined disposed:false
1334 silly fetch manifest get-symbol-description@^1.1.0
1335 silly packumentCache full:https://registry.npmjs.org/get-symbol-description cache-miss
1336 http fetch GET 200 https://registry.npmjs.org/data-view-byte-length 67ms (cache miss)
1337 silly packumentCache full:https://registry.npmjs.org/data-view-byte-length set size:undefined disposed:false
1338 silly fetch manifest is-array-buffer@^3.0.5
1339 silly packumentCache full:https://registry.npmjs.org/is-array-buffer cache-miss
1340 http fetch GET 200 https://registry.npmjs.org/set-function-length 80ms (cache miss)
1341 silly packumentCache full:https://registry.npmjs.org/set-function-length set size:undefined disposed:false
1342 silly fetch manifest is-callable@^1.2.7
1343 silly packumentCache full:https://registry.npmjs.org/is-callable cache-miss
1344 http fetch GET 200 https://registry.npmjs.org/call-bind-apply-helpers 87ms (cache miss)
1345 silly packumentCache full:https://registry.npmjs.org/call-bind-apply-helpers set size:undefined disposed:false
1346 silly fetch manifest is-data-view@^1.0.2
1347 silly packumentCache full:https://registry.npmjs.org/is-data-view cache-miss
1348 http fetch GET 200 https://registry.npmjs.org/available-typed-arrays 87ms (cache miss)
1349 silly packumentCache full:https://registry.npmjs.org/available-typed-arrays set size:undefined disposed:false
1350 silly fetch manifest is-negative-zero@^2.0.3
1351 silly packumentCache full:https://registry.npmjs.org/is-negative-zero cache-miss
1352 http fetch GET 200 https://registry.npmjs.org/data-view-byte-offset 72ms (cache miss)
1353 silly packumentCache full:https://registry.npmjs.org/data-view-byte-offset set size:undefined disposed:false
1354 silly fetch manifest is-regex@^1.2.1
1355 silly packumentCache full:https://registry.npmjs.org/is-regex cache-miss
1356 http fetch GET 200 https://registry.npmjs.org/data-view-buffer 92ms (cache miss)
1357 silly packumentCache full:https://registry.npmjs.org/data-view-buffer set size:undefined disposed:false
1358 silly fetch manifest is-set@^2.0.3
1359 silly packumentCache full:https://registry.npmjs.org/is-set cache-miss
1360 http fetch GET 200 https://registry.npmjs.org/es-define-property 54ms (cache miss)
1361 silly packumentCache full:https://registry.npmjs.org/es-define-property set size:undefined disposed:false
1362 silly fetch manifest is-shared-array-buffer@^1.0.4
1363 silly packumentCache full:https://registry.npmjs.org/is-shared-array-buffer cache-miss
1364 http fetch GET 200 https://registry.npmjs.org/function.prototype.name 54ms (cache miss)
1365 silly packumentCache full:https://registry.npmjs.org/function.prototype.name set size:undefined disposed:false
1366 silly fetch manifest is-typed-array@^1.1.15
1367 silly packumentCache full:https://registry.npmjs.org/is-typed-array cache-miss
1368 http fetch GET 200 https://registry.npmjs.org/get-proto 65ms (cache miss)
1369 silly packumentCache full:https://registry.npmjs.org/get-proto set size:undefined disposed:false
1370 silly fetch manifest is-weakref@^1.1.1
1371 silly packumentCache full:https://registry.npmjs.org/is-weakref cache-miss
1372 http fetch GET 200 https://registry.npmjs.org/is-array-buffer 57ms (cache miss)
1373 silly packumentCache full:https://registry.npmjs.org/is-array-buffer set size:undefined disposed:false
1374 silly fetch manifest object-inspect@^1.13.4
1375 silly packumentCache full:https://registry.npmjs.org/object-inspect cache-miss
1376 http fetch GET 200 https://registry.npmjs.org/get-symbol-description 69ms (cache miss)
1377 silly packumentCache full:https://registry.npmjs.org/get-symbol-description set size:undefined disposed:false
1378 silly fetch manifest object.assign@^4.1.7
1379 silly packumentCache full:https://registry.npmjs.org/object.assign cache-miss
1380 http fetch GET 200 https://registry.npmjs.org/is-callable 66ms (cache miss)
1381 silly packumentCache full:https://registry.npmjs.org/is-callable set size:undefined disposed:false
1382 silly fetch manifest own-keys@^1.0.1
1383 silly packumentCache full:https://registry.npmjs.org/own-keys cache-miss
1384 http fetch GET 200 https://registry.npmjs.org/is-data-view 63ms (cache miss)
1385 silly packumentCache full:https://registry.npmjs.org/is-data-view set size:undefined disposed:false
1386 silly fetch manifest regexp.prototype.flags@^1.5.4
1387 silly packumentCache full:https://registry.npmjs.org/regexp.prototype.flags cache-miss
1388 http fetch GET 200 https://registry.npmjs.org/is-regex 67ms (cache miss)
1389 silly packumentCache full:https://registry.npmjs.org/is-regex set size:undefined disposed:false
1390 silly fetch manifest safe-array-concat@^1.1.3
1391 silly packumentCache full:https://registry.npmjs.org/safe-array-concat cache-miss
1392 http fetch GET 200 https://registry.npmjs.org/is-negative-zero 71ms (cache miss)
1393 silly packumentCache full:https://registry.npmjs.org/is-negative-zero set size:undefined disposed:false
1394 silly fetch manifest safe-push-apply@^1.0.0
1395 silly packumentCache full:https://registry.npmjs.org/safe-push-apply cache-miss
1396 http fetch GET 200 https://registry.npmjs.org/is-shared-array-buffer 63ms (cache miss)
1397 silly packumentCache full:https://registry.npmjs.org/is-shared-array-buffer set size:undefined disposed:false
1398 silly fetch manifest safe-regex-test@^1.1.0
1399 silly packumentCache full:https://registry.npmjs.org/safe-regex-test cache-miss
1400 http fetch GET 200 https://registry.npmjs.org/is-set 79ms (cache miss)
1401 silly packumentCache full:https://registry.npmjs.org/is-set set size:undefined disposed:false
1402 silly fetch manifest set-proto@^1.0.0
1403 silly packumentCache full:https://registry.npmjs.org/set-proto cache-miss
1404 http cache https://registry.npmjs.org/object.assign 42ms (cache hit)
1405 silly packumentCache full:https://registry.npmjs.org/object.assign set size:85907 disposed:false
1406 silly fetch manifest stop-iteration-iterator@^1.1.0
1407 silly packumentCache full:https://registry.npmjs.org/stop-iteration-iterator cache-miss
1408 http fetch GET 200 https://registry.npmjs.org/is-typed-array 69ms (cache miss)
1409 silly packumentCache full:https://registry.npmjs.org/is-typed-array set size:undefined disposed:false
1410 silly fetch manifest string.prototype.trim@^1.2.10
1411 silly packumentCache full:https://registry.npmjs.org/string.prototype.trim cache-miss
1412 http cache https://registry.npmjs.org/regexp.prototype.flags 44ms (cache hit)
1413 silly packumentCache full:https://registry.npmjs.org/regexp.prototype.flags set size:60621 disposed:false
1414 silly fetch manifest string.prototype.trimend@^1.0.9
1415 silly packumentCache full:https://registry.npmjs.org/string.prototype.trimend cache-miss
1416 http fetch GET 200 https://registry.npmjs.org/is-weakref 74ms (cache miss)
1417 silly packumentCache full:https://registry.npmjs.org/is-weakref set size:undefined disposed:false
1418 silly fetch manifest string.prototype.trimstart@^1.0.8
1419 silly packumentCache full:https://registry.npmjs.org/string.prototype.trimstart cache-miss
1420 http fetch GET 200 https://registry.npmjs.org/object-inspect 77ms (cache miss)
1421 silly packumentCache full:https://registry.npmjs.org/object-inspect set size:undefined disposed:false
1422 silly fetch manifest typed-array-buffer@^1.0.3
1423 silly packumentCache full:https://registry.npmjs.org/typed-array-buffer cache-miss
1424 http fetch GET 200 https://registry.npmjs.org/set-proto 45ms (cache miss)
1425 silly packumentCache full:https://registry.npmjs.org/set-proto set size:undefined disposed:false
1426 silly fetch manifest typed-array-byte-length@^1.0.3
1427 silly packumentCache full:https://registry.npmjs.org/typed-array-byte-length cache-miss
1428 http fetch GET 200 https://registry.npmjs.org/own-keys 74ms (cache miss)
1429 silly packumentCache full:https://registry.npmjs.org/own-keys set size:undefined disposed:false
1430 silly fetch manifest typed-array-byte-offset@^1.0.4
1431 silly packumentCache full:https://registry.npmjs.org/typed-array-byte-offset cache-miss
1432 http fetch GET 200 https://registry.npmjs.org/safe-regex-test 59ms (cache miss)
1433 silly packumentCache full:https://registry.npmjs.org/safe-regex-test set size:undefined disposed:false
1434 silly fetch manifest typed-array-length@^1.0.7
1435 silly packumentCache full:https://registry.npmjs.org/typed-array-length cache-miss
1436 http fetch GET 200 https://registry.npmjs.org/safe-push-apply 64ms (cache miss)
1437 silly packumentCache full:https://registry.npmjs.org/safe-push-apply set size:undefined disposed:false
1438 silly fetch manifest unbox-primitive@^1.1.0
1439 silly packumentCache full:https://registry.npmjs.org/unbox-primitive cache-miss
1440 http fetch GET 200 https://registry.npmjs.org/stop-iteration-iterator 49ms (cache miss)
1441 silly packumentCache full:https://registry.npmjs.org/stop-iteration-iterator set size:undefined disposed:false
1442 silly fetch manifest which-typed-array@^1.1.19
1443 silly packumentCache full:https://registry.npmjs.org/which-typed-array cache-miss
1444 http fetch GET 200 https://registry.npmjs.org/string.prototype.trim 57ms (cache miss)
1445 silly packumentCache full:https://registry.npmjs.org/string.prototype.trim set size:undefined disposed:false
1446 silly fetch manifest has-tostringtag@^1.0.2
1447 silly packumentCache full:https://registry.npmjs.org/has-tostringtag cache-miss
1448 http fetch GET 200 https://registry.npmjs.org/string.prototype.trimstart 46ms (cache miss)
1449 silly packumentCache full:https://registry.npmjs.org/string.prototype.trimstart set size:undefined disposed:false
1450 http fetch GET 200 https://registry.npmjs.org/string.prototype.trimend 59ms (cache miss)
1451 silly packumentCache full:https://registry.npmjs.org/string.prototype.trimend set size:undefined disposed:false
1452 http fetch GET 200 https://registry.npmjs.org/typed-array-byte-offset 41ms (cache miss)
1453 silly packumentCache full:https://registry.npmjs.org/typed-array-byte-offset set size:undefined disposed:false
1454 http fetch GET 200 https://registry.npmjs.org/typed-array-buffer 54ms (cache miss)
1455 silly packumentCache full:https://registry.npmjs.org/typed-array-buffer set size:undefined disposed:false
1456 http fetch GET 200 https://registry.npmjs.org/typed-array-byte-length 46ms (cache miss)
1457 silly packumentCache full:https://registry.npmjs.org/typed-array-byte-length set size:undefined disposed:false
1458 http fetch GET 200 https://registry.npmjs.org/typed-array-length 43ms (cache miss)
1459 silly packumentCache full:https://registry.npmjs.org/typed-array-length set size:undefined disposed:false
1460 http fetch GET 200 https://registry.npmjs.org/which-typed-array 40ms (cache miss)
1461 silly packumentCache full:https://registry.npmjs.org/which-typed-array set size:undefined disposed:false
1462 http fetch GET 200 https://registry.npmjs.org/has-tostringtag 37ms (cache miss)
1463 silly packumentCache full:https://registry.npmjs.org/has-tostringtag set size:undefined disposed:false
1464 http fetch GET 200 https://registry.npmjs.org/es-to-primitive 245ms (cache miss)
1465 silly packumentCache full:https://registry.npmjs.org/es-to-primitive set size:undefined disposed:false
1466 http fetch GET 200 https://registry.npmjs.org/safe-array-concat 252ms (cache miss)
1467 silly packumentCache full:https://registry.npmjs.org/safe-array-concat set size:undefined disposed:false
1468 http fetch GET 200 https://registry.npmjs.org/unbox-primitive 248ms (cache miss)
1469 silly packumentCache full:https://registry.npmjs.org/unbox-primitive set size:undefined disposed:false
1470 silly placeDep ROOT es-errors@1.3.0 OK for: array.prototype.findlast@1.2.5 want: ^1.3.0
1471 silly placeDep ROOT es-shim-unscopables@1.1.0 OK for: array.prototype.findlast@1.2.5 want: ^1.0.2
1472 silly placeDep ROOT call-bind-apply-helpers@1.0.2 OK for: call-bind@1.0.9 want: ^1.0.2
1473 silly placeDep ROOT es-define-property@1.0.1 OK for: call-bind@1.0.9 want: ^1.0.1
1474 silly placeDep ROOT set-function-length@1.2.2 OK for: call-bind@1.0.9 want: ^1.2.2
1475 silly fetch manifest define-data-property@^1.1.4
1476 silly packumentCache full:https://registry.npmjs.org/define-data-property cache-miss
1477 silly fetch manifest gopd@^1.0.1
1478 silly packumentCache full:https://registry.npmjs.org/gopd cache-miss
1479 http cache https://registry.npmjs.org/define-data-property 10ms (cache hit)
1480 silly packumentCache full:https://registry.npmjs.org/define-data-property set size:28048 disposed:false
1481 http cache https://registry.npmjs.org/gopd 10ms (cache hit)
1482 silly packumentCache full:https://registry.npmjs.org/gopd set size:11458 disposed:false
1483 silly placeDep ROOT function-bind@1.1.2 OK for: call-bind-apply-helpers@1.0.2 want: ^1.1.2
1484 silly placeDep ROOT define-data-property@1.1.4 OK for: define-properties@1.2.1 want: ^1.0.1
1485 silly placeDep ROOT has-property-descriptors@1.0.2 OK for: define-properties@1.2.1 want: ^1.0.0
1486 silly placeDep ROOT object-keys@1.1.1 OK for: define-properties@1.2.1 want: ^1.1.1
1487 silly placeDep ROOT gopd@1.2.0 OK for: define-data-property@1.1.4 want: ^1.0.1
1488 silly placeDep ROOT array-buffer-byte-length@1.0.2 OK for: es-abstract@1.24.2 want: ^1.0.2
1489 silly placeDep ROOT arraybuffer.prototype.slice@1.0.4 OK for: es-abstract@1.24.2 want: ^1.0.4
1490 silly placeDep ROOT available-typed-arrays@1.0.7 OK for: es-abstract@1.24.2 want: ^1.0.7
1491 silly placeDep ROOT data-view-buffer@1.0.2 OK for: es-abstract@1.24.2 want: ^1.0.2
1492 silly placeDep ROOT data-view-byte-length@1.0.2 OK for: es-abstract@1.24.2 want: ^1.0.2
1493 silly placeDep ROOT data-view-byte-offset@1.0.1 OK for: es-abstract@1.24.2 want: ^1.0.1
1494 silly placeDep ROOT es-set-tostringtag@2.1.0 OK for: es-abstract@1.24.2 want: ^2.1.0
1495 silly placeDep ROOT es-to-primitive@1.3.0 OK for: es-abstract@1.24.2 want: ^1.3.0
1496 silly placeDep ROOT function.prototype.name@1.1.8 OK for: es-abstract@1.24.2 want: ^1.1.8
1497 silly placeDep ROOT get-proto@1.0.1 OK for: es-abstract@1.24.2 want: ^1.0.1
1498 silly placeDep ROOT get-symbol-description@1.1.0 OK for: es-abstract@1.24.2 want: ^1.1.0
1499 silly placeDep ROOT globalthis@1.0.4 OK for: es-abstract@1.24.2 want: ^1.0.4
1500 silly placeDep ROOT has-proto@1.2.0 OK for: es-abstract@1.24.2 want: ^1.2.0
1501 silly placeDep ROOT has-symbols@1.1.0 OK for: es-abstract@1.24.2 want: ^1.1.0
1502 silly placeDep ROOT internal-slot@1.1.0 OK for: es-abstract@1.24.2 want: ^1.1.0
1503 silly placeDep ROOT is-array-buffer@3.0.5 OK for: es-abstract@1.24.2 want: ^3.0.5
1504 silly placeDep ROOT is-callable@1.2.7 OK for: es-abstract@1.24.2 want: ^1.2.7
1505 silly placeDep ROOT is-data-view@1.0.2 OK for: es-abstract@1.24.2 want: ^1.0.2
1506 silly placeDep ROOT is-negative-zero@2.0.3 OK for: es-abstract@1.24.2 want: ^2.0.3
1507 silly placeDep ROOT is-regex@1.2.1 OK for: es-abstract@1.24.2 want: ^1.2.1
1508 silly placeDep ROOT is-set@2.0.3 OK for: es-abstract@1.24.2 want: ^2.0.3
1509 silly placeDep ROOT is-shared-array-buffer@1.0.4 OK for: es-abstract@1.24.2 want: ^1.0.4
1510 silly placeDep ROOT is-typed-array@1.1.15 OK for: es-abstract@1.24.2 want: ^1.1.15
1511 silly placeDep ROOT is-weakref@1.1.1 OK for: es-abstract@1.24.2 want: ^1.1.1
1512 silly placeDep ROOT object-inspect@1.13.4 OK for: es-abstract@1.24.2 want: ^1.13.4
1513 silly placeDep ROOT object.assign@4.1.7 OK for: es-abstract@1.24.2 want: ^4.1.7
1514 silly placeDep ROOT own-keys@1.0.1 OK for: es-abstract@1.24.2 want: ^1.0.1
1515 silly placeDep ROOT regexp.prototype.flags@1.5.4 OK for: es-abstract@1.24.2 want: ^1.5.4
1516 silly placeDep ROOT safe-array-concat@1.1.4 OK for: es-abstract@1.24.2 want: ^1.1.3
1517 silly placeDep ROOT safe-push-apply@1.0.0 OK for: es-abstract@1.24.2 want: ^1.0.0
1518 silly placeDep ROOT safe-regex-test@1.1.0 OK for: es-abstract@1.24.2 want: ^1.1.0
1519 silly placeDep ROOT set-proto@1.0.0 OK for: es-abstract@1.24.2 want: ^1.0.0
1520 silly placeDep ROOT stop-iteration-iterator@1.1.0 OK for: es-abstract@1.24.2 want: ^1.1.0
1521 silly placeDep ROOT string.prototype.trim@1.2.10 OK for: es-abstract@1.24.2 want: ^1.2.10
1522 silly placeDep ROOT string.prototype.trimend@1.0.9 OK for: es-abstract@1.24.2 want: ^1.0.9
1523 silly placeDep ROOT string.prototype.trimstart@1.0.8 OK for: es-abstract@1.24.2 want: ^1.0.8
1524 silly placeDep ROOT typed-array-buffer@1.0.3 OK for: es-abstract@1.24.2 want: ^1.0.3
1525 silly placeDep ROOT typed-array-byte-length@1.0.3 OK for: es-abstract@1.24.2 want: ^1.0.3
1526 silly placeDep ROOT typed-array-byte-offset@1.0.4 OK for: es-abstract@1.24.2 want: ^1.0.4
1527 silly placeDep ROOT typed-array-length@1.0.7 OK for: es-abstract@1.24.2 want: ^1.0.7
1528 silly placeDep ROOT unbox-primitive@1.1.0 OK for: es-abstract@1.24.2 want: ^1.1.0
1529 silly placeDep ROOT which-typed-array@1.1.20 OK for: es-abstract@1.24.2 want: ^1.1.19
1530 silly fetch manifest is-array-buffer@^3.0.4
1531 silly packumentCache full:https://registry.npmjs.org/is-array-buffer cache-miss
1532 silly fetch manifest possible-typed-array-names@^1.0.0
1533 silly packumentCache full:https://registry.npmjs.org/possible-typed-array-names cache-miss
1534 silly fetch manifest is-data-view@^1.0.1
1535 silly packumentCache full:https://registry.npmjs.org/is-data-view cache-miss
1536 silly fetch manifest is-date-object@^1.0.5
1537 silly packumentCache full:https://registry.npmjs.org/is-date-object cache-miss
1538 silly fetch manifest is-symbol@^1.0.4
1539 silly packumentCache full:https://registry.npmjs.org/is-symbol cache-miss
1540 silly fetch manifest functions-have-names@^1.2.3
1541 silly packumentCache full:https://registry.npmjs.org/functions-have-names cache-miss
1542 silly fetch manifest dunder-proto@^1.0.1
1543 silly packumentCache full:https://registry.npmjs.org/dunder-proto cache-miss
1544 silly fetch manifest dunder-proto@^1.0.0
1545 silly packumentCache full:https://registry.npmjs.org/dunder-proto cache-miss
1546 silly fetch manifest is-typed-array@^1.1.13
1547 silly packumentCache full:https://registry.npmjs.org/is-typed-array cache-miss
1548 silly fetch manifest which-typed-array@^1.1.16
1549 silly packumentCache full:https://registry.npmjs.org/which-typed-array cache-miss
1550 silly fetch manifest isarray@^2.0.5
1551 silly packumentCache full:https://registry.npmjs.org/isarray cache-miss
1552 http cache https://registry.npmjs.org/is-array-buffer 12ms (cache hit)
1553 silly packumentCache full:https://registry.npmjs.org/is-array-buffer set size:33562 disposed:false
1554 silly fetch manifest isarray@^2.0.5
1555 silly packumentCache full:https://registry.npmjs.org/isarray cache-miss
1556 http cache https://registry.npmjs.org/is-data-view 16ms (cache hit)
1557 silly packumentCache full:https://registry.npmjs.org/is-data-view set size:13756 disposed:false
1558 silly fetch manifest dunder-proto@^1.0.1
1559 silly packumentCache full:https://registry.npmjs.org/dunder-proto cache-miss
1560 http cache https://registry.npmjs.org/is-typed-array 17ms (cache hit)
1561 silly packumentCache full:https://registry.npmjs.org/is-typed-array set size:79965 disposed:false
1562 silly fetch manifest for-each@^0.3.3
1563 silly packumentCache full:https://registry.npmjs.org/for-each cache-miss
1564 http cache https://registry.npmjs.org/which-typed-array 19ms (cache hit)
1565 silly packumentCache full:https://registry.npmjs.org/which-typed-array set size:93605 disposed:false
1566 silly fetch manifest for-each@^0.3.3
1567 silly packumentCache full:https://registry.npmjs.org/for-each cache-miss
1568 http fetch GET 200 https://registry.npmjs.org/functions-have-names 40ms (cache miss)
1569 silly packumentCache full:https://registry.npmjs.org/functions-have-names set size:undefined disposed:false
1570 silly fetch manifest reflect.getprototypeof@^1.0.9
1571 silly packumentCache full:https://registry.npmjs.org/reflect.getprototypeof cache-miss
1572 http fetch GET 200 https://registry.npmjs.org/possible-typed-array-names 43ms (cache miss)
1573 silly packumentCache full:https://registry.npmjs.org/possible-typed-array-names set size:undefined disposed:false
1574 silly fetch manifest for-each@^0.3.3
1575 silly packumentCache full:https://registry.npmjs.org/for-each cache-miss
1576 http fetch GET 200 https://registry.npmjs.org/isarray 49ms (cache miss)
1577 silly packumentCache full:https://registry.npmjs.org/isarray set size:undefined disposed:false
1578 silly fetch manifest reflect.getprototypeof@^1.0.6
1579 silly packumentCache full:https://registry.npmjs.org/reflect.getprototypeof cache-miss
1580 http fetch GET 200 https://registry.npmjs.org/dunder-proto 52ms (cache miss)
1581 silly packumentCache full:https://registry.npmjs.org/dunder-proto set size:undefined disposed:false
1582 silly fetch manifest has-bigints@^1.0.2
1583 silly packumentCache full:https://registry.npmjs.org/has-bigints cache-miss
1584 http fetch GET 200 https://registry.npmjs.org/is-date-object 59ms (cache miss)
1585 silly packumentCache full:https://registry.npmjs.org/is-date-object set size:undefined disposed:false
1586 silly fetch manifest which-boxed-primitive@^1.1.1
1587 silly packumentCache full:https://registry.npmjs.org/which-boxed-primitive cache-miss
1588 http fetch GET 200 https://registry.npmjs.org/is-symbol 67ms (cache miss)
1589 silly packumentCache full:https://registry.npmjs.org/is-symbol set size:undefined disposed:false
1590 silly fetch manifest for-each@^0.3.5
1591 silly packumentCache full:https://registry.npmjs.org/for-each cache-miss
1592 http fetch GET 200 https://registry.npmjs.org/dunder-proto 71ms (cache miss)
1593 silly packumentCache full:https://registry.npmjs.org/dunder-proto set size:undefined disposed:false
1594 http fetch GET 200 https://registry.npmjs.org/dunder-proto 56ms (cache miss)
1595 silly packumentCache full:https://registry.npmjs.org/dunder-proto set size:undefined disposed:false
1596 http fetch GET 200 https://registry.npmjs.org/isarray 71ms (cache miss)
1597 silly packumentCache full:https://registry.npmjs.org/isarray set size:undefined disposed:false
1598 http fetch GET 200 https://registry.npmjs.org/for-each 66ms (cache miss)
1599 silly packumentCache full:https://registry.npmjs.org/for-each set size:undefined disposed:false
1600 http fetch GET 200 https://registry.npmjs.org/for-each 53ms (cache miss)
1601 silly packumentCache full:https://registry.npmjs.org/for-each set size:undefined disposed:false
1602 http fetch GET 200 https://registry.npmjs.org/for-each 81ms (cache miss)
1603 silly packumentCache full:https://registry.npmjs.org/for-each set size:undefined disposed:false
1604 http fetch GET 200 https://registry.npmjs.org/reflect.getprototypeof 61ms (cache miss)
1605 silly packumentCache full:https://registry.npmjs.org/reflect.getprototypeof set size:undefined disposed:false
1606 http fetch GET 200 https://registry.npmjs.org/reflect.getprototypeof 53ms (cache miss)
1607 silly packumentCache full:https://registry.npmjs.org/reflect.getprototypeof set size:undefined disposed:false
1608 http fetch GET 200 https://registry.npmjs.org/has-bigints 53ms (cache miss)
1609 silly packumentCache full:https://registry.npmjs.org/has-bigints set size:undefined disposed:false
1610 http fetch GET 200 https://registry.npmjs.org/for-each 42ms (cache miss)
1611 silly packumentCache full:https://registry.npmjs.org/for-each set size:undefined disposed:false
1612 http fetch GET 200 https://registry.npmjs.org/which-boxed-primitive 51ms (cache miss)
1613 silly packumentCache full:https://registry.npmjs.org/which-boxed-primitive set size:undefined disposed:false
1614 silly placeDep ROOT possible-typed-array-names@1.1.0 OK for: available-typed-arrays@1.0.7 want: ^1.0.0
1615 silly placeDep ROOT iterator.prototype@1.1.5 OK for: es-iterator-helpers@1.3.2 want: ^1.1.5
1616 silly placeDep ROOT has-tostringtag@1.0.2 OK for: es-set-tostringtag@2.1.0 want: ^1.0.2
1617 silly placeDep ROOT is-date-object@1.1.0 OK for: es-to-primitive@1.3.0 want: ^1.0.5
1618 silly placeDep ROOT is-symbol@1.1.1 OK for: es-to-primitive@1.3.0 want: ^1.0.4
1619 silly placeDep ROOT esrecurse@4.3.0 OK for: eslint-scope@7.2.2 want: ^4.3.0
1620 silly placeDep ROOT acorn@8.16.0 OK for: espree@9.6.1 want: ^8.9.0
1621 silly placeDep ROOT acorn-jsx@5.3.2 OK for: espree@9.6.1 want: ^5.3.2
1622 silly placeDep ROOT reusify@1.1.0 OK for: fastq@1.20.1 want: ^1.0.4
1623 silly placeDep ROOT flat-cache@3.2.0 OK for: file-entry-cache@6.0.1 want: ^3.0.4
1624 silly fetch manifest keyv@^4.5.3
1625 silly packumentCache full:https://registry.npmjs.org/keyv cache-miss
1626 silly fetch manifest rimraf@^3.0.2
1627 silly packumentCache full:https://registry.npmjs.org/rimraf cache-miss
1628 silly fetch manifest flatted@^3.2.9
1629 silly packumentCache full:https://registry.npmjs.org/flatted cache-miss
1630 http fetch GET 200 https://registry.npmjs.org/flatted 41ms (cache miss)
1631 silly packumentCache full:https://registry.npmjs.org/flatted set size:undefined disposed:false
1632 http fetch GET 200 https://registry.npmjs.org/rimraf 44ms (cache miss)
1633 silly packumentCache full:https://registry.npmjs.org/rimraf set size:undefined disposed:false
1634 http fetch GET 200 https://registry.npmjs.org/keyv 48ms (cache miss)
1635 silly packumentCache full:https://registry.npmjs.org/keyv set size:undefined disposed:false
1636 silly placeDep ROOT locate-path@6.0.0 OK for: find-up@5.0.0 want: ^6.0.0
1637 silly placeDep ROOT path-exists@4.0.0 OK for: find-up@5.0.0 want: ^4.0.0
1638 silly fetch manifest p-locate@^5.0.0
1639 silly packumentCache full:https://registry.npmjs.org/p-locate cache-miss
1640 http fetch GET 200 https://registry.npmjs.org/p-locate 30ms (cache miss)
1641 silly packumentCache full:https://registry.npmjs.org/p-locate set size:undefined disposed:false
1642 silly placeDep ROOT flatted@3.4.2 OK for: flat-cache@3.2.0 want: ^3.2.9
1643 silly placeDep ROOT keyv@4.5.4 OK for: flat-cache@3.2.0 want: ^4.5.3
1644 silly placeDep ROOT rimraf@3.0.2 OK for: flat-cache@3.2.0 want: ^3.0.2
1645 silly fetch manifest json-buffer@3.0.1
1646 silly packumentCache full:https://registry.npmjs.org/json-buffer cache-miss
1647 silly fetch manifest glob@^7.1.3
1648 silly packumentCache full:https://registry.npmjs.org/glob cache-miss
1649 http fetch GET 200 https://registry.npmjs.org/json-buffer 37ms (cache miss)
1650 silly packumentCache full:https://registry.npmjs.org/json-buffer set size:undefined disposed:false
1651 http fetch GET 200 https://registry.npmjs.org/glob 43ms (cache miss)
1652 silly packumentCache full:https://registry.npmjs.org/glob set size:undefined disposed:false
1653 silly placeDep ROOT asynckit@0.4.0 OK for: form-data@4.0.5 want: ^0.4.0
1654 silly placeDep ROOT combined-stream@1.0.8 OK for: form-data@4.0.5 want: ^1.0.8
1655 silly placeDep ROOT mime-types@2.1.35 OK for: form-data@4.0.5 want: ^2.1.12
1656 silly fetch manifest delayed-stream@~1.0.0
1657 silly packumentCache full:https://registry.npmjs.org/delayed-stream cache-miss
1658 silly fetch manifest mime-db@1.52.0
1659 silly packumentCache full:https://registry.npmjs.org/mime-db cache-miss
1660 http fetch GET 200 https://registry.npmjs.org/delayed-stream 31ms (cache miss)
1661 silly packumentCache full:https://registry.npmjs.org/delayed-stream set size:undefined disposed:false
1662 http fetch GET 200 https://registry.npmjs.org/mime-db 32ms (cache miss)
1663 silly packumentCache full:https://registry.npmjs.org/mime-db set size:undefined disposed:false
1664 silly placeDep ROOT delayed-stream@1.0.0 OK for: combined-stream@1.0.8 want: ~1.0.0
1665 silly placeDep ROOT functions-have-names@1.2.3 OK for: function.prototype.name@1.1.8 want: ^1.2.3
1666 silly placeDep ROOT dunder-proto@1.0.1 OK for: get-proto@1.0.1 want: ^1.0.1
1667 silly placeDep ROOT type-fest@0.20.2 OK for: globals@13.24.0 want: ^0.20.2
1668 silly placeDep ROOT parent-module@1.0.1 OK for: import-fresh@3.3.1 want: ^1.0.0
1669 silly placeDep ROOT resolve-from@4.0.0 OK for: import-fresh@3.3.1 want: ^4.0.0
1670 silly fetch manifest callsites@^3.0.0
1671 silly packumentCache full:https://registry.npmjs.org/callsites cache-miss
1672 http fetch GET 200 https://registry.npmjs.org/callsites 27ms (cache miss)
1673 silly packumentCache full:https://registry.npmjs.org/callsites set size:undefined disposed:false
1674 silly placeDep ROOT side-channel@1.1.0 OK for: internal-slot@1.1.0 want: ^1.1.0
1675 silly fetch manifest side-channel-list@^1.0.0
1676 silly packumentCache full:https://registry.npmjs.org/side-channel-list cache-miss
1677 silly fetch manifest side-channel-map@^1.0.1
1678 silly packumentCache full:https://registry.npmjs.org/side-channel-map cache-miss
1679 silly fetch manifest side-channel-weakmap@^1.0.2
1680 silly packumentCache full:https://registry.npmjs.org/side-channel-weakmap cache-miss
1681 http fetch GET 200 https://registry.npmjs.org/side-channel-map 32ms (cache miss)
1682 silly packumentCache full:https://registry.npmjs.org/side-channel-map set size:undefined disposed:false
1683 http fetch GET 200 https://registry.npmjs.org/side-channel-weakmap 37ms (cache miss)
1684 silly packumentCache full:https://registry.npmjs.org/side-channel-weakmap set size:undefined disposed:false
1685 http fetch GET 200 https://registry.npmjs.org/side-channel-list 41ms (cache miss)
1686 silly packumentCache full:https://registry.npmjs.org/side-channel-list set size:undefined disposed:false
1687 silly placeDep ROOT is-extglob@2.1.1 OK for: is-glob@4.0.3 want: ^2.1.1
1688 silly placeDep ROOT set-function-name@2.0.2 OK for: iterator.prototype@1.1.5 want: ^2.0.2
1689 silly placeDep ROOT argparse@2.0.1 OK for: js-yaml@4.1.1 want: ^2.0.1
1690 silly placeDep ROOT array.prototype.flat@1.3.3 OK for: jsx-ast-utils@3.3.5 want: ^1.3.1
1691 silly placeDep ROOT json-buffer@3.0.1 OK for: keyv@4.5.4 want: 3.0.1
1692 silly placeDep ROOT prelude-ls@1.2.1 OK for: levn@0.4.1 want: ^1.2.1
1693 silly placeDep ROOT type-check@0.4.0 OK for: levn@0.4.1 want: ~0.4.0
1694 silly placeDep ROOT p-locate@5.0.0 OK for: locate-path@6.0.0 want: ^5.0.0
1695 silly fetch manifest p-limit@^3.0.2
1696 silly packumentCache full:https://registry.npmjs.org/p-limit cache-miss
1697 http fetch GET 200 https://registry.npmjs.org/p-limit 26ms (cache miss)
1698 silly packumentCache full:https://registry.npmjs.org/p-limit set size:undefined disposed:false
1699 silly placeDep ROOT yallist@3.1.1 OK for: lru-cache@5.1.1 want: ^3.0.2
1700 silly placeDep ROOT mime-db@1.52.0 OK for: mime-types@2.1.35 want: 1.52.0
1701 silly placeDep ROOT brace-expansion@1.1.14 OK for: minimatch@3.1.5 want: ^1.1.7
1702 silly fetch manifest concat-map@0.0.1
1703 silly packumentCache full:https://registry.npmjs.org/concat-map cache-miss
1704 silly fetch manifest balanced-match@^1.0.0
1705 silly packumentCache full:https://registry.npmjs.org/balanced-match cache-miss
1706 http fetch GET 200 https://registry.npmjs.org/concat-map 30ms (cache miss)
1707 silly packumentCache full:https://registry.npmjs.org/concat-map set size:undefined disposed:false
1708 http fetch GET 200 https://registry.npmjs.org/balanced-match 34ms (cache miss)
1709 silly packumentCache full:https://registry.npmjs.org/balanced-match set size:undefined disposed:false
1710 silly placeDep ROOT balanced-match@1.0.2 OK for: brace-expansion@1.1.14 want: ^1.0.0
1711 silly placeDep ROOT concat-map@0.0.1 OK for: brace-expansion@1.1.14 want: 0.0.1
1712 silly placeDep ROOT deep-is@0.1.4 OK for: optionator@0.9.4 want: ^0.1.3
1713 silly placeDep ROOT fast-levenshtein@2.0.6 OK for: optionator@0.9.4 want: ^2.0.6
1714 silly placeDep ROOT word-wrap@1.2.5 OK for: optionator@0.9.4 want: ^1.2.5
1715 silly placeDep ROOT p-limit@3.1.0 OK for: p-locate@5.0.0 want: ^3.0.2
1716 silly fetch manifest yocto-queue@^0.1.0
1717 silly packumentCache full:https://registry.npmjs.org/yocto-queue cache-miss
1718 http fetch GET 200 https://registry.npmjs.org/yocto-queue 27ms (cache miss)
1719 silly packumentCache full:https://registry.npmjs.org/yocto-queue set size:undefined disposed:false
1720 silly placeDep ROOT yocto-queue@0.1.0 OK for: p-limit@3.1.0 want: ^0.1.0
1721 silly placeDep ROOT callsites@3.1.0 OK for: parent-module@1.0.1 want: ^3.0.0
1722 silly placeDep ROOT nanoid@3.3.11 OK for: postcss@8.5.12 want: ^3.3.11
1723 silly placeDep ROOT source-map-js@1.2.1 OK for: postcss@8.5.12 want: ^1.2.1
1724 silly placeDep ROOT loose-envify@1.4.0 OK for: prop-types@15.8.1 want: ^1.4.0
1725 silly placeDep ROOT object-assign@4.1.1 OK for: prop-types@15.8.1 want: ^4.1.1
1726 silly placeDep ROOT react-is@16.13.1 OK for: prop-types@15.8.1 want: ^16.13.1
1727 silly placeDep ROOT scheduler@0.23.2 OK for: react-dom@18.3.1 want: ^0.23.2
1728 silly fetch manifest react@>=16.8
1729 silly packumentCache full:https://registry.npmjs.org/react cache-miss
1730 http cache https://registry.npmjs.org/react 20ms (cache hit)
1731 silly packumentCache full:https://registry.npmjs.org/react set size:6629670 disposed:false
1732 silly placeDep ROOT @remix-run/router@1.23.2 OK for: react-router-dom@6.30.3 want: 1.23.2
1733 silly placeDep ROOT react-router@6.30.3 OK for: react-router-dom@6.30.3 want: 6.30.3
1734 silly placeDep ROOT is-core-module@2.16.1 OK for: resolve@2.0.0-next.6 want: ^2.16.1
1735 silly placeDep ROOT node-exports-info@1.6.0 OK for: resolve@2.0.0-next.6 want: ^1.6.0
1736 silly placeDep ROOT path-parse@1.0.7 OK for: resolve@2.0.0-next.6 want: ^1.0.7
1737 silly placeDep ROOT supports-preserve-symlinks-flag@1.0.0 OK for: resolve@2.0.0-next.6 want: ^1.0.0
1738 silly placeDep ROOT glob@7.2.3 OK for: rimraf@3.0.2 want: ^7.1.3
1739 silly fetch manifest once@^1.3.0
1740 silly packumentCache full:https://registry.npmjs.org/once cache-miss
1741 silly fetch manifest inflight@^1.0.4
1742 silly packumentCache full:https://registry.npmjs.org/inflight cache-miss
1743 silly fetch manifest inherits@2
1744 silly packumentCache full:https://registry.npmjs.org/inherits cache-miss
1745 silly fetch manifest fs.realpath@^1.0.0
1746 silly packumentCache full:https://registry.npmjs.org/fs.realpath cache-miss
1747 silly fetch manifest path-is-absolute@^1.0.0
1748 silly packumentCache full:https://registry.npmjs.org/path-is-absolute cache-miss
1749 http fetch GET 200 https://registry.npmjs.org/inflight 31ms (cache miss)
1750 silly packumentCache full:https://registry.npmjs.org/inflight set size:undefined disposed:false
1751 http fetch GET 200 https://registry.npmjs.org/inherits 31ms (cache miss)
1752 silly packumentCache full:https://registry.npmjs.org/inherits set size:undefined disposed:false
1753 http fetch GET 200 https://registry.npmjs.org/fs.realpath 33ms (cache miss)
1754 silly packumentCache full:https://registry.npmjs.org/fs.realpath set size:undefined disposed:false
1755 http fetch GET 200 https://registry.npmjs.org/path-is-absolute 35ms (cache miss)
1756 silly packumentCache full:https://registry.npmjs.org/path-is-absolute set size:undefined disposed:false
1757 http fetch GET 200 https://registry.npmjs.org/once 43ms (cache miss)
1758 silly packumentCache full:https://registry.npmjs.org/once set size:undefined disposed:false
1759 silly placeDep ROOT fs.realpath@1.0.0 OK for: glob@7.2.3 want: ^1.0.0
1760 silly placeDep ROOT inflight@1.0.6 OK for: glob@7.2.3 want: ^1.0.4
1761 silly placeDep ROOT inherits@2.0.4 OK for: glob@7.2.3 want: 2
1762 silly placeDep ROOT once@1.4.0 OK for: glob@7.2.3 want: ^1.3.0
1763 silly placeDep ROOT path-is-absolute@1.0.1 OK for: glob@7.2.3 want: ^1.0.0
1764 silly fetch manifest wrappy@1
1765 silly packumentCache full:https://registry.npmjs.org/wrappy cache-miss
1766 silly fetch manifest wrappy@1
1767 silly packumentCache full:https://registry.npmjs.org/wrappy cache-miss
1768 http fetch GET 200 https://registry.npmjs.org/wrappy 30ms (cache miss)
1769 silly packumentCache full:https://registry.npmjs.org/wrappy set size:undefined disposed:false
1770 http fetch GET 200 https://registry.npmjs.org/wrappy 32ms (cache miss)
1771 silly packumentCache full:https://registry.npmjs.org/wrappy set size:undefined disposed:false
1772 silly placeDep ROOT wrappy@1.0.2 OK for: inflight@1.0.6 want: 1
1773 silly placeDep ROOT queue-microtask@1.2.3 OK for: run-parallel@1.2.0 want: ^1.2.2
1774 silly placeDep ROOT isarray@2.0.5 OK for: safe-array-concat@1.1.4 want: ^2.0.5
1775 silly placeDep ROOT shebang-regex@3.0.0 OK for: shebang-command@2.0.0 want: ^3.0.0
1776 silly placeDep ROOT side-channel-list@1.0.1 OK for: side-channel@1.1.0 want: ^1.0.0
1777 silly placeDep ROOT side-channel-map@1.0.1 OK for: side-channel@1.1.0 want: ^1.0.1
1778 silly placeDep ROOT side-channel-weakmap@1.0.2 OK for: side-channel@1.1.0 want: ^1.0.2
1779 silly placeDep ROOT ansi-regex@5.0.1 OK for: strip-ansi@6.0.1 want: ^5.0.1
1780 silly placeDep ROOT has-flag@4.0.0 OK for: supports-color@7.2.0 want: ^4.0.0
1781 silly fetch manifest postcss@^8.4.47
1782 silly packumentCache full:https://registry.npmjs.org/postcss cache-hit
1783 silly fetch manifest tsx@^4.8.1
1784 silly packumentCache full:https://registry.npmjs.org/tsx cache-miss
1785 http fetch GET 200 https://registry.npmjs.org/tsx 33ms (cache miss)
1786 silly packumentCache full:https://registry.npmjs.org/tsx set size:undefined disposed:false
1787 silly fetch manifest yaml@^2.4.2
1788 silly packumentCache full:https://registry.npmjs.org/yaml cache-miss
1789 http fetch GET 200 https://registry.npmjs.org/yaml 38ms (cache miss)
1790 silly packumentCache full:https://registry.npmjs.org/yaml set size:undefined disposed:false
1791 silly placeDep ROOT @alloc/quick-lru@5.2.0 OK for: tailwindcss@3.4.19 want: ^5.2.0
1792 silly placeDep ROOT arg@5.0.2 OK for: tailwindcss@3.4.19 want: ^5.0.2
1793 silly placeDep ROOT chokidar@3.6.0 OK for: tailwindcss@3.4.19 want: ^3.6.0
1794 silly placeDep ROOT didyoumean@1.2.2 OK for: tailwindcss@3.4.19 want: ^1.2.2
1795 silly placeDep ROOT dlv@1.1.3 OK for: tailwindcss@3.4.19 want: ^1.1.3
1796 silly placeDep ROOT fast-glob@3.3.3 OK for: tailwindcss@3.4.19 want: ^3.3.2
1797 silly placeDep ROOT jiti@1.21.7 OK for: tailwindcss@3.4.19 want: ^1.21.7
1798 silly placeDep ROOT lilconfig@3.1.3 OK for: tailwindcss@3.4.19 want: ^3.1.3
1799 silly placeDep ROOT micromatch@4.0.8 OK for: tailwindcss@3.4.19 want: ^4.0.8
1800 silly placeDep ROOT normalize-path@3.0.0 OK for: tailwindcss@3.4.19 want: ^3.0.0
1801 silly placeDep ROOT object-hash@3.0.0 OK for: tailwindcss@3.4.19 want: ^3.0.0
1802 silly placeDep ROOT postcss-import@15.1.0 OK for: tailwindcss@3.4.19 want: ^15.1.0
1803 silly placeDep ROOT postcss-js@4.1.0 OK for: tailwindcss@3.4.19 want: ^4.0.1
1804 silly placeDep ROOT postcss-load-config@6.0.1 OK for: tailwindcss@3.4.19 want: ^4.0.2 || ^5.0 || ^6.0
1805 silly placeDep ROOT postcss-nested@6.2.0 OK for: tailwindcss@3.4.19 want: ^6.2.0
1806 silly placeDep ROOT postcss-selector-parser@6.1.2 OK for: tailwindcss@3.4.19 want: ^6.1.2
1807 silly placeDep node_modules/tailwindcss resolve@1.22.12 OK for: tailwindcss@3.4.19 want: ^1.22.8
1808 silly placeDep ROOT sucrase@3.35.1 OK for: tailwindcss@3.4.19 want: ^3.35.0
1809 silly fetch manifest braces@~3.0.2
1810 silly packumentCache full:https://registry.npmjs.org/braces cache-miss
1811 silly fetch manifest anymatch@~3.1.2
1812 silly packumentCache full:https://registry.npmjs.org/anymatch cache-miss
1813 silly fetch manifest readdirp@~3.6.0
1814 silly packumentCache full:https://registry.npmjs.org/readdirp cache-miss
1815 silly fetch manifest glob-parent@~5.1.2
1816 silly packumentCache full:https://registry.npmjs.org/glob-parent cache-miss
1817 silly fetch manifest is-binary-path@~2.1.0
1818 silly packumentCache full:https://registry.npmjs.org/is-binary-path cache-miss
1819 silly fetch manifest normalize-path@~3.0.0
1820 silly packumentCache full:https://registry.npmjs.org/normalize-path cache-miss
1821 silly fetch manifest fsevents@~2.3.2
1822 silly packumentCache full:https://registry.npmjs.org/fsevents cache-miss
1823 silly fetch manifest glob-parent@^5.1.2
1824 silly packumentCache full:https://registry.npmjs.org/glob-parent cache-miss
1825 silly fetch manifest merge2@^1.3.0
1826 silly packumentCache full:https://registry.npmjs.org/merge2 cache-miss
1827 silly fetch manifest braces@^3.0.3
1828 silly packumentCache full:https://registry.npmjs.org/braces cache-miss
1829 silly fetch manifest picomatch@^2.3.1
1830 silly packumentCache full:https://registry.npmjs.org/picomatch cache-miss
1831 http cache https://registry.npmjs.org/glob-parent 15ms (cache hit)
1832 silly packumentCache full:https://registry.npmjs.org/glob-parent set size:42445 disposed:false
1833 silly fetch manifest resolve@^1.1.7
1834 silly packumentCache full:https://registry.npmjs.org/resolve cache-hit
1835 silly fetch manifest read-cache@^1.0.0
1836 silly packumentCache full:https://registry.npmjs.org/read-cache cache-miss
1837 http cache https://registry.npmjs.org/normalize-path 17ms (cache hit)
1838 silly packumentCache full:https://registry.npmjs.org/normalize-path set size:28713 disposed:false
1839 silly fetch manifest camelcase-css@^2.0.1
1840 silly packumentCache full:https://registry.npmjs.org/camelcase-css cache-miss
1841 http cache https://registry.npmjs.org/fsevents 20ms (cache hit)
1842 silly packumentCache full:https://registry.npmjs.org/fsevents set size:182472 disposed:false
1843 silly fetch manifest postcss-selector-parser@^6.1.1
1844 silly packumentCache full:https://registry.npmjs.org/postcss-selector-parser cache-miss
1845 http cache https://registry.npmjs.org/glob-parent 29ms (cache hit)
1846 silly packumentCache full:https://registry.npmjs.org/glob-parent set size:42445 disposed:false
1847 silly packumentCache full:https://registry.npmjs.org/glob-parent dispose
1848 silly fetch manifest cssesc@^3.0.0
1849 silly packumentCache full:https://registry.npmjs.org/cssesc cache-miss
1850 http fetch GET 200 https://registry.npmjs.org/is-binary-path 53ms (cache miss)
1851 silly packumentCache full:https://registry.npmjs.org/is-binary-path set size:undefined disposed:false
1852 silly fetch manifest util-deprecate@^1.0.2
1853 silly packumentCache full:https://registry.npmjs.org/util-deprecate cache-miss
1854 http fetch GET 200 https://registry.npmjs.org/anymatch 56ms (cache miss)
1855 silly packumentCache full:https://registry.npmjs.org/anymatch set size:undefined disposed:false
1856 silly fetch manifest commander@^4.0.0
1857 silly packumentCache full:https://registry.npmjs.org/commander cache-miss
1858 http cache https://registry.npmjs.org/postcss-selector-parser 35ms (cache hit)
1859 silly packumentCache full:https://registry.npmjs.org/postcss-selector-parser set size:177140 disposed:false
1860 silly fetch manifest lines-and-columns@^1.1.6
1861 silly packumentCache full:https://registry.npmjs.org/lines-and-columns cache-miss
1862 http fetch GET 200 https://registry.npmjs.org/braces 72ms (cache miss)
1863 silly packumentCache full:https://registry.npmjs.org/braces set size:undefined disposed:false
1864 silly fetch manifest mz@^2.7.0
1865 silly packumentCache full:https://registry.npmjs.org/mz cache-miss
1866 http fetch GET 200 https://registry.npmjs.org/camelcase-css 56ms (cache miss)
1867 silly packumentCache full:https://registry.npmjs.org/camelcase-css set size:undefined disposed:false
1868 silly fetch manifest pirates@^4.0.1
1869 silly packumentCache full:https://registry.npmjs.org/pirates cache-miss
1870 http fetch GET 200 https://registry.npmjs.org/merge2 74ms (cache miss)
1871 silly packumentCache full:https://registry.npmjs.org/merge2 set size:undefined disposed:false
1872 silly fetch manifest tinyglobby@^0.2.11
1873 silly packumentCache full:https://registry.npmjs.org/tinyglobby cache-miss
1874 http fetch GET 200 https://registry.npmjs.org/read-cache 62ms (cache miss)
1875 silly packumentCache full:https://registry.npmjs.org/read-cache set size:undefined disposed:false
1876 silly fetch manifest ts-interface-checker@^0.1.9
1877 silly packumentCache full:https://registry.npmjs.org/ts-interface-checker cache-miss
1878 http fetch GET 200 https://registry.npmjs.org/braces 87ms (cache miss)
1879 silly packumentCache full:https://registry.npmjs.org/braces set size:undefined disposed:false
1880 http fetch GET 200 https://registry.npmjs.org/picomatch 91ms (cache miss)
1881 silly packumentCache full:https://registry.npmjs.org/picomatch set size:undefined disposed:false
1882 http fetch GET 200 https://registry.npmjs.org/readdirp 105ms (cache miss)
1883 silly packumentCache full:https://registry.npmjs.org/readdirp set size:undefined disposed:false
1884 http fetch GET 200 https://registry.npmjs.org/cssesc 97ms (cache miss)
1885 silly packumentCache full:https://registry.npmjs.org/cssesc set size:undefined disposed:false
1886 http fetch GET 200 https://registry.npmjs.org/util-deprecate 78ms (cache miss)
1887 silly packumentCache full:https://registry.npmjs.org/util-deprecate set size:undefined disposed:false
1888 http fetch GET 200 https://registry.npmjs.org/mz 62ms (cache miss)
1889 silly packumentCache full:https://registry.npmjs.org/mz set size:undefined disposed:false
1890 http fetch GET 200 https://registry.npmjs.org/pirates 62ms (cache miss)
1891 silly packumentCache full:https://registry.npmjs.org/pirates set size:undefined disposed:false
1892 http fetch GET 200 https://registry.npmjs.org/lines-and-columns 82ms (cache miss)
1893 silly packumentCache full:https://registry.npmjs.org/lines-and-columns set size:undefined disposed:false
1894 http fetch GET 200 https://registry.npmjs.org/tinyglobby 73ms (cache miss)
1895 silly packumentCache full:https://registry.npmjs.org/tinyglobby set size:undefined disposed:false
1896 http fetch GET 200 https://registry.npmjs.org/commander 103ms (cache miss)
1897 silly packumentCache full:https://registry.npmjs.org/commander set size:undefined disposed:false
1898 http fetch GET 200 https://registry.npmjs.org/ts-interface-checker 250ms (cache miss)
1899 silly packumentCache full:https://registry.npmjs.org/ts-interface-checker set size:undefined disposed:false
1900 silly placeDep ROOT anymatch@3.1.3 OK for: chokidar@3.6.0 want: ~3.1.2
1901 silly placeDep ROOT braces@3.0.3 OK for: chokidar@3.6.0 want: ~3.0.2
1902 silly placeDep ROOT fsevents@2.3.3 OK for: chokidar@3.6.0 want: ~2.3.2
1903 silly placeDep node_modules/chokidar glob-parent@5.1.2 OK for: chokidar@3.6.0 want: ~5.1.2
1904 silly placeDep ROOT is-binary-path@2.1.0 OK for: chokidar@3.6.0 want: ~2.1.0
1905 silly placeDep ROOT readdirp@3.6.0 OK for: chokidar@3.6.0 want: ~3.6.0
1906 silly fetch manifest picomatch@^2.0.4
1907 silly packumentCache full:https://registry.npmjs.org/picomatch cache-miss
1908 silly fetch manifest fill-range@^7.1.1
1909 silly packumentCache full:https://registry.npmjs.org/fill-range cache-miss
1910 silly fetch manifest binary-extensions@^2.0.0
1911 silly packumentCache full:https://registry.npmjs.org/binary-extensions cache-miss
1912 silly fetch manifest picomatch@^2.2.1
1913 silly packumentCache full:https://registry.npmjs.org/picomatch cache-miss
1914 http cache https://registry.npmjs.org/picomatch 23ms (cache hit)
1915 silly packumentCache full:https://registry.npmjs.org/picomatch set size:126376 disposed:false
1916 http cache https://registry.npmjs.org/picomatch 26ms (cache hit)
1917 silly packumentCache full:https://registry.npmjs.org/picomatch set size:126376 disposed:false
1918 silly packumentCache full:https://registry.npmjs.org/picomatch dispose
1919 http fetch GET 200 https://registry.npmjs.org/binary-extensions 35ms (cache miss)
1920 silly packumentCache full:https://registry.npmjs.org/binary-extensions set size:undefined disposed:false
1921 http fetch GET 200 https://registry.npmjs.org/fill-range 39ms (cache miss)
1922 silly packumentCache full:https://registry.npmjs.org/fill-range set size:undefined disposed:false
1923 silly placeDep ROOT picomatch@2.3.2 OK for: anymatch@3.1.3 want: ^2.0.4
1924 silly placeDep ROOT fill-range@7.1.1 OK for: braces@3.0.3 want: ^7.1.1
1925 silly fetch manifest to-regex-range@^5.0.1
1926 silly packumentCache full:https://registry.npmjs.org/to-regex-range cache-miss
1927 http fetch GET 200 https://registry.npmjs.org/to-regex-range 31ms (cache miss)
1928 silly packumentCache full:https://registry.npmjs.org/to-regex-range set size:undefined disposed:false
1929 silly placeDep node_modules/fast-glob glob-parent@5.1.2 OK for: fast-glob@3.3.3 want: ^5.1.2
1930 silly placeDep ROOT merge2@1.4.1 OK for: fast-glob@3.3.3 want: ^1.3.0
1931 silly placeDep ROOT to-regex-range@5.0.1 OK for: fill-range@7.1.1 want: ^5.0.1
1932 silly fetch manifest is-number@^7.0.0
1933 silly packumentCache full:https://registry.npmjs.org/is-number cache-miss
1934 http fetch GET 200 https://registry.npmjs.org/is-number 25ms (cache miss)
1935 silly packumentCache full:https://registry.npmjs.org/is-number set size:undefined disposed:false
1936 silly placeDep ROOT binary-extensions@2.3.0 OK for: is-binary-path@2.1.0 want: ^2.0.0
1937 silly placeDep ROOT read-cache@1.0.0 OK for: postcss-import@15.1.0 want: ^1.0.0
1938 silly placeDep node_modules/postcss-import resolve@1.22.12 OK for: postcss-import@15.1.0 want: ^1.1.7
1939 silly fetch manifest pify@^2.3.0
1940 silly packumentCache full:https://registry.npmjs.org/pify cache-miss
1941 http fetch GET 200 https://registry.npmjs.org/pify 34ms (cache miss)
1942 silly packumentCache full:https://registry.npmjs.org/pify set size:undefined disposed:false
1943 silly placeDep ROOT camelcase-css@2.0.1 OK for: postcss-js@4.1.0 want: ^2.0.1
1944 silly placeDep ROOT cssesc@3.0.0 OK for: postcss-selector-parser@6.1.2 want: ^3.0.0
1945 silly placeDep ROOT util-deprecate@1.0.2 OK for: postcss-selector-parser@6.1.2 want: ^1.0.2
1946 silly placeDep ROOT pify@2.3.0 OK for: read-cache@1.0.0 want: ^2.3.0
1947 silly placeDep ROOT commander@4.1.1 OK for: sucrase@3.35.1 want: ^4.0.0
1948 silly placeDep ROOT lines-and-columns@1.2.4 OK for: sucrase@3.35.1 want: ^1.1.6
1949 silly placeDep ROOT mz@2.7.0 OK for: sucrase@3.35.1 want: ^2.7.0
1950 silly placeDep ROOT pirates@4.0.7 OK for: sucrase@3.35.1 want: ^4.0.1
1951 silly placeDep ROOT tinyglobby@0.2.16 OK for: sucrase@3.35.1 want: ^0.2.11
1952 silly placeDep ROOT ts-interface-checker@0.1.13 OK for: sucrase@3.35.1 want: ^0.1.9
1953 silly fetch manifest any-promise@^1.0.0
1954 silly packumentCache full:https://registry.npmjs.org/any-promise cache-miss
1955 silly fetch manifest thenify-all@^1.0.0
1956 silly packumentCache full:https://registry.npmjs.org/thenify-all cache-miss
1957 silly fetch manifest fdir@^6.5.0
1958 silly packumentCache full:https://registry.npmjs.org/fdir cache-miss
1959 silly fetch manifest picomatch@^4.0.4
1960 silly packumentCache full:https://registry.npmjs.org/picomatch cache-hit
1961 http fetch GET 200 https://registry.npmjs.org/any-promise 27ms (cache miss)
1962 silly packumentCache full:https://registry.npmjs.org/any-promise set size:undefined disposed:false
1963 http fetch GET 200 https://registry.npmjs.org/thenify-all 29ms (cache miss)
1964 silly packumentCache full:https://registry.npmjs.org/thenify-all set size:undefined disposed:false
1965 http fetch GET 200 https://registry.npmjs.org/fdir 50ms (cache miss)
1966 silly packumentCache full:https://registry.npmjs.org/fdir set size:undefined disposed:false
1967 silly placeDep ROOT any-promise@1.3.0 OK for: mz@2.7.0 want: ^1.0.0
1968 silly placeDep ROOT thenify-all@1.6.0 OK for: mz@2.7.0 want: ^1.0.0
1969 silly fetch manifest thenify@>= 3.1.0 < 4
1970 silly packumentCache full:https://registry.npmjs.org/thenify cache-miss
1971 http fetch GET 200 https://registry.npmjs.org/thenify 237ms (cache miss)
1972 silly packumentCache full:https://registry.npmjs.org/thenify set size:undefined disposed:false
1973 silly placeDep ROOT thenify@3.3.1 OK for: thenify-all@1.6.0 want: >= 3.1.0 < 4
1974 silly placeDep node_modules/tinyglobby fdir@6.5.0 OK for: tinyglobby@0.2.16 want: ^6.5.0
1975 silly placeDep node_modules/tinyglobby picomatch@4.0.4 OK for: fdir@6.5.0 want: ^3 || ^4
1976 silly placeDep ROOT is-number@7.0.0 OK for: to-regex-range@5.0.1 want: ^7.0.0
1977 silly placeDep ROOT for-each@0.3.5 OK for: typed-array-byte-length@1.0.3 want: ^0.3.3
1978 silly placeDep ROOT reflect.getprototypeof@1.0.10 OK for: typed-array-byte-offset@1.0.4 want: ^1.0.9
1979 silly fetch manifest which-builtin-type@^1.2.1
1980 silly packumentCache full:https://registry.npmjs.org/which-builtin-type cache-miss
1981 http fetch GET 200 https://registry.npmjs.org/which-builtin-type 34ms (cache miss)
1982 silly packumentCache full:https://registry.npmjs.org/which-builtin-type set size:undefined disposed:false
1983 silly placeDep ROOT which-builtin-type@1.2.1 OK for: reflect.getprototypeof@1.0.10 want: ^1.2.1
1984 silly fetch manifest is-async-function@^2.0.0
1985 silly packumentCache full:https://registry.npmjs.org/is-async-function cache-miss
1986 silly fetch manifest is-finalizationregistry@^1.1.0
1987 silly packumentCache full:https://registry.npmjs.org/is-finalizationregistry cache-miss
1988 silly fetch manifest is-generator-function@^1.0.10
1989 silly packumentCache full:https://registry.npmjs.org/is-generator-function cache-miss
1990 silly fetch manifest which-boxed-primitive@^1.1.0
1991 silly packumentCache full:https://registry.npmjs.org/which-boxed-primitive cache-miss
1992 silly fetch manifest which-collection@^1.0.2
1993 silly packumentCache full:https://registry.npmjs.org/which-collection cache-miss
1994 http cache https://registry.npmjs.org/which-boxed-primitive 13ms (cache hit)
1995 silly packumentCache full:https://registry.npmjs.org/which-boxed-primitive set size:19407 disposed:false
1996 http fetch GET 200 https://registry.npmjs.org/is-async-function 62ms (cache miss)
1997 silly packumentCache full:https://registry.npmjs.org/is-async-function set size:undefined disposed:false
1998 http fetch GET 200 https://registry.npmjs.org/which-collection 64ms (cache miss)
1999 silly packumentCache full:https://registry.npmjs.org/which-collection set size:undefined disposed:false
2000 http fetch GET 200 https://registry.npmjs.org/is-finalizationregistry 66ms (cache miss)
2001 silly packumentCache full:https://registry.npmjs.org/is-finalizationregistry set size:undefined disposed:false
2002 http fetch GET 200 https://registry.npmjs.org/is-generator-function 253ms (cache miss)
2003 silly packumentCache full:https://registry.npmjs.org/is-generator-function set size:undefined disposed:false
2004 silly placeDep ROOT has-bigints@1.1.0 OK for: unbox-primitive@1.1.0 want: ^1.0.2
2005 silly placeDep ROOT which-boxed-primitive@1.1.1 OK for: unbox-primitive@1.1.0 want: ^1.1.1
2006 silly fetch manifest is-bigint@^1.1.0
2007 silly packumentCache full:https://registry.npmjs.org/is-bigint cache-miss
2008 silly fetch manifest is-boolean-object@^1.2.1
2009 silly packumentCache full:https://registry.npmjs.org/is-boolean-object cache-miss
2010 silly fetch manifest is-number-object@^1.1.1
2011 silly packumentCache full:https://registry.npmjs.org/is-number-object cache-miss
2012 http fetch GET 200 https://registry.npmjs.org/is-bigint 44ms (cache miss)
2013 silly packumentCache full:https://registry.npmjs.org/is-bigint set size:undefined disposed:false
2014 http fetch GET 200 https://registry.npmjs.org/is-boolean-object 45ms (cache miss)
2015 silly packumentCache full:https://registry.npmjs.org/is-boolean-object set size:undefined disposed:false
2016 http fetch GET 200 https://registry.npmjs.org/is-number-object 48ms (cache miss)
2017 silly packumentCache full:https://registry.npmjs.org/is-number-object set size:undefined disposed:false
2018 silly placeDep ROOT escalade@3.2.0 OK for: update-browserslist-db@1.2.3 want: ^3.2.0
2019 silly placeDep ROOT punycode@2.3.1 OK for: uri-js@4.4.1 want: ^2.1.0
2020 silly placeDep ROOT esbuild@0.21.5 OK for: vite@5.4.21 want: ^0.21.3
2021 silly placeDep ROOT rollup@4.60.2 OK for: vite@5.4.21 want: ^4.20.0
2022 silly fetch manifest @esbuild/aix-ppc64@0.21.5
2023 silly packumentCache full:https://registry.npmjs.org/@esbuild%2faix-ppc64 cache-miss
2024 silly fetch manifest @esbuild/linux-arm@0.21.5
2025 silly packumentCache full:https://registry.npmjs.org/@esbuild%2flinux-arm cache-miss
2026 silly fetch manifest @esbuild/linux-x64@0.21.5
2027 silly packumentCache full:https://registry.npmjs.org/@esbuild%2flinux-x64 cache-miss
2028 silly fetch manifest @esbuild/sunos-x64@0.21.5
2029 silly packumentCache full:https://registry.npmjs.org/@esbuild%2fsunos-x64 cache-miss
2030 silly fetch manifest @esbuild/win32-x64@0.21.5
2031 silly packumentCache full:https://registry.npmjs.org/@esbuild%2fwin32-x64 cache-miss
2032 silly fetch manifest @esbuild/darwin-x64@0.21.5
2033 silly packumentCache full:https://registry.npmjs.org/@esbuild%2fdarwin-x64 cache-miss
2034 silly fetch manifest @esbuild/linux-ia32@0.21.5
2035 silly packumentCache full:https://registry.npmjs.org/@esbuild%2flinux-ia32 cache-miss
2036 silly fetch manifest @esbuild/netbsd-x64@0.21.5
2037 silly packumentCache full:https://registry.npmjs.org/@esbuild%2fnetbsd-x64 cache-miss
2038 silly fetch manifest @esbuild/win32-ia32@0.21.5
2039 silly packumentCache full:https://registry.npmjs.org/@esbuild%2fwin32-ia32 cache-miss
2040 silly fetch manifest @esbuild/android-arm@0.21.5
2041 silly packumentCache full:https://registry.npmjs.org/@esbuild%2fandroid-arm cache-miss
2042 silly fetch manifest @esbuild/android-x64@0.21.5
2043 silly packumentCache full:https://registry.npmjs.org/@esbuild%2fandroid-x64 cache-miss
2044 http fetch GET 200 https://registry.npmjs.org/@esbuild%2faix-ppc64 50ms (cache miss)
2045 silly packumentCache full:https://registry.npmjs.org/@esbuild%2faix-ppc64 set size:undefined disposed:false
2046 silly fetch manifest @esbuild/freebsd-x64@0.21.5
2047 silly packumentCache full:https://registry.npmjs.org/@esbuild%2ffreebsd-x64 cache-miss
2048 http fetch GET 200 https://registry.npmjs.org/@esbuild%2flinux-arm 63ms (cache miss)
2049 silly packumentCache full:https://registry.npmjs.org/@esbuild%2flinux-arm set size:undefined disposed:false
2050 silly fetch manifest @esbuild/linux-arm64@0.21.5
2051 silly packumentCache full:https://registry.npmjs.org/@esbuild%2flinux-arm64 cache-miss
2052 http fetch GET 200 https://registry.npmjs.org/@esbuild%2flinux-x64 67ms (cache miss)
2053 silly packumentCache full:https://registry.npmjs.org/@esbuild%2flinux-x64 set size:undefined disposed:false
2054 silly fetch manifest @esbuild/linux-ppc64@0.21.5
2055 silly packumentCache full:https://registry.npmjs.org/@esbuild%2flinux-ppc64 cache-miss
2056 http fetch GET 200 https://registry.npmjs.org/@esbuild%2fandroid-x64 75ms (cache miss)
2057 silly packumentCache full:https://registry.npmjs.org/@esbuild%2fandroid-x64 set size:undefined disposed:false
2058 silly fetch manifest @esbuild/linux-s390x@0.21.5
2059 silly packumentCache full:https://registry.npmjs.org/@esbuild%2flinux-s390x cache-miss
2060 http fetch GET 200 https://registry.npmjs.org/@esbuild%2fsunos-x64 84ms (cache miss)
2061 silly packumentCache full:https://registry.npmjs.org/@esbuild%2fsunos-x64 set size:undefined disposed:false
2062 silly fetch manifest @esbuild/openbsd-x64@0.21.5
2063 silly packumentCache full:https://registry.npmjs.org/@esbuild%2fopenbsd-x64 cache-miss
2064 http fetch GET 200 https://registry.npmjs.org/@esbuild%2fdarwin-x64 108ms (cache miss)
2065 silly packumentCache full:https://registry.npmjs.org/@esbuild%2fdarwin-x64 set size:undefined disposed:false
2066 silly fetch manifest @esbuild/win32-arm64@0.21.5
2067 silly packumentCache full:https://registry.npmjs.org/@esbuild%2fwin32-arm64 cache-miss
2068 http fetch GET 200 https://registry.npmjs.org/@esbuild%2fwin32-ia32 111ms (cache miss)
2069 silly packumentCache full:https://registry.npmjs.org/@esbuild%2fwin32-ia32 set size:undefined disposed:false
2070 silly fetch manifest @esbuild/darwin-arm64@0.21.5
2071 silly packumentCache full:https://registry.npmjs.org/@esbuild%2fdarwin-arm64 cache-miss
2072 http fetch GET 200 https://registry.npmjs.org/@esbuild%2ffreebsd-x64 78ms (cache miss)
2073 silly packumentCache full:https://registry.npmjs.org/@esbuild%2ffreebsd-x64 set size:undefined disposed:false
2074 silly fetch manifest @esbuild/android-arm64@0.21.5
2075 silly packumentCache full:https://registry.npmjs.org/@esbuild%2fandroid-arm64 cache-miss
2076 http fetch GET 200 https://registry.npmjs.org/@esbuild%2fnetbsd-x64 137ms (cache miss)
2077 silly packumentCache full:https://registry.npmjs.org/@esbuild%2fnetbsd-x64 set size:undefined disposed:false
2078 silly fetch manifest @esbuild/freebsd-arm64@0.21.5
2079 silly packumentCache full:https://registry.npmjs.org/@esbuild%2ffreebsd-arm64 cache-miss
2080 http fetch GET 200 https://registry.npmjs.org/@esbuild%2flinux-ppc64 77ms (cache miss)
2081 silly packumentCache full:https://registry.npmjs.org/@esbuild%2flinux-ppc64 set size:undefined disposed:false
2082 silly fetch manifest @esbuild/linux-loong64@0.21.5
2083 silly packumentCache full:https://registry.npmjs.org/@esbuild%2flinux-loong64 cache-miss
2084 http fetch GET 200 https://registry.npmjs.org/@esbuild%2fandroid-arm 148ms (cache miss)
2085 silly packumentCache full:https://registry.npmjs.org/@esbuild%2fandroid-arm set size:undefined disposed:false
2086 silly fetch manifest @esbuild/linux-riscv64@0.21.5
2087 silly packumentCache full:https://registry.npmjs.org/@esbuild%2flinux-riscv64 cache-miss
2088 http fetch GET 200 https://registry.npmjs.org/@esbuild%2flinux-s390x 85ms (cache miss)
2089 silly packumentCache full:https://registry.npmjs.org/@esbuild%2flinux-s390x set size:undefined disposed:false
2090 silly fetch manifest @esbuild/linux-mips64el@0.21.5
2091 silly packumentCache full:https://registry.npmjs.org/@esbuild%2flinux-mips64el cache-miss
2092 http fetch GET 200 https://registry.npmjs.org/@esbuild%2fwin32-x64 168ms (cache miss)
2093 silly packumentCache full:https://registry.npmjs.org/@esbuild%2fwin32-x64 set size:undefined disposed:false
2094 silly fetch manifest @types/estree@1.0.8
2095 silly packumentCache full:https://registry.npmjs.org/@types%2festree cache-miss
2096 http fetch GET 200 https://registry.npmjs.org/@esbuild%2flinux-ia32 178ms (cache miss)
2097 silly packumentCache full:https://registry.npmjs.org/@esbuild%2flinux-ia32 set size:undefined disposed:false
2098 silly fetch manifest @rollup/rollup-darwin-arm64@4.60.2
2099 silly packumentCache full:https://registry.npmjs.org/@rollup%2frollup-darwin-arm64 cache-miss
2100 http fetch GET 200 https://registry.npmjs.org/@esbuild%2fopenbsd-x64 100ms (cache miss)
2101 silly packumentCache full:https://registry.npmjs.org/@esbuild%2fopenbsd-x64 set size:undefined disposed:false
2102 silly fetch manifest @rollup/rollup-android-arm64@4.60.2
2103 silly packumentCache full:https://registry.npmjs.org/@rollup%2frollup-android-arm64 cache-miss
2104 http fetch GET 200 https://registry.npmjs.org/@esbuild%2fdarwin-arm64 77ms (cache miss)
2105 silly packumentCache full:https://registry.npmjs.org/@esbuild%2fdarwin-arm64 set size:undefined disposed:false
2106 silly fetch manifest @rollup/rollup-win32-arm64-msvc@4.60.2
2107 silly packumentCache full:https://registry.npmjs.org/@rollup%2frollup-win32-arm64-msvc cache-miss
2108 http fetch GET 200 https://registry.npmjs.org/@esbuild%2fandroid-arm64 72ms (cache miss)
2109 silly packumentCache full:https://registry.npmjs.org/@esbuild%2fandroid-arm64 set size:undefined disposed:false
2110 silly fetch manifest @rollup/rollup-freebsd-arm64@4.60.2
2111 silly packumentCache full:https://registry.npmjs.org/@rollup%2frollup-freebsd-arm64 cache-miss
2112 http fetch GET 200 https://registry.npmjs.org/@esbuild%2fwin32-arm64 104ms (cache miss)
2113 silly packumentCache full:https://registry.npmjs.org/@esbuild%2fwin32-arm64 set size:undefined disposed:false
2114 silly fetch manifest @rollup/rollup-linux-arm64-gnu@4.60.2
2115 silly packumentCache full:https://registry.npmjs.org/@rollup%2frollup-linux-arm64-gnu cache-miss
2116 http fetch GET 200 https://registry.npmjs.org/@esbuild%2flinux-riscv64 71ms (cache miss)
2117 silly packumentCache full:https://registry.npmjs.org/@esbuild%2flinux-riscv64 set size:undefined disposed:false
2118 silly fetch manifest @rollup/rollup-linux-arm64-musl@4.60.2
2119 silly packumentCache full:https://registry.npmjs.org/@rollup%2frollup-linux-arm64-musl cache-miss
2120 http fetch GET 200 https://registry.npmjs.org/@esbuild%2flinux-mips64el 76ms (cache miss)
2121 silly packumentCache full:https://registry.npmjs.org/@esbuild%2flinux-mips64el set size:undefined disposed:false
2122 silly fetch manifest @rollup/rollup-android-arm-eabi@4.60.2
2123 silly packumentCache full:https://registry.npmjs.org/@rollup%2frollup-android-arm-eabi cache-miss
2124 http fetch GET 200 https://registry.npmjs.org/@types%2festree 75ms (cache miss)
2125 silly packumentCache full:https://registry.npmjs.org/@types%2festree set size:undefined disposed:false
2126 silly fetch manifest @rollup/rollup-linux-arm-gnueabihf@4.60.2
2127 silly packumentCache full:https://registry.npmjs.org/@rollup%2frollup-linux-arm-gnueabihf cache-miss
2128 http fetch GET 200 https://registry.npmjs.org/@esbuild%2ffreebsd-arm64 124ms (cache miss)
2129 silly packumentCache full:https://registry.npmjs.org/@esbuild%2ffreebsd-arm64 set size:undefined disposed:false
2130 silly fetch manifest @rollup/rollup-linux-arm-musleabihf@4.60.2
2131 silly packumentCache full:https://registry.npmjs.org/@rollup%2frollup-linux-arm-musleabihf cache-miss
2132 http fetch GET 200 https://registry.npmjs.org/@esbuild%2flinux-loong64 119ms (cache miss)
2133 silly packumentCache full:https://registry.npmjs.org/@esbuild%2flinux-loong64 set size:undefined disposed:false
2134 silly fetch manifest @rollup/rollup-win32-ia32-msvc@4.60.2
2135 silly packumentCache full:https://registry.npmjs.org/@rollup%2frollup-win32-ia32-msvc cache-miss
2136 http fetch GET 200 https://registry.npmjs.org/@rollup%2frollup-freebsd-arm64 78ms (cache miss)
2137 silly packumentCache full:https://registry.npmjs.org/@rollup%2frollup-freebsd-arm64 set size:undefined disposed:false
2138 silly fetch manifest @rollup/rollup-linux-loong64-gnu@4.60.2
2139 silly packumentCache full:https://registry.npmjs.org/@rollup%2frollup-linux-loong64-gnu cache-miss
2140 http fetch GET 200 https://registry.npmjs.org/@rollup%2frollup-win32-arm64-msvc 101ms (cache miss)
2141 silly packumentCache full:https://registry.npmjs.org/@rollup%2frollup-win32-arm64-msvc set size:undefined disposed:false
2142 silly fetch manifest @rollup/rollup-linux-loong64-musl@4.60.2
2143 silly packumentCache full:https://registry.npmjs.org/@rollup%2frollup-linux-loong64-musl cache-miss
2144 http fetch GET 200 https://registry.npmjs.org/@rollup%2frollup-linux-arm64-musl 71ms (cache miss)
2145 silly packumentCache full:https://registry.npmjs.org/@rollup%2frollup-linux-arm64-musl set size:undefined disposed:false
2146 silly fetch manifest @rollup/rollup-linux-riscv64-gnu@4.60.2
2147 silly packumentCache full:https://registry.npmjs.org/@rollup%2frollup-linux-riscv64-gnu cache-miss
2148 http fetch GET 200 https://registry.npmjs.org/@esbuild%2flinux-arm64 245ms (cache miss)
2149 silly packumentCache full:https://registry.npmjs.org/@esbuild%2flinux-arm64 set size:undefined disposed:false
2150 silly fetch manifest @rollup/rollup-linux-riscv64-musl@4.60.2
2151 silly packumentCache full:https://registry.npmjs.org/@rollup%2frollup-linux-riscv64-musl cache-miss
2152 http fetch GET 200 https://registry.npmjs.org/@rollup%2frollup-android-arm-eabi 75ms (cache miss)
2153 silly packumentCache full:https://registry.npmjs.org/@rollup%2frollup-android-arm-eabi set size:undefined disposed:false
2154 silly fetch manifest @rollup/rollup-linux-ppc64-gnu@4.60.2
2155 silly packumentCache full:https://registry.npmjs.org/@rollup%2frollup-linux-ppc64-gnu cache-miss
2156 http fetch GET 200 https://registry.npmjs.org/@rollup%2frollup-android-arm64 139ms (cache miss)
2157 silly packumentCache full:https://registry.npmjs.org/@rollup%2frollup-android-arm64 set size:undefined disposed:false
2158 silly fetch manifest @rollup/rollup-linux-ppc64-musl@4.60.2
2159 silly packumentCache full:https://registry.npmjs.org/@rollup%2frollup-linux-ppc64-musl cache-miss
2160 http fetch GET 200 https://registry.npmjs.org/@rollup%2frollup-linux-arm-musleabihf 73ms (cache miss)
2161 silly packumentCache full:https://registry.npmjs.org/@rollup%2frollup-linux-arm-musleabihf set size:undefined disposed:false
2162 silly fetch manifest @rollup/rollup-linux-s390x-gnu@4.60.2
2163 silly packumentCache full:https://registry.npmjs.org/@rollup%2frollup-linux-s390x-gnu cache-miss
2164 http fetch GET 200 https://registry.npmjs.org/@rollup%2frollup-win32-ia32-msvc 80ms (cache miss)
2165 silly packumentCache full:https://registry.npmjs.org/@rollup%2frollup-win32-ia32-msvc set size:undefined disposed:false
2166 silly fetch manifest @rollup/rollup-darwin-x64@4.60.2
2167 silly packumentCache full:https://registry.npmjs.org/@rollup%2frollup-darwin-x64 cache-miss
2168 http fetch GET 200 https://registry.npmjs.org/@rollup%2frollup-linux-loong64-musl 64ms (cache miss)
2169 silly packumentCache full:https://registry.npmjs.org/@rollup%2frollup-linux-loong64-musl set size:undefined disposed:false
2170 silly fetch manifest @rollup/rollup-win32-x64-gnu@4.60.2
2171 silly packumentCache full:https://registry.npmjs.org/@rollup%2frollup-win32-x64-gnu cache-miss
2172 http fetch GET 200 https://registry.npmjs.org/@rollup%2frollup-linux-riscv64-gnu 64ms (cache miss)
2173 silly packumentCache full:https://registry.npmjs.org/@rollup%2frollup-linux-riscv64-gnu set size:undefined disposed:false
2174 silly fetch manifest @rollup/rollup-win32-x64-msvc@4.60.2
2175 silly packumentCache full:https://registry.npmjs.org/@rollup%2frollup-win32-x64-msvc cache-miss
2176 http fetch GET 200 https://registry.npmjs.org/@rollup%2frollup-linux-riscv64-musl 65ms (cache miss)
2177 silly packumentCache full:https://registry.npmjs.org/@rollup%2frollup-linux-riscv64-musl set size:undefined disposed:false
2178 silly fetch manifest @rollup/rollup-freebsd-x64@4.60.2
2179 silly packumentCache full:https://registry.npmjs.org/@rollup%2frollup-freebsd-x64 cache-miss
2180 http fetch GET 200 https://registry.npmjs.org/@rollup%2frollup-linux-ppc64-gnu 56ms (cache miss)
2181 silly packumentCache full:https://registry.npmjs.org/@rollup%2frollup-linux-ppc64-gnu set size:undefined disposed:false
2182 silly fetch manifest @rollup/rollup-linux-x64-gnu@4.60.2
2183 silly packumentCache full:https://registry.npmjs.org/@rollup%2frollup-linux-x64-gnu cache-miss
2184 http fetch GET 200 https://registry.npmjs.org/@rollup%2frollup-linux-ppc64-musl 59ms (cache miss)
2185 silly packumentCache full:https://registry.npmjs.org/@rollup%2frollup-linux-ppc64-musl set size:undefined disposed:false
2186 silly fetch manifest @rollup/rollup-linux-x64-musl@4.60.2
2187 silly packumentCache full:https://registry.npmjs.org/@rollup%2frollup-linux-x64-musl cache-miss
2188 http fetch GET 200 https://registry.npmjs.org/@rollup%2frollup-linux-s390x-gnu 68ms (cache miss)
2189 silly packumentCache full:https://registry.npmjs.org/@rollup%2frollup-linux-s390x-gnu set size:undefined disposed:false
2190 silly fetch manifest @rollup/rollup-openbsd-x64@4.60.2
2191 silly packumentCache full:https://registry.npmjs.org/@rollup%2frollup-openbsd-x64 cache-miss
2192 http fetch GET 200 https://registry.npmjs.org/@rollup%2frollup-win32-x64-gnu 51ms (cache miss)
2193 silly packumentCache full:https://registry.npmjs.org/@rollup%2frollup-win32-x64-gnu set size:undefined disposed:false
2194 silly fetch manifest @rollup/rollup-openharmony-arm64@4.60.2
2195 silly packumentCache full:https://registry.npmjs.org/@rollup%2frollup-openharmony-arm64 cache-miss
2196 http fetch GET 200 https://registry.npmjs.org/@rollup%2frollup-darwin-x64 71ms (cache miss)
2197 silly packumentCache full:https://registry.npmjs.org/@rollup%2frollup-darwin-x64 set size:undefined disposed:false
2198 http fetch GET 200 https://registry.npmjs.org/@rollup%2frollup-freebsd-x64 62ms (cache miss)
2199 silly packumentCache full:https://registry.npmjs.org/@rollup%2frollup-freebsd-x64 set size:undefined disposed:false
2200 http fetch GET 200 https://registry.npmjs.org/@rollup%2frollup-win32-x64-msvc 72ms (cache miss)
2201 silly packumentCache full:https://registry.npmjs.org/@rollup%2frollup-win32-x64-msvc set size:undefined disposed:false
2202 http fetch GET 200 https://registry.npmjs.org/@rollup%2frollup-linux-x64-gnu 66ms (cache miss)
2203 silly packumentCache full:https://registry.npmjs.org/@rollup%2frollup-linux-x64-gnu set size:undefined disposed:false
2204 http fetch GET 200 https://registry.npmjs.org/@rollup%2frollup-openbsd-x64 45ms (cache miss)
2205 silly packumentCache full:https://registry.npmjs.org/@rollup%2frollup-openbsd-x64 set size:undefined disposed:false
2206 http fetch GET 200 https://registry.npmjs.org/@rollup%2frollup-openharmony-arm64 56ms (cache miss)
2207 silly packumentCache full:https://registry.npmjs.org/@rollup%2frollup-openharmony-arm64 set size:undefined disposed:false
2208 http fetch GET 200 https://registry.npmjs.org/@rollup%2frollup-linux-x64-musl 97ms (cache miss)
2209 silly packumentCache full:https://registry.npmjs.org/@rollup%2frollup-linux-x64-musl set size:undefined disposed:false
2210 http fetch GET 200 https://registry.npmjs.org/@rollup%2frollup-linux-arm64-gnu 294ms (cache miss)
2211 silly packumentCache full:https://registry.npmjs.org/@rollup%2frollup-linux-arm64-gnu set size:undefined disposed:false
2212 http fetch GET 200 https://registry.npmjs.org/@rollup%2frollup-linux-arm-gnueabihf 283ms (cache miss)
2213 silly packumentCache full:https://registry.npmjs.org/@rollup%2frollup-linux-arm-gnueabihf set size:undefined disposed:false
2214 http fetch GET 200 https://registry.npmjs.org/@rollup%2frollup-linux-loong64-gnu 258ms (cache miss)
2215 silly packumentCache full:https://registry.npmjs.org/@rollup%2frollup-linux-loong64-gnu set size:undefined disposed:false
2216 http fetch GET 200 https://registry.npmjs.org/@rollup%2frollup-darwin-arm64 940ms (cache miss)
2217 silly packumentCache full:https://registry.npmjs.org/@rollup%2frollup-darwin-arm64 set size:undefined disposed:false
2218 silly placeDep ROOT @esbuild/aix-ppc64@0.21.5 OK for: esbuild@0.21.5 want: 0.21.5
2219 silly placeDep ROOT @esbuild/android-arm@0.21.5 OK for: esbuild@0.21.5 want: 0.21.5
2220 silly placeDep ROOT @esbuild/android-arm64@0.21.5 OK for: esbuild@0.21.5 want: 0.21.5
2221 silly placeDep ROOT @esbuild/android-x64@0.21.5 OK for: esbuild@0.21.5 want: 0.21.5
2222 silly placeDep ROOT @esbuild/darwin-arm64@0.21.5 OK for: esbuild@0.21.5 want: 0.21.5
2223 silly placeDep ROOT @esbuild/darwin-x64@0.21.5 OK for: esbuild@0.21.5 want: 0.21.5
2224 silly placeDep ROOT @esbuild/freebsd-arm64@0.21.5 OK for: esbuild@0.21.5 want: 0.21.5
2225 silly placeDep ROOT @esbuild/freebsd-x64@0.21.5 OK for: esbuild@0.21.5 want: 0.21.5
2226 silly placeDep ROOT @esbuild/linux-arm@0.21.5 OK for: esbuild@0.21.5 want: 0.21.5
2227 silly placeDep ROOT @esbuild/linux-arm64@0.21.5 OK for: esbuild@0.21.5 want: 0.21.5
2228 silly placeDep ROOT @esbuild/linux-ia32@0.21.5 OK for: esbuild@0.21.5 want: 0.21.5
2229 silly placeDep ROOT @esbuild/linux-loong64@0.21.5 OK for: esbuild@0.21.5 want: 0.21.5
2230 silly placeDep ROOT @esbuild/linux-mips64el@0.21.5 OK for: esbuild@0.21.5 want: 0.21.5
2231 silly placeDep ROOT @esbuild/linux-ppc64@0.21.5 OK for: esbuild@0.21.5 want: 0.21.5
2232 silly placeDep ROOT @esbuild/linux-riscv64@0.21.5 OK for: esbuild@0.21.5 want: 0.21.5
2233 silly placeDep ROOT @esbuild/linux-s390x@0.21.5 OK for: esbuild@0.21.5 want: 0.21.5
2234 silly placeDep ROOT @esbuild/linux-x64@0.21.5 OK for: esbuild@0.21.5 want: 0.21.5
2235 silly placeDep ROOT @esbuild/netbsd-x64@0.21.5 OK for: esbuild@0.21.5 want: 0.21.5
2236 silly placeDep ROOT @esbuild/openbsd-x64@0.21.5 OK for: esbuild@0.21.5 want: 0.21.5
2237 silly placeDep ROOT @esbuild/sunos-x64@0.21.5 OK for: esbuild@0.21.5 want: 0.21.5
2238 silly placeDep ROOT @esbuild/win32-arm64@0.21.5 OK for: esbuild@0.21.5 want: 0.21.5
2239 silly placeDep ROOT @esbuild/win32-ia32@0.21.5 OK for: esbuild@0.21.5 want: 0.21.5
2240 silly placeDep ROOT @esbuild/win32-x64@0.21.5 OK for: esbuild@0.21.5 want: 0.21.5
2241 silly placeDep ROOT @rollup/rollup-android-arm-eabi@4.60.2 OK for: rollup@4.60.2 want: 4.60.2
2242 silly placeDep ROOT @rollup/rollup-android-arm64@4.60.2 OK for: rollup@4.60.2 want: 4.60.2
2243 silly placeDep ROOT @rollup/rollup-darwin-arm64@4.60.2 OK for: rollup@4.60.2 want: 4.60.2
2244 silly placeDep ROOT @rollup/rollup-darwin-x64@4.60.2 OK for: rollup@4.60.2 want: 4.60.2
2245 silly placeDep ROOT @rollup/rollup-freebsd-arm64@4.60.2 OK for: rollup@4.60.2 want: 4.60.2
2246 silly placeDep ROOT @rollup/rollup-freebsd-x64@4.60.2 OK for: rollup@4.60.2 want: 4.60.2
2247 silly placeDep ROOT @rollup/rollup-linux-arm-gnueabihf@4.60.2 OK for: rollup@4.60.2 want: 4.60.2
2248 silly placeDep ROOT @rollup/rollup-linux-arm-musleabihf@4.60.2 OK for: rollup@4.60.2 want: 4.60.2
2249 silly placeDep ROOT @rollup/rollup-linux-arm64-gnu@4.60.2 OK for: rollup@4.60.2 want: 4.60.2
2250 silly placeDep ROOT @rollup/rollup-linux-arm64-musl@4.60.2 OK for: rollup@4.60.2 want: 4.60.2
2251 silly placeDep ROOT @rollup/rollup-linux-loong64-gnu@4.60.2 OK for: rollup@4.60.2 want: 4.60.2
2252 silly placeDep ROOT @rollup/rollup-linux-loong64-musl@4.60.2 OK for: rollup@4.60.2 want: 4.60.2
2253 silly placeDep ROOT @rollup/rollup-linux-ppc64-gnu@4.60.2 OK for: rollup@4.60.2 want: 4.60.2
2254 silly placeDep ROOT @rollup/rollup-linux-ppc64-musl@4.60.2 OK for: rollup@4.60.2 want: 4.60.2
2255 silly placeDep ROOT @rollup/rollup-linux-riscv64-gnu@4.60.2 OK for: rollup@4.60.2 want: 4.60.2
2256 silly placeDep ROOT @rollup/rollup-linux-riscv64-musl@4.60.2 OK for: rollup@4.60.2 want: 4.60.2
2257 silly placeDep ROOT @rollup/rollup-linux-s390x-gnu@4.60.2 OK for: rollup@4.60.2 want: 4.60.2
2258 silly placeDep ROOT @rollup/rollup-linux-x64-gnu@4.60.2 OK for: rollup@4.60.2 want: 4.60.2
2259 silly placeDep ROOT @rollup/rollup-linux-x64-musl@4.60.2 OK for: rollup@4.60.2 want: 4.60.2
2260 silly placeDep ROOT @rollup/rollup-openbsd-x64@4.60.2 OK for: rollup@4.60.2 want: 4.60.2
2261 silly placeDep ROOT @rollup/rollup-openharmony-arm64@4.60.2 OK for: rollup@4.60.2 want: 4.60.2
2262 silly placeDep ROOT @rollup/rollup-win32-arm64-msvc@4.60.2 OK for: rollup@4.60.2 want: 4.60.2
2263 silly placeDep ROOT @rollup/rollup-win32-ia32-msvc@4.60.2 OK for: rollup@4.60.2 want: 4.60.2
2264 silly placeDep ROOT @rollup/rollup-win32-x64-gnu@4.60.2 OK for: rollup@4.60.2 want: 4.60.2
2265 silly placeDep ROOT @rollup/rollup-win32-x64-msvc@4.60.2 OK for: rollup@4.60.2 want: 4.60.2
2266 silly placeDep ROOT @types/estree@1.0.8 OK for: rollup@4.60.2 want: 1.0.8
2267 silly placeDep ROOT isexe@2.0.0 OK for: which@2.0.2 want: ^2.0.0
2268 silly placeDep ROOT is-bigint@1.1.0 OK for: which-boxed-primitive@1.1.1 want: ^1.1.0
2269 silly placeDep ROOT is-boolean-object@1.2.2 OK for: which-boxed-primitive@1.1.1 want: ^1.2.1
2270 silly placeDep ROOT is-number-object@1.1.1 OK for: which-boxed-primitive@1.1.1 want: ^1.1.1
2271 silly placeDep ROOT is-async-function@2.1.1 OK for: which-builtin-type@1.2.1 want: ^2.0.0
2272 silly placeDep ROOT is-finalizationregistry@1.1.1 OK for: which-builtin-type@1.2.1 want: ^1.1.0
2273 silly placeDep ROOT is-generator-function@1.1.2 OK for: which-builtin-type@1.2.1 want: ^1.0.10
2274 silly placeDep ROOT which-collection@1.0.2 OK for: which-builtin-type@1.2.1 want: ^1.0.2
2275 silly fetch manifest async-function@^1.0.0
2276 silly packumentCache full:https://registry.npmjs.org/async-function cache-miss
2277 silly fetch manifest generator-function@^2.0.0
2278 silly packumentCache full:https://registry.npmjs.org/generator-function cache-miss
2279 silly fetch manifest is-map@^2.0.3
2280 silly packumentCache full:https://registry.npmjs.org/is-map cache-miss
2281 silly fetch manifest is-weakmap@^2.0.2
2282 silly packumentCache full:https://registry.npmjs.org/is-weakmap cache-miss
2283 silly fetch manifest is-weakset@^2.0.3
2284 silly packumentCache full:https://registry.npmjs.org/is-weakset cache-miss
2285 http fetch GET 200 https://registry.npmjs.org/generator-function 28ms (cache miss)
2286 silly packumentCache full:https://registry.npmjs.org/generator-function set size:undefined disposed:false
2287 http fetch GET 200 https://registry.npmjs.org/is-weakset 30ms (cache miss)
2288 silly packumentCache full:https://registry.npmjs.org/is-weakset set size:undefined disposed:false
2289 http fetch GET 200 https://registry.npmjs.org/is-map 31ms (cache miss)
2290 silly packumentCache full:https://registry.npmjs.org/is-map set size:undefined disposed:false
2291 http fetch GET 200 https://registry.npmjs.org/is-weakmap 32ms (cache miss)
2292 silly packumentCache full:https://registry.npmjs.org/is-weakmap set size:undefined disposed:false
2293 http fetch GET 200 https://registry.npmjs.org/async-function 40ms (cache miss)
2294 silly packumentCache full:https://registry.npmjs.org/async-function set size:undefined disposed:false
2295 silly placeDep ROOT async-function@1.0.0 OK for: is-async-function@2.1.1 want: ^1.0.0
2296 silly placeDep ROOT generator-function@2.0.1 OK for: is-generator-function@1.1.2 want: ^2.0.0
2297 silly placeDep ROOT is-map@2.0.3 OK for: which-collection@1.0.2 want: ^2.0.3
2298 silly placeDep ROOT is-weakmap@2.0.2 OK for: which-collection@1.0.2 want: ^2.0.2
2299 silly placeDep ROOT is-weakset@2.0.4 OK for: which-collection@1.0.2 want: ^2.0.3
2300 silly reify moves {}
2301 silly audit bulk request {
2301 silly audit   '@types/react': [ '18.3.28' ],
2301 silly audit   '@types/react-dom': [ '18.3.7' ],
2301 silly audit   '@vitejs/plugin-react': [ '4.7.0' ],
2301 silly audit   vite: [ '5.4.21' ],
2301 silly audit   autoprefixer: [ '10.5.0' ],
2301 silly audit   postcss: [ '8.5.12' ],
2301 silly audit   axios: [ '1.15.2' ],
2301 silly audit   eslint: [ '8.57.1' ],
2301 silly audit   'eslint-plugin-react': [ '7.37.5' ],
2301 silly audit   'eslint-plugin-react-hooks': [ '4.6.2' ],
2301 silly audit   'eslint-plugin-react-refresh': [ '0.4.26' ],
2301 silly audit   'lucide-react': [ '0.344.0' ],
2301 silly audit   react: [ '18.3.1' ],
2301 silly audit   'react-dom': [ '18.3.1' ],
2301 silly audit   'react-router-dom': [ '6.30.3' ],
2301 silly audit   tailwindcss: [ '3.4.19' ],
2301 silly audit   '@types/prop-types': [ '15.7.15' ],
2301 silly audit   csstype: [ '3.2.3' ],
2301 silly audit   '@babel/core': [ '7.29.0' ],
2301 silly audit   '@babel/plugin-transform-react-jsx-self': [ '7.27.1' ],
2301 silly audit   '@babel/plugin-transform-react-jsx-source': [ '7.27.1' ],
2301 silly audit   '@rolldown/pluginutils': [ '1.0.0-beta.27' ],
2301 silly audit   '@types/babel__core': [ '7.20.5' ],
2301 silly audit   'react-refresh': [ '0.17.0' ],
2301 silly audit   '@babel/code-frame': [ '7.29.0' ],
2301 silly audit   '@babel/generator': [ '7.29.1' ],
2301 silly audit   '@babel/helper-compilation-targets': [ '7.28.6' ],
2301 silly audit   '@babel/helper-module-transforms': [ '7.28.6' ],
2301 silly audit   '@babel/helpers': [ '7.29.2' ],
2301 silly audit   '@babel/parser': [ '7.29.2' ],
2301 silly audit   '@babel/template': [ '7.28.6' ],
2301 silly audit   '@babel/traverse': [ '7.29.0' ],
2301 silly audit   '@babel/types': [ '7.29.0' ],
2301 silly audit   '@jridgewell/remapping': [ '2.3.5' ],
2301 silly audit   'convert-source-map': [ '2.0.0' ],
2301 silly audit   debug: [ '4.4.3' ],
2301 silly audit   gensync: [ '1.0.0-beta.2' ],
2301 silly audit   json5: [ '2.2.3' ],
2301 silly audit   semver: [ '6.3.1' ],
2301 silly audit   '@babel/helper-validator-identifier': [ '7.28.5' ],
2301 silly audit   'js-tokens': [ '4.0.0' ],
2301 silly audit   picocolors: [ '1.1.1' ],
2301 silly audit   '@jridgewell/gen-mapping': [ '0.3.13' ],
2301 silly audit   '@jridgewell/trace-mapping': [ '0.3.31' ],
2301 silly audit   jsesc: [ '3.1.0' ],
2301 silly audit   '@babel/compat-data': [ '7.29.0' ],
2301 silly audit   '@babel/helper-validator-option': [ '7.27.1' ],
2301 silly audit   browserslist: [ '4.28.2' ],
2301 silly audit   'lru-cache': [ '5.1.1' ],
2301 silly audit   '@babel/helper-module-imports': [ '7.28.6' ],
2301 silly audit   '@babel/helper-plugin-utils': [ '7.28.6' ],
2301 silly audit   '@babel/helper-globals': [ '7.28.0' ],
2301 silly audit   '@babel/helper-string-parser': [ '7.27.1' ],
2301 silly audit   '@jridgewell/sourcemap-codec': [ '1.5.5' ],
2301 silly audit   '@jridgewell/resolve-uri': [ '3.1.2' ],
2301 silly audit   '@types/babel__generator': [ '7.27.0' ],
2301 silly audit   '@types/babel__template': [ '7.4.4' ],
2301 silly audit   '@types/babel__traverse': [ '7.28.0' ],
2301 silly audit   'caniuse-lite': [ '1.0.30001791' ],
2301 silly audit   'fraction.js': [ '5.3.4' ],
2301 silly audit   'postcss-value-parser': [ '4.2.0' ],
2301 silly audit   'follow-redirects': [ '1.16.0' ],
2301 silly audit   'form-data': [ '4.0.5' ],
2301 silly audit   'proxy-from-env': [ '2.1.0' ],
2301 silly audit   'baseline-browser-mapping': [ '2.10.24' ],
2301 silly audit   'electron-to-chromium': [ '1.5.345' ],
2301 silly audit   'node-releases': [ '2.0.38' ],
2301 silly audit   'update-browserslist-db': [ '1.2.3' ],
2301 silly audit   ms: [ '2.1.3' ],
2301 silly audit   '@eslint-community/eslint-utils': [ '4.9.1' ],
2301 silly audit   '@eslint-community/regexpp': [ '4.12.2' ],
2301 silly audit   '@eslint/eslintrc': [ '2.1.4' ],
2301 silly audit   '@eslint/js': [ '8.57.1' ],
2301 silly audit   '@humanwhocodes/config-array': [ '0.13.0' ],
2301 silly audit   '@humanwhocodes/module-importer': [ '1.0.1' ],
2301 silly audit   '@nodelib/fs.walk': [ '1.2.8' ],
2301 silly audit   '@ungap/structured-clone': [ '1.3.0' ],
2301 silly audit   ajv: [ '6.15.0' ],
2301 silly audit   chalk: [ '4.1.2' ],
2301 silly audit   'cross-spawn': [ '7.0.6' ],
2301 silly audit   doctrine: [ '3.0.0', '2.1.0' ],
2301 silly audit   'escape-string-regexp': [ '4.0.0' ],
2301 silly audit   'eslint-scope': [ '7.2.2' ],
2301 silly audit   'eslint-visitor-keys': [ '3.4.3' ],
2301 silly audit   espree: [ '9.6.1' ],
2301 silly audit   esquery: [ '1.7.0' ],
2301 silly audit   esutils: [ '2.0.3' ],
2301 silly audit   'fast-deep-equal': [ '3.1.3' ],
2301 silly audit   'file-entry-cache': [ '6.0.1' ],
2301 silly audit   'find-up': [ '5.0.0' ],
2301 silly audit   'glob-parent': [ '6.0.2', '5.1.2' ],
2301 silly audit   globals: [ '13.24.0' ],
2301 silly audit   graphemer: [ '1.4.0' ],
2301 silly audit   ignore: [ '5.3.2' ],
2301 silly audit   imurmurhash: [ '0.1.4' ],
2301 silly audit   'is-glob': [ '4.0.3' ],
2301 silly audit   'is-path-inside': [ '3.0.3' ],
2301 silly audit   'js-yaml': [ '4.1.1' ],
2301 silly audit   'json-stable-stringify-without-jsonify': [ '1.0.1' ],
2301 silly audit   levn: [ '0.4.1' ],
2301 silly audit   'lodash.merge': [ '4.6.2' ],
2301 silly audit   minimatch: [ '3.1.5' ],
2301 silly audit   'natural-compare': [ '1.4.0' ],
2301 silly audit   optionator: [ '0.9.4' ],
2301 silly audit   'strip-ansi': [ '6.0.1' ],
2301 silly audit   'text-table': [ '0.2.0' ],
2301 silly audit   'import-fresh': [ '3.3.1' ],
2301 silly audit   'strip-json-comments': [ '3.1.1' ],
2301 silly audit   '@humanwhocodes/object-schema': [ '2.0.3' ],
2301 silly audit   '@nodelib/fs.scandir': [ '2.1.5' ],
2301 silly audit   fastq: [ '1.20.1' ],
2301 silly audit   '@nodelib/fs.stat': [ '2.0.5' ],
2301 silly audit   'run-parallel': [ '1.2.0' ],
2301 silly audit   'fast-json-stable-stringify': [ '2.1.0' ],
2301 silly audit   'json-schema-traverse': [ '0.4.1' ],
2301 silly audit   'uri-js': [ '4.4.1' ],
2301 silly audit   'ansi-styles': [ '4.3.0' ],
2301 silly audit   'supports-color': [ '7.2.0' ],
2301 silly audit   'color-convert': [ '2.0.1' ],
2301 silly audit   'color-name': [ '1.1.4' ],
2301 silly audit   'path-key': [ '3.1.1' ],
2301 silly audit   'shebang-command': [ '2.0.0' ],
2301 silly audit   which: [ '2.0.2' ],
2301 silly audit   'array-includes': [ '3.1.9' ],
2301 silly audit   'array.prototype.findlast': [ '1.2.5' ],
2301 silly audit   'array.prototype.flatmap': [ '1.3.3' ],
2301 silly audit   'array.prototype.tosorted': [ '1.1.4' ],
2301 silly audit   'es-iterator-helpers': [ '1.3.2' ],
2301 silly audit   estraverse: [ '5.3.0' ],
2301 silly audit   hasown: [ '2.0.3' ],
2301 silly audit   'jsx-ast-utils': [ '3.3.5' ],
2301 silly audit   'object.entries': [ '1.1.9' ],
2301 silly audit   'object.fromentries': [ '2.0.8' ],
2301 silly audit   'object.values': [ '1.2.1' ],
2301 silly audit   'prop-types': [ '15.8.1' ],
2301 silly audit   resolve: [ '2.0.0-next.6', '1.22.12' ],
2301 silly audit   'string.prototype.matchall': [ '4.0.12' ],
2301 silly audit   'string.prototype.repeat': [ '1.0.0' ],
2301 silly audit   'call-bind': [ '1.0.9' ],
2301 silly audit   'call-bound': [ '1.0.4' ],
2301 silly audit   'define-properties': [ '1.2.1' ],
2301 silly audit   'es-abstract': [ '1.24.2' ],
2301 silly audit   'es-object-atoms': [ '1.1.1' ],
2301 silly audit   'get-intrinsic': [ '1.3.0' ],
2301 silly audit   'is-string': [ '1.1.1' ],
2301 silly audit   'math-intrinsics': [ '1.1.0' ],
2301 silly audit   'es-errors': [ '1.3.0' ],
2301 silly audit   'es-shim-unscopables': [ '1.1.0' ],
2301 silly audit   'call-bind-apply-helpers': [ '1.0.2' ],
2301 silly audit   'es-define-property': [ '1.0.1' ],
2301 silly audit   'set-function-length': [ '1.2.2' ],
2301 silly audit   'function-bind': [ '1.1.2' ],
2301 silly audit   'define-data-property': [ '1.1.4' ],
2301 silly audit   'has-property-descriptors': [ '1.0.2' ],
2301 silly audit   'object-keys': [ '1.1.1' ],
2301 silly audit   gopd: [ '1.2.0' ],
2301 silly audit   'array-buffer-byte-length': [ '1.0.2' ],
2301 silly audit   'arraybuffer.prototype.slice': [ '1.0.4' ],
2301 silly audit   'available-typed-arrays': [ '1.0.7' ],
2301 silly audit   'data-view-buffer': [ '1.0.2' ],
2301 silly audit   'data-view-byte-length': [ '1.0.2' ],
2301 silly audit   'data-view-byte-offset': [ '1.0.1' ],
2301 silly audit   'es-set-tostringtag': [ '2.1.0' ],
2301 silly audit   'es-to-primitive': [ '1.3.0' ],
2301 silly audit   'function.prototype.name': [ '1.1.8' ],
2301 silly audit   'get-proto': [ '1.0.1' ],
2301 silly audit   'get-symbol-description': [ '1.1.0' ],
2301 silly audit   globalthis: [ '1.0.4' ],
2301 silly audit   'has-proto': [ '1.2.0' ],
2301 silly audit   'has-symbols': [ '1.1.0' ],
2301 silly audit   'internal-slot': [ '1.1.0' ],
2301 silly audit   'is-array-buffer': [ '3.0.5' ],
2301 silly audit   'is-callable': [ '1.2.7' ],
2301 silly audit   'is-data-view': [ '1.0.2' ],
2301 silly audit   'is-negative-zero': [ '2.0.3' ],
2301 silly audit   'is-regex': [ '1.2.1' ],
2301 silly audit   'is-set': [ '2.0.3' ],
2301 silly audit   'is-shared-array-buffer': [ '1.0.4' ],
2301 silly audit   'is-typed-array': [ '1.1.15' ],
2301 silly audit   'is-weakref': [ '1.1.1' ],
2301 silly audit   'object-inspect': [ '1.13.4' ],
2301 silly audit   'object.assign': [ '4.1.7' ],
2301 silly audit   'own-keys': [ '1.0.1' ],
2301 silly audit   'regexp.prototype.flags': [ '1.5.4' ],
2301 silly audit   'safe-array-concat': [ '1.1.4' ],
2301 silly audit   'safe-push-apply': [ '1.0.0' ],
2301 silly audit   'safe-regex-test': [ '1.1.0' ],
2301 silly audit   'set-proto': [ '1.0.0' ],
2301 silly audit   'stop-iteration-iterator': [ '1.1.0' ],
2301 silly audit   'string.prototype.trim': [ '1.2.10' ],
2301 silly audit   'string.prototype.trimend': [ '1.0.9' ],
2301 silly audit   'string.prototype.trimstart': [ '1.0.8' ],
2301 silly audit   'typed-array-buffer': [ '1.0.3' ],
2301 silly audit   'typed-array-byte-length': [ '1.0.3' ],
2301 silly audit   'typed-array-byte-offset': [ '1.0.4' ],
2301 silly audit   'typed-array-length': [ '1.0.7' ],
2301 silly audit   'unbox-primitive': [ '1.1.0' ],
2301 silly audit   'which-typed-array': [ '1.1.20' ],
2301 silly audit   'possible-typed-array-names': [ '1.1.0' ],
2301 silly audit   'iterator.prototype': [ '1.1.5' ],
2301 silly audit   'has-tostringtag': [ '1.0.2' ],
2301 silly audit   'is-date-object': [ '1.1.0' ],
2301 silly audit   'is-symbol': [ '1.1.1' ],
2301 silly audit   esrecurse: [ '4.3.0' ],
2301 silly audit   acorn: [ '8.16.0' ],
2301 silly audit   'acorn-jsx': [ '5.3.2' ],
2301 silly audit   reusify: [ '1.1.0' ],
2301 silly audit   'flat-cache': [ '3.2.0' ],
2301 silly audit   'locate-path': [ '6.0.0' ],
2301 silly audit   'path-exists': [ '4.0.0' ],
2301 silly audit   flatted: [ '3.4.2' ],
2301 silly audit   keyv: [ '4.5.4' ],
2301 silly audit   rimraf: [ '3.0.2' ],
2301 silly audit   asynckit: [ '0.4.0' ],
2301 silly audit   'combined-stream': [ '1.0.8' ],
2301 silly audit   'mime-types': [ '2.1.35' ],
2301 silly audit   'delayed-stream': [ '1.0.0' ],
2301 silly audit   'functions-have-names': [ '1.2.3' ],
2301 silly audit   'dunder-proto': [ '1.0.1' ],
2301 silly audit   'type-fest': [ '0.20.2' ],
2301 silly audit   'parent-module': [ '1.0.1' ],
2301 silly audit   'resolve-from': [ '4.0.0' ],
2301 silly audit   'side-channel': [ '1.1.0' ],
2301 silly audit   'is-extglob': [ '2.1.1' ],
2301 silly audit   'set-function-name': [ '2.0.2' ],
2301 silly audit   argparse: [ '2.0.1' ],
2301 silly audit   'array.prototype.flat': [ '1.3.3' ],
2301 silly audit   'json-buffer': [ '3.0.1' ],
2301 silly audit   'prelude-ls': [ '1.2.1' ],
2301 silly audit   'type-check': [ '0.4.0' ],
2301 silly audit   'p-locate': [ '5.0.0' ],
2301 silly audit   yallist: [ '3.1.1' ],
2301 silly audit   'mime-db': [ '1.52.0' ],
2301 silly audit   'brace-expansion': [ '1.1.14' ],
2301 silly audit   'balanced-match': [ '1.0.2' ],
2301 silly audit   'concat-map': [ '0.0.1' ],
2301 silly audit   'deep-is': [ '0.1.4' ],
2301 silly audit   'fast-levenshtein': [ '2.0.6' ],
2301 silly audit   'word-wrap': [ '1.2.5' ],
2301 silly audit   'p-limit': [ '3.1.0' ],
2301 silly audit   'yocto-queue': [ '0.1.0' ],
2301 silly audit   callsites: [ '3.1.0' ],
2301 silly audit   nanoid: [ '3.3.11' ],
2301 silly audit   'source-map-js': [ '1.2.1' ],
2301 silly audit   'loose-envify': [ '1.4.0' ],
2301 silly audit   'object-assign': [ '4.1.1' ],
2301 silly audit   'react-is': [ '16.13.1' ],
2301 silly audit   scheduler: [ '0.23.2' ],
2301 silly audit   '@remix-run/router': [ '1.23.2' ],
2301 silly audit   'react-router': [ '6.30.3' ],
2301 silly audit   'is-core-module': [ '2.16.1' ],
2301 silly audit   'node-exports-info': [ '1.6.0' ],
2301 silly audit   'path-parse': [ '1.0.7' ],
2301 silly audit   'supports-preserve-symlinks-flag': [ '1.0.0' ],
2301 silly audit   glob: [ '7.2.3' ],
2301 silly audit   'fs.realpath': [ '1.0.0' ],
2301 silly audit   inflight: [ '1.0.6' ],
2301 silly audit   inherits: [ '2.0.4' ],
2301 silly audit   once: [ '1.4.0' ],
2301 silly audit   'path-is-absolute': [ '1.0.1' ],
2301 silly audit   wrappy: [ '1.0.2' ],
2301 silly audit   'queue-microtask': [ '1.2.3' ],
2301 silly audit   isarray: [ '2.0.5' ],
2301 silly audit   'shebang-regex': [ '3.0.0' ],
2301 silly audit   'side-channel-list': [ '1.0.1' ],
2301 silly audit   'side-channel-map': [ '1.0.1' ],
2301 silly audit   'side-channel-weakmap': [ '1.0.2' ],
2301 silly audit   'ansi-regex': [ '5.0.1' ],
2301 silly audit   'has-flag': [ '4.0.0' ],
2301 silly audit   '@alloc/quick-lru': [ '5.2.0' ],
2301 silly audit   arg: [ '5.0.2' ],
2301 silly audit   chokidar: [ '3.6.0' ],
2301 silly audit   didyoumean: [ '1.2.2' ],
2301 silly audit   dlv: [ '1.1.3' ],
2301 silly audit   'fast-glob': [ '3.3.3' ],
2301 silly audit   jiti: [ '1.21.7' ],
2301 silly audit   lilconfig: [ '3.1.3' ],
2301 silly audit   micromatch: [ '4.0.8' ],
2301 silly audit   'normalize-path': [ '3.0.0' ],
2301 silly audit   'object-hash': [ '3.0.0' ],
2301 silly audit   'postcss-import': [ '15.1.0' ],
2301 silly audit   'postcss-js': [ '4.1.0' ],
2301 silly audit   'postcss-load-config': [ '6.0.1' ],
2301 silly audit   'postcss-nested': [ '6.2.0' ],
2301 silly audit   'postcss-selector-parser': [ '6.1.2' ],
2301 silly audit   sucrase: [ '3.35.1' ],
2301 silly audit   anymatch: [ '3.1.3' ],
2301 silly audit   braces: [ '3.0.3' ],
2301 silly audit   fsevents: [ '2.3.3' ],
2301 silly audit   'is-binary-path': [ '2.1.0' ],
2301 silly audit   readdirp: [ '3.6.0' ],
2301 silly audit   picomatch: [ '2.3.2', '4.0.4' ],
2301 silly audit   'fill-range': [ '7.1.1' ],
2301 silly audit   merge2: [ '1.4.1' ],
2301 silly audit   'to-regex-range': [ '5.0.1' ],
2301 silly audit   'binary-extensions': [ '2.3.0' ],
2301 silly audit   'read-cache': [ '1.0.0' ],
2301 silly audit   'camelcase-css': [ '2.0.1' ],
2301 silly audit   cssesc: [ '3.0.0' ],
2301 silly audit   'util-deprecate': [ '1.0.2' ],
2301 silly audit   pify: [ '2.3.0' ],
2301 silly audit   commander: [ '4.1.1' ],
2301 silly audit   'lines-and-columns': [ '1.2.4' ],
2301 silly audit   mz: [ '2.7.0' ],
2301 silly audit   pirates: [ '4.0.7' ],
2301 silly audit   tinyglobby: [ '0.2.16' ],
2301 silly audit   'ts-interface-checker': [ '0.1.13' ],
2301 silly audit   'any-promise': [ '1.3.0' ],
2301 silly audit   'thenify-all': [ '1.6.0' ],
2301 silly audit   thenify: [ '3.3.1' ],
2301 silly audit   fdir: [ '6.5.0' ],
2301 silly audit   'is-number': [ '7.0.0' ],
2301 silly audit   'for-each': [ '0.3.5' ],
2301 silly audit   'reflect.getprototypeof': [ '1.0.10' ],
2301 silly audit   'which-builtin-type': [ '1.2.1' ],
2301 silly audit   'has-bigints': [ '1.1.0' ],
2301 silly audit   'which-boxed-primitive': [ '1.1.1' ],
2301 silly audit   escalade: [ '3.2.0' ],
2301 silly audit   punycode: [ '2.3.1' ],
2301 silly audit   esbuild: [ '0.21.5' ],
2301 silly audit   rollup: [ '4.60.2' ],
2301 silly audit   '@esbuild/aix-ppc64': [ '0.21.5' ],
2301 silly audit   '@esbuild/android-arm': [ '0.21.5' ],
2301 silly audit   '@esbuild/android-arm64': [ '0.21.5' ],
2301 silly audit   '@esbuild/android-x64': [ '0.21.5' ],
2301 silly audit   '@esbuild/darwin-arm64': [ '0.21.5' ],
2301 silly audit   '@esbuild/darwin-x64': [ '0.21.5' ],
2301 silly audit   '@esbuild/freebsd-arm64': [ '0.21.5' ],
2301 silly audit   '@esbuild/freebsd-x64': [ '0.21.5' ],
2301 silly audit   '@esbuild/linux-arm': [ '0.21.5' ],
2301 silly audit   '@esbuild/linux-arm64': [ '0.21.5' ],
2301 silly audit   '@esbuild/linux-ia32': [ '0.21.5' ],
2301 silly audit   '@esbuild/linux-loong64': [ '0.21.5' ],
2301 silly audit   '@esbuild/linux-mips64el': [ '0.21.5' ],
2301 silly audit   '@esbuild/linux-ppc64': [ '0.21.5' ],
2301 silly audit   '@esbuild/linux-riscv64': [ '0.21.5' ],
2301 silly audit   '@esbuild/linux-s390x': [ '0.21.5' ],
2301 silly audit   '@esbuild/linux-x64': [ '0.21.5' ],
2301 silly audit   '@esbuild/netbsd-x64': [ '0.21.5' ],
2301 silly audit   '@esbuild/openbsd-x64': [ '0.21.5' ],
2301 silly audit   '@esbuild/sunos-x64': [ '0.21.5' ],
2301 silly audit   '@esbuild/win32-arm64': [ '0.21.5' ],
2301 silly audit   '@esbuild/win32-ia32': [ '0.21.5' ],
2301 silly audit   '@esbuild/win32-x64': [ '0.21.5' ],
2301 silly audit   '@rollup/rollup-android-arm-eabi': [ '4.60.2' ],
2301 silly audit   '@rollup/rollup-android-arm64': [ '4.60.2' ],
2301 silly audit   '@rollup/rollup-darwin-arm64': [ '4.60.2' ],
2301 silly audit   '@rollup/rollup-darwin-x64': [ '4.60.2' ],
2301 silly audit   '@rollup/rollup-freebsd-arm64': [ '4.60.2' ],
2301 silly audit   '@rollup/rollup-freebsd-x64': [ '4.60.2' ],
2301 silly audit   '@rollup/rollup-linux-arm-gnueabihf': [ '4.60.2' ],
2301 silly audit   '@rollup/rollup-linux-arm-musleabihf': [ '4.60.2' ],
2301 silly audit   '@rollup/rollup-linux-arm64-gnu': [ '4.60.2' ],
2301 silly audit   '@rollup/rollup-linux-arm64-musl': [ '4.60.2' ],
2301 silly audit   '@rollup/rollup-linux-loong64-gnu': [ '4.60.2' ],
2301 silly audit   '@rollup/rollup-linux-loong64-musl': [ '4.60.2' ],
2301 silly audit   '@rollup/rollup-linux-ppc64-gnu': [ '4.60.2' ],
2301 silly audit   '@rollup/rollup-linux-ppc64-musl': [ '4.60.2' ],
2301 silly audit   '@rollup/rollup-linux-riscv64-gnu': [ '4.60.2' ],
2301 silly audit   '@rollup/rollup-linux-riscv64-musl': [ '4.60.2' ],
2301 silly audit   '@rollup/rollup-linux-s390x-gnu': [ '4.60.2' ],
2301 silly audit   '@rollup/rollup-linux-x64-gnu': [ '4.60.2' ],
2301 silly audit   '@rollup/rollup-linux-x64-musl': [ '4.60.2' ],
2301 silly audit   '@rollup/rollup-openbsd-x64': [ '4.60.2' ],
2301 silly audit   '@rollup/rollup-openharmony-arm64': [ '4.60.2' ],
2301 silly audit   '@rollup/rollup-win32-arm64-msvc': [ '4.60.2' ],
2301 silly audit   '@rollup/rollup-win32-ia32-msvc': [ '4.60.2' ],
2301 silly audit   '@rollup/rollup-win32-x64-gnu': [ '4.60.2' ],
2301 silly audit   '@rollup/rollup-win32-x64-msvc': [ '4.60.2' ],
2301 silly audit   '@types/estree': [ '1.0.8' ],
2301 silly audit   isexe: [ '2.0.0' ],
2301 silly audit   'is-bigint': [ '1.1.0' ],
2301 silly audit   'is-boolean-object': [ '1.2.2' ],
2301 silly audit   'is-number-object': [ '1.1.1' ],
2301 silly audit   'is-async-function': [ '2.1.1' ],
2301 silly audit   'is-finalizationregistry': [ '1.1.1' ],
2301 silly audit   'is-generator-function': [ '1.1.2' ],
2301 silly audit   'which-collection': [ '1.0.2' ],
2301 silly audit   'async-function': [ '1.0.0' ],
2301 silly audit   'generator-function': [ '2.0.1' ],
2301 silly audit   'is-map': [ '2.0.3' ],
2301 silly audit   'is-weakmap': [ '2.0.2' ],
2301 silly audit   'is-weakset': [ '2.0.4' ]
2301 silly audit }
2302 verbose reify failed optional dependency C:\Users\digbi\OneDrive\Desktop\Academics\PROJECTS\BTP_VI\frontend\node_modules\@rollup\rollup-win32-ia32-msvc
2303 silly reify mark deleted [
2303 silly reify   'C:\\Users\\digbi\\OneDrive\\Desktop\\Academics\\PROJECTS\\BTP_VI\\frontend\\node_modules\\@rollup\\rollup-win32-ia32-msvc'
2303 silly reify ]
2304 verbose reify failed optional dependency C:\Users\digbi\OneDrive\Desktop\Academics\PROJECTS\BTP_VI\frontend\node_modules\@rollup\rollup-win32-arm64-msvc
2305 silly reify mark deleted [
2305 silly reify   'C:\\Users\\digbi\\OneDrive\\Desktop\\Academics\\PROJECTS\\BTP_VI\\frontend\\node_modules\\@rollup\\rollup-win32-arm64-msvc'
2305 silly reify ]
2306 verbose reify failed optional dependency C:\Users\digbi\OneDrive\Desktop\Academics\PROJECTS\BTP_VI\frontend\node_modules\@rollup\rollup-openharmony-arm64
2307 silly reify mark deleted [
2307 silly reify   'C:\\Users\\digbi\\OneDrive\\Desktop\\Academics\\PROJECTS\\BTP_VI\\frontend\\node_modules\\@rollup\\rollup-openharmony-arm64'
2307 silly reify ]
2308 verbose reify failed optional dependency C:\Users\digbi\OneDrive\Desktop\Academics\PROJECTS\BTP_VI\frontend\node_modules\@rollup\rollup-openbsd-x64
2309 silly reify mark deleted [
2309 silly reify   'C:\\Users\\digbi\\OneDrive\\Desktop\\Academics\\PROJECTS\\BTP_VI\\frontend\\node_modules\\@rollup\\rollup-openbsd-x64'
2309 silly reify ]
2310 verbose reify failed optional dependency C:\Users\digbi\OneDrive\Desktop\Academics\PROJECTS\BTP_VI\frontend\node_modules\@rollup\rollup-linux-x64-musl
2311 silly reify mark deleted [
2311 silly reify   'C:\\Users\\digbi\\OneDrive\\Desktop\\Academics\\PROJECTS\\BTP_VI\\frontend\\node_modules\\@rollup\\rollup-linux-x64-musl'
2311 silly reify ]
2312 verbose reify failed optional dependency C:\Users\digbi\OneDrive\Desktop\Academics\PROJECTS\BTP_VI\frontend\node_modules\@rollup\rollup-linux-x64-gnu
2313 silly reify mark deleted [
2313 silly reify   'C:\\Users\\digbi\\OneDrive\\Desktop\\Academics\\PROJECTS\\BTP_VI\\frontend\\node_modules\\@rollup\\rollup-linux-x64-gnu'
2313 silly reify ]
2314 verbose reify failed optional dependency C:\Users\digbi\OneDrive\Desktop\Academics\PROJECTS\BTP_VI\frontend\node_modules\@rollup\rollup-linux-s390x-gnu
2315 silly reify mark deleted [
2315 silly reify   'C:\\Users\\digbi\\OneDrive\\Desktop\\Academics\\PROJECTS\\BTP_VI\\frontend\\node_modules\\@rollup\\rollup-linux-s390x-gnu'
2315 silly reify ]
2316 verbose reify failed optional dependency C:\Users\digbi\OneDrive\Desktop\Academics\PROJECTS\BTP_VI\frontend\node_modules\@rollup\rollup-linux-riscv64-musl
2317 silly reify mark deleted [
2317 silly reify   'C:\\Users\\digbi\\OneDrive\\Desktop\\Academics\\PROJECTS\\BTP_VI\\frontend\\node_modules\\@rollup\\rollup-linux-riscv64-musl'
2317 silly reify ]
2318 verbose reify failed optional dependency C:\Users\digbi\OneDrive\Desktop\Academics\PROJECTS\BTP_VI\frontend\node_modules\@rollup\rollup-linux-riscv64-gnu
2319 silly reify mark deleted [
2319 silly reify   'C:\\Users\\digbi\\OneDrive\\Desktop\\Academics\\PROJECTS\\BTP_VI\\frontend\\node_modules\\@rollup\\rollup-linux-riscv64-gnu'
2319 silly reify ]
2320 verbose reify failed optional dependency C:\Users\digbi\OneDrive\Desktop\Academics\PROJECTS\BTP_VI\frontend\node_modules\@rollup\rollup-linux-ppc64-musl
2321 silly reify mark deleted [
2321 silly reify   'C:\\Users\\digbi\\OneDrive\\Desktop\\Academics\\PROJECTS\\BTP_VI\\frontend\\node_modules\\@rollup\\rollup-linux-ppc64-musl'
2321 silly reify ]
2322 verbose reify failed optional dependency C:\Users\digbi\OneDrive\Desktop\Academics\PROJECTS\BTP_VI\frontend\node_modules\@rollup\rollup-linux-ppc64-gnu
2323 silly reify mark deleted [
2323 silly reify   'C:\\Users\\digbi\\OneDrive\\Desktop\\Academics\\PROJECTS\\BTP_VI\\frontend\\node_modules\\@rollup\\rollup-linux-ppc64-gnu'
2323 silly reify ]
2324 verbose reify failed optional dependency C:\Users\digbi\OneDrive\Desktop\Academics\PROJECTS\BTP_VI\frontend\node_modules\@rollup\rollup-linux-loong64-musl
2325 silly reify mark deleted [
2325 silly reify   'C:\\Users\\digbi\\OneDrive\\Desktop\\Academics\\PROJECTS\\BTP_VI\\frontend\\node_modules\\@rollup\\rollup-linux-loong64-musl'
2325 silly reify ]
2326 verbose reify failed optional dependency C:\Users\digbi\OneDrive\Desktop\Academics\PROJECTS\BTP_VI\frontend\node_modules\@rollup\rollup-linux-loong64-gnu
2327 silly reify mark deleted [
2327 silly reify   'C:\\Users\\digbi\\OneDrive\\Desktop\\Academics\\PROJECTS\\BTP_VI\\frontend\\node_modules\\@rollup\\rollup-linux-loong64-gnu'
2327 silly reify ]
2328 verbose reify failed optional dependency C:\Users\digbi\OneDrive\Desktop\Academics\PROJECTS\BTP_VI\frontend\node_modules\@rollup\rollup-linux-arm64-musl
2329 silly reify mark deleted [
2329 silly reify   'C:\\Users\\digbi\\OneDrive\\Desktop\\Academics\\PROJECTS\\BTP_VI\\frontend\\node_modules\\@rollup\\rollup-linux-arm64-musl'
2329 silly reify ]
2330 verbose reify failed optional dependency C:\Users\digbi\OneDrive\Desktop\Academics\PROJECTS\BTP_VI\frontend\node_modules\@rollup\rollup-linux-arm64-gnu
2331 silly reify mark deleted [
2331 silly reify   'C:\\Users\\digbi\\OneDrive\\Desktop\\Academics\\PROJECTS\\BTP_VI\\frontend\\node_modules\\@rollup\\rollup-linux-arm64-gnu'
2331 silly reify ]
2332 verbose reify failed optional dependency C:\Users\digbi\OneDrive\Desktop\Academics\PROJECTS\BTP_VI\frontend\node_modules\@rollup\rollup-linux-arm-musleabihf
2333 silly reify mark deleted [
2333 silly reify   'C:\\Users\\digbi\\OneDrive\\Desktop\\Academics\\PROJECTS\\BTP_VI\\frontend\\node_modules\\@rollup\\rollup-linux-arm-musleabihf'
2333 silly reify ]
2334 verbose reify failed optional dependency C:\Users\digbi\OneDrive\Desktop\Academics\PROJECTS\BTP_VI\frontend\node_modules\@rollup\rollup-linux-arm-gnueabihf
2335 silly reify mark deleted [
2335 silly reify   'C:\\Users\\digbi\\OneDrive\\Desktop\\Academics\\PROJECTS\\BTP_VI\\frontend\\node_modules\\@rollup\\rollup-linux-arm-gnueabihf'
2335 silly reify ]
2336 verbose reify failed optional dependency C:\Users\digbi\OneDrive\Desktop\Academics\PROJECTS\BTP_VI\frontend\node_modules\@rollup\rollup-freebsd-x64
2337 silly reify mark deleted [
2337 silly reify   'C:\\Users\\digbi\\OneDrive\\Desktop\\Academics\\PROJECTS\\BTP_VI\\frontend\\node_modules\\@rollup\\rollup-freebsd-x64'
2337 silly reify ]
2338 verbose reify failed optional dependency C:\Users\digbi\OneDrive\Desktop\Academics\PROJECTS\BTP_VI\frontend\node_modules\@rollup\rollup-freebsd-arm64
2339 silly reify mark deleted [
2339 silly reify   'C:\\Users\\digbi\\OneDrive\\Desktop\\Academics\\PROJECTS\\BTP_VI\\frontend\\node_modules\\@rollup\\rollup-freebsd-arm64'
2339 silly reify ]
2340 verbose reify failed optional dependency C:\Users\digbi\OneDrive\Desktop\Academics\PROJECTS\BTP_VI\frontend\node_modules\@rollup\rollup-darwin-x64
2341 silly reify mark deleted [
2341 silly reify   'C:\\Users\\digbi\\OneDrive\\Desktop\\Academics\\PROJECTS\\BTP_VI\\frontend\\node_modules\\@rollup\\rollup-darwin-x64'
2341 silly reify ]
2342 verbose reify failed optional dependency C:\Users\digbi\OneDrive\Desktop\Academics\PROJECTS\BTP_VI\frontend\node_modules\@rollup\rollup-darwin-arm64
2343 silly reify mark deleted [
2343 silly reify   'C:\\Users\\digbi\\OneDrive\\Desktop\\Academics\\PROJECTS\\BTP_VI\\frontend\\node_modules\\@rollup\\rollup-darwin-arm64'
2343 silly reify ]
2344 verbose reify failed optional dependency C:\Users\digbi\OneDrive\Desktop\Academics\PROJECTS\BTP_VI\frontend\node_modules\@rollup\rollup-android-arm64
2345 silly reify mark deleted [
2345 silly reify   'C:\\Users\\digbi\\OneDrive\\Desktop\\Academics\\PROJECTS\\BTP_VI\\frontend\\node_modules\\@rollup\\rollup-android-arm64'
2345 silly reify ]
2346 verbose reify failed optional dependency C:\Users\digbi\OneDrive\Desktop\Academics\PROJECTS\BTP_VI\frontend\node_modules\@rollup\rollup-android-arm-eabi
2347 silly reify mark deleted [
2347 silly reify   'C:\\Users\\digbi\\OneDrive\\Desktop\\Academics\\PROJECTS\\BTP_VI\\frontend\\node_modules\\@rollup\\rollup-android-arm-eabi'
2347 silly reify ]
2348 verbose reify failed optional dependency C:\Users\digbi\OneDrive\Desktop\Academics\PROJECTS\BTP_VI\frontend\node_modules\@esbuild\win32-ia32
2349 silly reify mark deleted [
2349 silly reify   'C:\\Users\\digbi\\OneDrive\\Desktop\\Academics\\PROJECTS\\BTP_VI\\frontend\\node_modules\\@esbuild\\win32-ia32'
2349 silly reify ]
2350 verbose reify failed optional dependency C:\Users\digbi\OneDrive\Desktop\Academics\PROJECTS\BTP_VI\frontend\node_modules\@esbuild\win32-arm64
2351 silly reify mark deleted [
2351 silly reify   'C:\\Users\\digbi\\OneDrive\\Desktop\\Academics\\PROJECTS\\BTP_VI\\frontend\\node_modules\\@esbuild\\win32-arm64'
2351 silly reify ]
2352 verbose reify failed optional dependency C:\Users\digbi\OneDrive\Desktop\Academics\PROJECTS\BTP_VI\frontend\node_modules\@esbuild\sunos-x64
2353 silly reify mark deleted [
2353 silly reify   'C:\\Users\\digbi\\OneDrive\\Desktop\\Academics\\PROJECTS\\BTP_VI\\frontend\\node_modules\\@esbuild\\sunos-x64'
2353 silly reify ]
2354 verbose reify failed optional dependency C:\Users\digbi\OneDrive\Desktop\Academics\PROJECTS\BTP_VI\frontend\node_modules\@esbuild\openbsd-x64
2355 silly reify mark deleted [
2355 silly reify   'C:\\Users\\digbi\\OneDrive\\Desktop\\Academics\\PROJECTS\\BTP_VI\\frontend\\node_modules\\@esbuild\\openbsd-x64'
2355 silly reify ]
2356 verbose reify failed optional dependency C:\Users\digbi\OneDrive\Desktop\Academics\PROJECTS\BTP_VI\frontend\node_modules\@esbuild\netbsd-x64
2357 silly reify mark deleted [
2357 silly reify   'C:\\Users\\digbi\\OneDrive\\Desktop\\Academics\\PROJECTS\\BTP_VI\\frontend\\node_modules\\@esbuild\\netbsd-x64'
2357 silly reify ]
2358 verbose reify failed optional dependency C:\Users\digbi\OneDrive\Desktop\Academics\PROJECTS\BTP_VI\frontend\node_modules\@esbuild\linux-x64
2359 silly reify mark deleted [
2359 silly reify   'C:\\Users\\digbi\\OneDrive\\Desktop\\Academics\\PROJECTS\\BTP_VI\\frontend\\node_modules\\@esbuild\\linux-x64'
2359 silly reify ]
2360 verbose reify failed optional dependency C:\Users\digbi\OneDrive\Desktop\Academics\PROJECTS\BTP_VI\frontend\node_modules\@esbuild\linux-s390x
2361 silly reify mark deleted [
2361 silly reify   'C:\\Users\\digbi\\OneDrive\\Desktop\\Academics\\PROJECTS\\BTP_VI\\frontend\\node_modules\\@esbuild\\linux-s390x'
2361 silly reify ]
2362 verbose reify failed optional dependency C:\Users\digbi\OneDrive\Desktop\Academics\PROJECTS\BTP_VI\frontend\node_modules\@esbuild\linux-riscv64
2363 silly reify mark deleted [
2363 silly reify   'C:\\Users\\digbi\\OneDrive\\Desktop\\Academics\\PROJECTS\\BTP_VI\\frontend\\node_modules\\@esbuild\\linux-riscv64'
2363 silly reify ]
2364 verbose reify failed optional dependency C:\Users\digbi\OneDrive\Desktop\Academics\PROJECTS\BTP_VI\frontend\node_modules\@esbuild\linux-ppc64
2365 silly reify mark deleted [
2365 silly reify   'C:\\Users\\digbi\\OneDrive\\Desktop\\Academics\\PROJECTS\\BTP_VI\\frontend\\node_modules\\@esbuild\\linux-ppc64'
2365 silly reify ]
2366 verbose reify failed optional dependency C:\Users\digbi\OneDrive\Desktop\Academics\PROJECTS\BTP_VI\frontend\node_modules\@esbuild\linux-mips64el
2367 silly reify mark deleted [
2367 silly reify   'C:\\Users\\digbi\\OneDrive\\Desktop\\Academics\\PROJECTS\\BTP_VI\\frontend\\node_modules\\@esbuild\\linux-mips64el'
2367 silly reify ]
2368 verbose reify failed optional dependency C:\Users\digbi\OneDrive\Desktop\Academics\PROJECTS\BTP_VI\frontend\node_modules\@esbuild\linux-loong64
2369 silly reify mark deleted [
2369 silly reify   'C:\\Users\\digbi\\OneDrive\\Desktop\\Academics\\PROJECTS\\BTP_VI\\frontend\\node_modules\\@esbuild\\linux-loong64'
2369 silly reify ]
2370 verbose reify failed optional dependency C:\Users\digbi\OneDrive\Desktop\Academics\PROJECTS\BTP_VI\frontend\node_modules\@esbuild\linux-ia32
2371 silly reify mark deleted [
2371 silly reify   'C:\\Users\\digbi\\OneDrive\\Desktop\\Academics\\PROJECTS\\BTP_VI\\frontend\\node_modules\\@esbuild\\linux-ia32'
2371 silly reify ]
2372 verbose reify failed optional dependency C:\Users\digbi\OneDrive\Desktop\Academics\PROJECTS\BTP_VI\frontend\node_modules\@esbuild\linux-arm64
2373 silly reify mark deleted [
2373 silly reify   'C:\\Users\\digbi\\OneDrive\\Desktop\\Academics\\PROJECTS\\BTP_VI\\frontend\\node_modules\\@esbuild\\linux-arm64'
2373 silly reify ]
2374 verbose reify failed optional dependency C:\Users\digbi\OneDrive\Desktop\Academics\PROJECTS\BTP_VI\frontend\node_modules\@esbuild\linux-arm
2375 silly reify mark deleted [
2375 silly reify   'C:\\Users\\digbi\\OneDrive\\Desktop\\Academics\\PROJECTS\\BTP_VI\\frontend\\node_modules\\@esbuild\\linux-arm'
2375 silly reify ]
2376 verbose reify failed optional dependency C:\Users\digbi\OneDrive\Desktop\Academics\PROJECTS\BTP_VI\frontend\node_modules\@esbuild\freebsd-x64
2377 silly reify mark deleted [
2377 silly reify   'C:\\Users\\digbi\\OneDrive\\Desktop\\Academics\\PROJECTS\\BTP_VI\\frontend\\node_modules\\@esbuild\\freebsd-x64'
2377 silly reify ]
2378 verbose reify failed optional dependency C:\Users\digbi\OneDrive\Desktop\Academics\PROJECTS\BTP_VI\frontend\node_modules\@esbuild\freebsd-arm64
2379 silly reify mark deleted [
2379 silly reify   'C:\\Users\\digbi\\OneDrive\\Desktop\\Academics\\PROJECTS\\BTP_VI\\frontend\\node_modules\\@esbuild\\freebsd-arm64'
2379 silly reify ]
2380 verbose reify failed optional dependency C:\Users\digbi\OneDrive\Desktop\Academics\PROJECTS\BTP_VI\frontend\node_modules\@esbuild\darwin-x64
2381 silly reify mark deleted [
2381 silly reify   'C:\\Users\\digbi\\OneDrive\\Desktop\\Academics\\PROJECTS\\BTP_VI\\frontend\\node_modules\\@esbuild\\darwin-x64'
2381 silly reify ]
2382 verbose reify failed optional dependency C:\Users\digbi\OneDrive\Desktop\Academics\PROJECTS\BTP_VI\frontend\node_modules\@esbuild\darwin-arm64
2383 silly reify mark deleted [
2383 silly reify   'C:\\Users\\digbi\\OneDrive\\Desktop\\Academics\\PROJECTS\\BTP_VI\\frontend\\node_modules\\@esbuild\\darwin-arm64'
2383 silly reify ]
2384 verbose reify failed optional dependency C:\Users\digbi\OneDrive\Desktop\Academics\PROJECTS\BTP_VI\frontend\node_modules\@esbuild\android-x64
2385 silly reify mark deleted [
2385 silly reify   'C:\\Users\\digbi\\OneDrive\\Desktop\\Academics\\PROJECTS\\BTP_VI\\frontend\\node_modules\\@esbuild\\android-x64'
2385 silly reify ]
2386 verbose reify failed optional dependency C:\Users\digbi\OneDrive\Desktop\Academics\PROJECTS\BTP_VI\frontend\node_modules\@esbuild\android-arm64
2387 silly reify mark deleted [
2387 silly reify   'C:\\Users\\digbi\\OneDrive\\Desktop\\Academics\\PROJECTS\\BTP_VI\\frontend\\node_modules\\@esbuild\\android-arm64'
2387 silly reify ]
2388 verbose reify failed optional dependency C:\Users\digbi\OneDrive\Desktop\Academics\PROJECTS\BTP_VI\frontend\node_modules\@esbuild\android-arm
2389 silly reify mark deleted [
2389 silly reify   'C:\\Users\\digbi\\OneDrive\\Desktop\\Academics\\PROJECTS\\BTP_VI\\frontend\\node_modules\\@esbuild\\android-arm'
2389 silly reify ]
2390 verbose reify failed optional dependency C:\Users\digbi\OneDrive\Desktop\Academics\PROJECTS\BTP_VI\frontend\node_modules\@esbuild\aix-ppc64
2391 silly reify mark deleted [
2391 silly reify   'C:\\Users\\digbi\\OneDrive\\Desktop\\Academics\\PROJECTS\\BTP_VI\\frontend\\node_modules\\@esbuild\\aix-ppc64'
2391 silly reify ]
2392 verbose reify failed optional dependency C:\Users\digbi\OneDrive\Desktop\Academics\PROJECTS\BTP_VI\frontend\node_modules\fsevents
2393 silly reify mark deleted [
2393 silly reify   'C:\\Users\\digbi\\OneDrive\\Desktop\\Academics\\PROJECTS\\BTP_VI\\frontend\\node_modules\\fsevents'
2393 silly reify ]
2394 http cache generator-function@https://registry.npmjs.org/generator-function/-/generator-function-2.0.1.tgz 0ms (cache hit)
2395 http cache is-map@https://registry.npmjs.org/is-map/-/is-map-2.0.3.tgz 0ms (cache hit)
2396 http cache is-weakmap@https://registry.npmjs.org/is-weakmap/-/is-weakmap-2.0.2.tgz 0ms (cache hit)
2397 http cache is-weakset@https://registry.npmjs.org/is-weakset/-/is-weakset-2.0.4.tgz 0ms (cache hit)
2398 http cache which-collection@https://registry.npmjs.org/which-collection/-/which-collection-1.0.2.tgz 0ms (cache hit)
2399 http cache async-function@https://registry.npmjs.org/async-function/-/async-function-1.0.0.tgz 0ms (cache hit)
2400 http cache is-generator-function@https://registry.npmjs.org/is-generator-function/-/is-generator-function-1.1.2.tgz 0ms (cache hit)
2401 http cache is-finalizationregistry@https://registry.npmjs.org/is-finalizationregistry/-/is-finalizationregistry-1.1.1.tgz 0ms (cache hit)
2402 http cache @types/estree@https://registry.npmjs.org/@types/estree/-/estree-1.0.8.tgz 0ms (cache hit)
2403 http cache is-async-function@https://registry.npmjs.org/is-async-function/-/is-async-function-2.1.1.tgz 0ms (cache hit)
2404 http cache is-number-object@https://registry.npmjs.org/is-number-object/-/is-number-object-1.1.1.tgz 0ms (cache hit)
2405 http cache isexe@https://registry.npmjs.org/isexe/-/isexe-2.0.0.tgz 0ms (cache hit)
2406 http cache is-bigint@https://registry.npmjs.org/is-bigint/-/is-bigint-1.1.0.tgz 0ms (cache hit)
2407 http cache is-boolean-object@https://registry.npmjs.org/is-boolean-object/-/is-boolean-object-1.2.2.tgz 0ms (cache hit)
2408 http cache @rollup/rollup-win32-x64-gnu@https://registry.npmjs.org/@rollup/rollup-win32-x64-gnu/-/rollup-win32-x64-gnu-4.60.2.tgz 0ms (cache hit)
2409 http cache @rollup/rollup-win32-x64-msvc@https://registry.npmjs.org/@rollup/rollup-win32-x64-msvc/-/rollup-win32-x64-msvc-4.60.2.tgz 0ms (cache hit)
2410 http cache rollup@https://registry.npmjs.org/rollup/-/rollup-4.60.2.tgz 0ms (cache hit)
2411 http cache @esbuild/win32-x64@https://registry.npmjs.org/@esbuild/win32-x64/-/win32-x64-0.21.5.tgz 0ms (cache hit)
2412 http cache which-boxed-primitive@https://registry.npmjs.org/which-boxed-primitive/-/which-boxed-primitive-1.1.1.tgz 0ms (cache hit)
2413 http cache punycode@https://registry.npmjs.org/punycode/-/punycode-2.3.1.tgz 0ms (cache hit)
2414 http cache esbuild@https://registry.npmjs.org/esbuild/-/esbuild-0.21.5.tgz 0ms (cache hit)
2415 http cache escalade@https://registry.npmjs.org/escalade/-/escalade-3.2.0.tgz 0ms (cache hit)
2416 http cache has-bigints@https://registry.npmjs.org/has-bigints/-/has-bigints-1.1.0.tgz 0ms (cache hit)
2417 http cache which-builtin-type@https://registry.npmjs.org/which-builtin-type/-/which-builtin-type-1.2.1.tgz 0ms (cache hit)
2418 http cache reflect.getprototypeof@https://registry.npmjs.org/reflect.getprototypeof/-/reflect.getprototypeof-1.0.10.tgz 0ms (cache hit)
2419 http cache is-number@https://registry.npmjs.org/is-number/-/is-number-7.0.0.tgz 0ms (cache hit)
2420 http cache thenify@https://registry.npmjs.org/thenify/-/thenify-3.3.1.tgz 0ms (cache hit)
2421 http cache ts-interface-checker@https://registry.npmjs.org/ts-interface-checker/-/ts-interface-checker-0.1.13.tgz 0ms (cache hit)
2422 http cache for-each@https://registry.npmjs.org/for-each/-/for-each-0.3.5.tgz 0ms (cache hit)
2423 http cache any-promise@https://registry.npmjs.org/any-promise/-/any-promise-1.3.0.tgz 0ms (cache hit)
2424 http cache thenify-all@https://registry.npmjs.org/thenify-all/-/thenify-all-1.6.0.tgz 0ms (cache hit)
2425 http cache mz@https://registry.npmjs.org/mz/-/mz-2.7.0.tgz 0ms (cache hit)
2426 http cache tinyglobby@https://registry.npmjs.org/tinyglobby/-/tinyglobby-0.2.16.tgz 0ms (cache hit)
2427 http cache pirates@https://registry.npmjs.org/pirates/-/pirates-4.0.7.tgz 0ms (cache hit)
2428 http cache commander@https://registry.npmjs.org/commander/-/commander-4.1.1.tgz 0ms (cache hit)
2429 http cache lines-and-columns@https://registry.npmjs.org/lines-and-columns/-/lines-and-columns-1.2.4.tgz 0ms (cache hit)
2430 http cache util-deprecate@https://registry.npmjs.org/util-deprecate/-/util-deprecate-1.0.2.tgz 0ms (cache hit)
2431 http cache camelcase-css@https://registry.npmjs.org/camelcase-css/-/camelcase-css-2.0.1.tgz 0ms (cache hit)
2432 http cache pify@https://registry.npmjs.org/pify/-/pify-2.3.0.tgz 0ms (cache hit)
2433 http cache cssesc@https://registry.npmjs.org/cssesc/-/cssesc-3.0.0.tgz 0ms (cache hit)
2434 http cache read-cache@https://registry.npmjs.org/read-cache/-/read-cache-1.0.0.tgz 0ms (cache hit)
2435 http cache to-regex-range@https://registry.npmjs.org/to-regex-range/-/to-regex-range-5.0.1.tgz 0ms (cache hit)
2436 http cache fill-range@https://registry.npmjs.org/fill-range/-/fill-range-7.1.1.tgz 0ms (cache hit)
2437 http cache binary-extensions@https://registry.npmjs.org/binary-extensions/-/binary-extensions-2.3.0.tgz 0ms (cache hit)
2438 http cache picomatch@https://registry.npmjs.org/picomatch/-/picomatch-2.3.2.tgz 0ms (cache hit)
2439 http cache merge2@https://registry.npmjs.org/merge2/-/merge2-1.4.1.tgz 0ms (cache hit)
2440 http cache readdirp@https://registry.npmjs.org/readdirp/-/readdirp-3.6.0.tgz 0ms (cache hit)
2441 http cache is-binary-path@https://registry.npmjs.org/is-binary-path/-/is-binary-path-2.1.0.tgz 0ms (cache hit)
2442 http cache anymatch@https://registry.npmjs.org/anymatch/-/anymatch-3.1.3.tgz 0ms (cache hit)
2443 http cache sucrase@https://registry.npmjs.org/sucrase/-/sucrase-3.35.1.tgz 0ms (cache hit)
2444 http cache postcss-load-config@https://registry.npmjs.org/postcss-load-config/-/postcss-load-config-6.0.1.tgz 0ms (cache hit)
2445 http cache postcss-nested@https://registry.npmjs.org/postcss-nested/-/postcss-nested-6.2.0.tgz 0ms (cache hit)
2446 http cache postcss-selector-parser@https://registry.npmjs.org/postcss-selector-parser/-/postcss-selector-parser-6.1.2.tgz 0ms (cache hit)
2447 http cache postcss-import@https://registry.npmjs.org/postcss-import/-/postcss-import-15.1.0.tgz 0ms (cache hit)
2448 http cache braces@https://registry.npmjs.org/braces/-/braces-3.0.3.tgz 0ms (cache hit)
2449 http cache postcss-js@https://registry.npmjs.org/postcss-js/-/postcss-js-4.1.0.tgz 0ms (cache hit)
2450 http cache object-hash@https://registry.npmjs.org/object-hash/-/object-hash-3.0.0.tgz 0ms (cache hit)
2451 http cache micromatch@https://registry.npmjs.org/micromatch/-/micromatch-4.0.8.tgz 0ms (cache hit)
2452 http cache fast-glob@https://registry.npmjs.org/fast-glob/-/fast-glob-3.3.3.tgz 0ms (cache hit)
2453 http cache normalize-path@https://registry.npmjs.org/normalize-path/-/normalize-path-3.0.0.tgz 0ms (cache hit)
2454 http cache jiti@https://registry.npmjs.org/jiti/-/jiti-1.21.7.tgz 0ms (cache hit)
2455 http cache lilconfig@https://registry.npmjs.org/lilconfig/-/lilconfig-3.1.3.tgz 0ms (cache hit)
2456 http cache chokidar@https://registry.npmjs.org/chokidar/-/chokidar-3.6.0.tgz 0ms (cache hit)
2457 http cache dlv@https://registry.npmjs.org/dlv/-/dlv-1.1.3.tgz 0ms (cache hit)
2458 http cache arg@https://registry.npmjs.org/arg/-/arg-5.0.2.tgz 1ms (cache hit)
2459 http cache @alloc/quick-lru@https://registry.npmjs.org/@alloc/quick-lru/-/quick-lru-5.2.0.tgz 0ms (cache hit)
2460 http cache has-flag@https://registry.npmjs.org/has-flag/-/has-flag-4.0.0.tgz 0ms (cache hit)
2461 http cache didyoumean@https://registry.npmjs.org/didyoumean/-/didyoumean-1.2.2.tgz 0ms (cache hit)
2462 http cache ansi-regex@https://registry.npmjs.org/ansi-regex/-/ansi-regex-5.0.1.tgz 0ms (cache hit)
2463 http cache side-channel-weakmap@https://registry.npmjs.org/side-channel-weakmap/-/side-channel-weakmap-1.0.2.tgz 0ms (cache hit)
2464 http cache side-channel-list@https://registry.npmjs.org/side-channel-list/-/side-channel-list-1.0.1.tgz 0ms (cache hit)
2465 http cache side-channel-map@https://registry.npmjs.org/side-channel-map/-/side-channel-map-1.0.1.tgz 0ms (cache hit)
2466 http cache shebang-regex@https://registry.npmjs.org/shebang-regex/-/shebang-regex-3.0.0.tgz 0ms (cache hit)
2467 http cache path-is-absolute@https://registry.npmjs.org/path-is-absolute/-/path-is-absolute-1.0.1.tgz 0ms (cache hit)
2468 http cache isarray@https://registry.npmjs.org/isarray/-/isarray-2.0.5.tgz 0ms (cache hit)
2469 http cache queue-microtask@https://registry.npmjs.org/queue-microtask/-/queue-microtask-1.2.3.tgz 0ms (cache hit)
2470 http cache wrappy@https://registry.npmjs.org/wrappy/-/wrappy-1.0.2.tgz 0ms (cache hit)
2471 http cache once@https://registry.npmjs.org/once/-/once-1.4.0.tgz 0ms (cache hit)
2472 http cache inherits@https://registry.npmjs.org/inherits/-/inherits-2.0.4.tgz 0ms (cache hit)
2473 http cache inflight@https://registry.npmjs.org/inflight/-/inflight-1.0.6.tgz 0ms (cache hit)
2474 http cache fs.realpath@https://registry.npmjs.org/fs.realpath/-/fs.realpath-1.0.0.tgz 0ms (cache hit)
2475 http cache glob@https://registry.npmjs.org/glob/-/glob-7.2.3.tgz 0ms (cache hit)
2476 http cache supports-preserve-symlinks-flag@https://registry.npmjs.org/supports-preserve-symlinks-flag/-/supports-preserve-symlinks-flag-1.0.0.tgz 0ms (cache hit)
2477 http cache node-exports-info@https://registry.npmjs.org/node-exports-info/-/node-exports-info-1.6.0.tgz 0ms (cache hit)
2478 http cache path-parse@https://registry.npmjs.org/path-parse/-/path-parse-1.0.7.tgz 0ms (cache hit)
2479 http cache react-router@https://registry.npmjs.org/react-router/-/react-router-6.30.3.tgz 0ms (cache hit)
2480 http cache is-core-module@https://registry.npmjs.org/is-core-module/-/is-core-module-2.16.1.tgz 0ms (cache hit)
2481 http cache @remix-run/router@https://registry.npmjs.org/@remix-run/router/-/router-1.23.2.tgz 0ms (cache hit)
2482 http cache scheduler@https://registry.npmjs.org/scheduler/-/scheduler-0.23.2.tgz 0ms (cache hit)
2483 http cache react-is@https://registry.npmjs.org/react-is/-/react-is-16.13.1.tgz 1ms (cache hit)
2484 http cache object-assign@https://registry.npmjs.org/object-assign/-/object-assign-4.1.1.tgz 0ms (cache hit)
2485 http cache yocto-queue@https://registry.npmjs.org/yocto-queue/-/yocto-queue-0.1.0.tgz 0ms (cache hit)
2486 http cache loose-envify@https://registry.npmjs.org/loose-envify/-/loose-envify-1.4.0.tgz 0ms (cache hit)
2487 http cache nanoid@https://registry.npmjs.org/nanoid/-/nanoid-3.3.11.tgz 0ms (cache hit)
2488 http cache callsites@https://registry.npmjs.org/callsites/-/callsites-3.1.0.tgz 0ms (cache hit)
2489 http cache source-map-js@https://registry.npmjs.org/source-map-js/-/source-map-js-1.2.1.tgz 0ms (cache hit)
2490 http cache p-limit@https://registry.npmjs.org/p-limit/-/p-limit-3.1.0.tgz 0ms (cache hit)
2491 http cache balanced-match@https://registry.npmjs.org/balanced-match/-/balanced-match-1.0.2.tgz 0ms (cache hit)
2492 http cache word-wrap@https://registry.npmjs.org/word-wrap/-/word-wrap-1.2.5.tgz 0ms (cache hit)
2493 http cache brace-expansion@https://registry.npmjs.org/brace-expansion/-/brace-expansion-1.1.14.tgz 0ms (cache hit)
2494 http cache fast-levenshtein@https://registry.npmjs.org/fast-levenshtein/-/fast-levenshtein-2.0.6.tgz 0ms (cache hit)
2495 http cache concat-map@https://registry.npmjs.org/concat-map/-/concat-map-0.0.1.tgz 0ms (cache hit)
2496 http cache deep-is@https://registry.npmjs.org/deep-is/-/deep-is-0.1.4.tgz 0ms (cache hit)
2497 http cache mime-db@https://registry.npmjs.org/mime-db/-/mime-db-1.52.0.tgz 0ms (cache hit)
2498 http cache yallist@https://registry.npmjs.org/yallist/-/yallist-3.1.1.tgz 0ms (cache hit)
2499 http cache p-locate@https://registry.npmjs.org/p-locate/-/p-locate-5.0.0.tgz 0ms (cache hit)
2500 http cache is-extglob@https://registry.npmjs.org/is-extglob/-/is-extglob-2.1.1.tgz 0ms (cache hit)
2501 http cache prelude-ls@https://registry.npmjs.org/prelude-ls/-/prelude-ls-1.2.1.tgz 0ms (cache hit)
2502 http cache array.prototype.flat@https://registry.npmjs.org/array.prototype.flat/-/array.prototype.flat-1.3.3.tgz 0ms (cache hit)
2503 http cache type-check@https://registry.npmjs.org/type-check/-/type-check-0.4.0.tgz 0ms (cache hit)
2504 http cache argparse@https://registry.npmjs.org/argparse/-/argparse-2.0.1.tgz 0ms (cache hit)
2505 http cache set-function-name@https://registry.npmjs.org/set-function-name/-/set-function-name-2.0.2.tgz 0ms (cache hit)
2506 http cache json-buffer@https://registry.npmjs.org/json-buffer/-/json-buffer-3.0.1.tgz 0ms (cache hit)
2507 http cache resolve-from@https://registry.npmjs.org/resolve-from/-/resolve-from-4.0.0.tgz 0ms (cache hit)
2508 http cache side-channel@https://registry.npmjs.org/side-channel/-/side-channel-1.1.0.tgz 0ms (cache hit)
2509 http cache parent-module@https://registry.npmjs.org/parent-module/-/parent-module-1.0.1.tgz 0ms (cache hit)
2510 http cache dunder-proto@https://registry.npmjs.org/dunder-proto/-/dunder-proto-1.0.1.tgz 0ms (cache hit)
2511 http cache functions-have-names@https://registry.npmjs.org/functions-have-names/-/functions-have-names-1.2.3.tgz 0ms (cache hit)
2512 http cache mime-types@https://registry.npmjs.org/mime-types/-/mime-types-2.1.35.tgz 0ms (cache hit)
2513 http cache asynckit@https://registry.npmjs.org/asynckit/-/asynckit-0.4.0.tgz 0ms (cache hit)
2514 http cache type-fest@https://registry.npmjs.org/type-fest/-/type-fest-0.20.2.tgz 0ms (cache hit)
2515 http cache keyv@https://registry.npmjs.org/keyv/-/keyv-4.5.4.tgz 0ms (cache hit)
2516 http cache combined-stream@https://registry.npmjs.org/combined-stream/-/combined-stream-1.0.8.tgz 0ms (cache hit)
2517 http cache flatted@https://registry.npmjs.org/flatted/-/flatted-3.4.2.tgz 0ms (cache hit)
2518 http cache rimraf@https://registry.npmjs.org/rimraf/-/rimraf-3.0.2.tgz 0ms (cache hit)
2519 http cache path-exists@https://registry.npmjs.org/path-exists/-/path-exists-4.0.0.tgz 0ms (cache hit)
2520 http cache flat-cache@https://registry.npmjs.org/flat-cache/-/flat-cache-3.2.0.tgz 0ms (cache hit)
2521 http cache delayed-stream@https://registry.npmjs.org/delayed-stream/-/delayed-stream-1.0.0.tgz 0ms (cache hit)
2522 http cache locate-path@https://registry.npmjs.org/locate-path/-/locate-path-6.0.0.tgz 0ms (cache hit)
2523 http cache reusify@https://registry.npmjs.org/reusify/-/reusify-1.1.0.tgz 0ms (cache hit)
2524 http cache acorn-jsx@https://registry.npmjs.org/acorn-jsx/-/acorn-jsx-5.3.2.tgz 0ms (cache hit)
2525 http cache acorn@https://registry.npmjs.org/acorn/-/acorn-8.16.0.tgz 0ms (cache hit)
2526 http cache is-symbol@https://registry.npmjs.org/is-symbol/-/is-symbol-1.1.1.tgz 0ms (cache hit)
2527 http cache is-date-object@https://registry.npmjs.org/is-date-object/-/is-date-object-1.1.0.tgz 0ms (cache hit)
2528 http cache has-tostringtag@https://registry.npmjs.org/has-tostringtag/-/has-tostringtag-1.0.2.tgz 0ms (cache hit)
2529 http cache iterator.prototype@https://registry.npmjs.org/iterator.prototype/-/iterator.prototype-1.1.5.tgz 0ms (cache hit)
2530 http cache esrecurse@https://registry.npmjs.org/esrecurse/-/esrecurse-4.3.0.tgz 0ms (cache hit)
2531 http cache possible-typed-array-names@https://registry.npmjs.org/possible-typed-array-names/-/possible-typed-array-names-1.1.0.tgz 0ms (cache hit)
2532 http cache typed-array-buffer@https://registry.npmjs.org/typed-array-buffer/-/typed-array-buffer-1.0.3.tgz 0ms (cache hit)
2533 http cache typed-array-byte-offset@https://registry.npmjs.org/typed-array-byte-offset/-/typed-array-byte-offset-1.0.4.tgz 0ms (cache hit)
2534 http cache typed-array-length@https://registry.npmjs.org/typed-array-length/-/typed-array-length-1.0.7.tgz 0ms (cache hit)
2535 http cache unbox-primitive@https://registry.npmjs.org/unbox-primitive/-/unbox-primitive-1.1.0.tgz 0ms (cache hit)
2536 http cache which-typed-array@https://registry.npmjs.org/which-typed-array/-/which-typed-array-1.1.20.tgz 0ms (cache hit)
2537 http cache string.prototype.trimstart@https://registry.npmjs.org/string.prototype.trimstart/-/string.prototype.trimstart-1.0.8.tgz 0ms (cache hit)
2538 http cache string.prototype.trimend@https://registry.npmjs.org/string.prototype.trimend/-/string.prototype.trimend-1.0.9.tgz 0ms (cache hit)
2539 http cache typed-array-byte-length@https://registry.npmjs.org/typed-array-byte-length/-/typed-array-byte-length-1.0.3.tgz 0ms (cache hit)
2540 http cache set-proto@https://registry.npmjs.org/set-proto/-/set-proto-1.0.0.tgz 0ms (cache hit)
2541 http cache stop-iteration-iterator@https://registry.npmjs.org/stop-iteration-iterator/-/stop-iteration-iterator-1.1.0.tgz 0ms (cache hit)
2542 http cache safe-regex-test@https://registry.npmjs.org/safe-regex-test/-/safe-regex-test-1.1.0.tgz 0ms (cache hit)
2543 http cache string.prototype.trim@https://registry.npmjs.org/string.prototype.trim/-/string.prototype.trim-1.2.10.tgz 0ms (cache hit)
2544 http cache regexp.prototype.flags@https://registry.npmjs.org/regexp.prototype.flags/-/regexp.prototype.flags-1.5.4.tgz 0ms (cache hit)
2545 http cache object.assign@https://registry.npmjs.org/object.assign/-/object.assign-4.1.7.tgz 0ms (cache hit)
2546 http cache safe-array-concat@https://registry.npmjs.org/safe-array-concat/-/safe-array-concat-1.1.4.tgz 0ms (cache hit)
2547 http cache object-inspect@https://registry.npmjs.org/object-inspect/-/object-inspect-1.13.4.tgz 0ms (cache hit)
2548 http cache is-weakref@https://registry.npmjs.org/is-weakref/-/is-weakref-1.1.1.tgz 0ms (cache hit)
2549 http cache own-keys@https://registry.npmjs.org/own-keys/-/own-keys-1.0.1.tgz 0ms (cache hit)
2550 http cache safe-push-apply@https://registry.npmjs.org/safe-push-apply/-/safe-push-apply-1.0.0.tgz 0ms (cache hit)
2551 http cache is-typed-array@https://registry.npmjs.org/is-typed-array/-/is-typed-array-1.1.15.tgz 0ms (cache hit)
2552 http cache is-shared-array-buffer@https://registry.npmjs.org/is-shared-array-buffer/-/is-shared-array-buffer-1.0.4.tgz 0ms (cache hit)
2553 http cache is-set@https://registry.npmjs.org/is-set/-/is-set-2.0.3.tgz 0ms (cache hit)
2554 http cache is-data-view@https://registry.npmjs.org/is-data-view/-/is-data-view-1.0.2.tgz 0ms (cache hit)
2555 http cache is-regex@https://registry.npmjs.org/is-regex/-/is-regex-1.2.1.tgz 0ms (cache hit)
2556 http cache has-symbols@https://registry.npmjs.org/has-symbols/-/has-symbols-1.1.0.tgz 0ms (cache hit)
2557 http cache is-negative-zero@https://registry.npmjs.org/is-negative-zero/-/is-negative-zero-2.0.3.tgz 0ms (cache hit)
2558 http cache is-callable@https://registry.npmjs.org/is-callable/-/is-callable-1.2.7.tgz 0ms (cache hit)
2559 http cache is-array-buffer@https://registry.npmjs.org/is-array-buffer/-/is-array-buffer-3.0.5.tgz 0ms (cache hit)
2560 http cache has-proto@https://registry.npmjs.org/has-proto/-/has-proto-1.2.0.tgz 0ms (cache hit)
2561 http cache globalthis@https://registry.npmjs.org/globalthis/-/globalthis-1.0.4.tgz 0ms (cache hit)
2562 http cache internal-slot@https://registry.npmjs.org/internal-slot/-/internal-slot-1.1.0.tgz 0ms (cache hit)
2563 http cache get-symbol-description@https://registry.npmjs.org/get-symbol-description/-/get-symbol-description-1.1.0.tgz 0ms (cache hit)
2564 http cache function.prototype.name@https://registry.npmjs.org/function.prototype.name/-/function.prototype.name-1.1.8.tgz 0ms (cache hit)
2565 http cache es-to-primitive@https://registry.npmjs.org/es-to-primitive/-/es-to-primitive-1.3.0.tgz 0ms (cache hit)
2566 http cache get-proto@https://registry.npmjs.org/get-proto/-/get-proto-1.0.1.tgz 0ms (cache hit)
2567 http cache data-view-byte-offset@https://registry.npmjs.org/data-view-byte-offset/-/data-view-byte-offset-1.0.1.tgz 0ms (cache hit)
2568 http cache data-view-buffer@https://registry.npmjs.org/data-view-buffer/-/data-view-buffer-1.0.2.tgz 0ms (cache hit)
2569 http cache available-typed-arrays@https://registry.npmjs.org/available-typed-arrays/-/available-typed-arrays-1.0.7.tgz 0ms (cache hit)
2570 http cache data-view-byte-length@https://registry.npmjs.org/data-view-byte-length/-/data-view-byte-length-1.0.2.tgz 0ms (cache hit)
2571 http cache arraybuffer.prototype.slice@https://registry.npmjs.org/arraybuffer.prototype.slice/-/arraybuffer.prototype.slice-1.0.4.tgz 0ms (cache hit)
2572 http cache gopd@https://registry.npmjs.org/gopd/-/gopd-1.2.0.tgz 0ms (cache hit)
2573 http cache object-keys@https://registry.npmjs.org/object-keys/-/object-keys-1.1.1.tgz 0ms (cache hit)
2574 http cache has-property-descriptors@https://registry.npmjs.org/has-property-descriptors/-/has-property-descriptors-1.0.2.tgz 0ms (cache hit)
2575 http cache array-buffer-byte-length@https://registry.npmjs.org/array-buffer-byte-length/-/array-buffer-byte-length-1.0.2.tgz 0ms (cache hit)
2576 http cache define-data-property@https://registry.npmjs.org/define-data-property/-/define-data-property-1.1.4.tgz 0ms (cache hit)
2577 http cache function-bind@https://registry.npmjs.org/function-bind/-/function-bind-1.1.2.tgz 0ms (cache hit)
2578 http cache es-shim-unscopables@https://registry.npmjs.org/es-shim-unscopables/-/es-shim-unscopables-1.1.0.tgz 0ms (cache hit)
2579 http cache set-function-length@https://registry.npmjs.org/set-function-length/-/set-function-length-1.2.2.tgz 0ms (cache hit)
2580 http cache es-set-tostringtag@https://registry.npmjs.org/es-set-tostringtag/-/es-set-tostringtag-2.1.0.tgz 0ms (cache hit)
2581 http cache es-define-property@https://registry.npmjs.org/es-define-property/-/es-define-property-1.0.1.tgz 0ms (cache hit)
2582 http cache call-bind-apply-helpers@https://registry.npmjs.org/call-bind-apply-helpers/-/call-bind-apply-helpers-1.0.2.tgz 0ms (cache hit)
2583 http cache math-intrinsics@https://registry.npmjs.org/math-intrinsics/-/math-intrinsics-1.1.0.tgz 0ms (cache hit)
2584 http cache is-string@https://registry.npmjs.org/is-string/-/is-string-1.1.1.tgz 0ms (cache hit)
2585 http cache es-object-atoms@https://registry.npmjs.org/es-object-atoms/-/es-object-atoms-1.1.1.tgz 0ms (cache hit)
2586 http cache es-abstract@https://registry.npmjs.org/es-abstract/-/es-abstract-1.24.2.tgz 0ms (cache hit)
2587 http cache get-intrinsic@https://registry.npmjs.org/get-intrinsic/-/get-intrinsic-1.3.0.tgz 0ms (cache hit)
2588 http cache define-properties@https://registry.npmjs.org/define-properties/-/define-properties-1.2.1.tgz 0ms (cache hit)
2589 http cache call-bound@https://registry.npmjs.org/call-bound/-/call-bound-1.0.4.tgz 0ms (cache hit)
2590 http cache string.prototype.repeat@https://registry.npmjs.org/string.prototype.repeat/-/string.prototype.repeat-1.0.0.tgz 0ms (cache hit)
2591 http cache call-bind@https://registry.npmjs.org/call-bind/-/call-bind-1.0.9.tgz 0ms (cache hit)
2592 http cache resolve@https://registry.npmjs.org/resolve/-/resolve-2.0.0-next.6.tgz 0ms (cache hit)
2593 http cache prop-types@https://registry.npmjs.org/prop-types/-/prop-types-15.8.1.tgz 0ms (cache hit)
2594 http cache string.prototype.matchall@https://registry.npmjs.org/string.prototype.matchall/-/string.prototype.matchall-4.0.12.tgz 0ms (cache hit)
2595 http cache object.fromentries@https://registry.npmjs.org/object.fromentries/-/object.fromentries-2.0.8.tgz 0ms (cache hit)
2596 http cache object.entries@https://registry.npmjs.org/object.entries/-/object.entries-1.1.9.tgz 0ms (cache hit)
2597 http cache hasown@https://registry.npmjs.org/hasown/-/hasown-2.0.3.tgz 0ms (cache hit)
2598 http cache object.values@https://registry.npmjs.org/object.values/-/object.values-1.2.1.tgz 0ms (cache hit)
2599 http cache jsx-ast-utils@https://registry.npmjs.org/jsx-ast-utils/-/jsx-ast-utils-3.3.5.tgz 0ms (cache hit)
2600 http cache array.prototype.tosorted@https://registry.npmjs.org/array.prototype.tosorted/-/array.prototype.tosorted-1.1.4.tgz 0ms (cache hit)
2601 http cache array.prototype.flatmap@https://registry.npmjs.org/array.prototype.flatmap/-/array.prototype.flatmap-1.3.3.tgz 0ms (cache hit)
2602 http cache array.prototype.findlast@https://registry.npmjs.org/array.prototype.findlast/-/array.prototype.findlast-1.2.5.tgz 0ms (cache hit)
2603 http cache es-iterator-helpers@https://registry.npmjs.org/es-iterator-helpers/-/es-iterator-helpers-1.3.2.tgz 0ms (cache hit)
2604 http cache es-errors@https://registry.npmjs.org/es-errors/-/es-errors-1.3.0.tgz 0ms (cache hit)
2605 http cache which@https://registry.npmjs.org/which/-/which-2.0.2.tgz 0ms (cache hit)
2606 http cache color-convert@https://registry.npmjs.org/color-convert/-/color-convert-2.0.1.tgz 0ms (cache hit)
2607 http cache shebang-command@https://registry.npmjs.org/shebang-command/-/shebang-command-2.0.0.tgz 0ms (cache hit)
2608 http cache color-name@https://registry.npmjs.org/color-name/-/color-name-1.1.4.tgz 0ms (cache hit)
2609 http cache supports-color@https://registry.npmjs.org/supports-color/-/supports-color-7.2.0.tgz 0ms (cache hit)
2610 http cache ansi-styles@https://registry.npmjs.org/ansi-styles/-/ansi-styles-4.3.0.tgz 0ms (cache hit)
2611 http cache uri-js@https://registry.npmjs.org/uri-js/-/uri-js-4.4.1.tgz 0ms (cache hit)
2612 http cache path-key@https://registry.npmjs.org/path-key/-/path-key-3.1.1.tgz 0ms (cache hit)
2613 http cache json-schema-traverse@https://registry.npmjs.org/json-schema-traverse/-/json-schema-traverse-0.4.1.tgz 0ms (cache hit)
2614 http cache fast-json-stable-stringify@https://registry.npmjs.org/fast-json-stable-stringify/-/fast-json-stable-stringify-2.1.0.tgz 0ms (cache hit)
2615 http cache @nodelib/fs.stat@https://registry.npmjs.org/@nodelib/fs.stat/-/fs.stat-2.0.5.tgz 0ms (cache hit)
2616 http cache run-parallel@https://registry.npmjs.org/run-parallel/-/run-parallel-1.2.0.tgz 0ms (cache hit)
2617 http cache @humanwhocodes/object-schema@https://registry.npmjs.org/@humanwhocodes/object-schema/-/object-schema-2.0.3.tgz 0ms (cache hit)
2618 http cache @nodelib/fs.scandir@https://registry.npmjs.org/@nodelib/fs.scandir/-/fs.scandir-2.1.5.tgz 0ms (cache hit)
2619 http cache import-fresh@https://registry.npmjs.org/import-fresh/-/import-fresh-3.3.1.tgz 0ms (cache hit)
2620 http cache strip-json-comments@https://registry.npmjs.org/strip-json-comments/-/strip-json-comments-3.1.1.tgz 0ms (cache hit)
2621 http cache text-table@https://registry.npmjs.org/text-table/-/text-table-0.2.0.tgz 0ms (cache hit)
2622 http cache fastq@https://registry.npmjs.org/fastq/-/fastq-1.20.1.tgz 0ms (cache hit)
2623 http cache optionator@https://registry.npmjs.org/optionator/-/optionator-0.9.4.tgz 0ms (cache hit)
2624 http cache natural-compare@https://registry.npmjs.org/natural-compare/-/natural-compare-1.4.0.tgz 0ms (cache hit)
2625 http cache lodash.merge@https://registry.npmjs.org/lodash.merge/-/lodash.merge-4.6.2.tgz 0ms (cache hit)
2626 http cache array-includes@https://registry.npmjs.org/array-includes/-/array-includes-3.1.9.tgz 0ms (cache hit)
2627 http cache minimatch@https://registry.npmjs.org/minimatch/-/minimatch-3.1.5.tgz 0ms (cache hit)
2628 http cache estraverse@https://registry.npmjs.org/estraverse/-/estraverse-5.3.0.tgz 0ms (cache hit)
2629 http cache levn@https://registry.npmjs.org/levn/-/levn-0.4.1.tgz 0ms (cache hit)
2630 http cache json-stable-stringify-without-jsonify@https://registry.npmjs.org/json-stable-stringify-without-jsonify/-/json-stable-stringify-without-jsonify-1.0.1.tgz 0ms (cache hit)
2631 http cache js-yaml@https://registry.npmjs.org/js-yaml/-/js-yaml-4.1.1.tgz 0ms (cache hit)
2632 http cache is-path-inside@https://registry.npmjs.org/is-path-inside/-/is-path-inside-3.0.3.tgz 0ms (cache hit)
2633 http cache imurmurhash@https://registry.npmjs.org/imurmurhash/-/imurmurhash-0.1.4.tgz 0ms (cache hit)
2634 http cache is-glob@https://registry.npmjs.org/is-glob/-/is-glob-4.0.3.tgz 0ms (cache hit)
2635 http cache ignore@https://registry.npmjs.org/ignore/-/ignore-5.3.2.tgz 0ms (cache hit)
2636 http cache globals@https://registry.npmjs.org/globals/-/globals-13.24.0.tgz 0ms (cache hit)
2637 http cache graphemer@https://registry.npmjs.org/graphemer/-/graphemer-1.4.0.tgz 0ms (cache hit)
2638 http cache strip-ansi@https://registry.npmjs.org/strip-ansi/-/strip-ansi-6.0.1.tgz 0ms (cache hit)
2639 http cache glob-parent@https://registry.npmjs.org/glob-parent/-/glob-parent-6.0.2.tgz 0ms (cache hit)
2640 http cache find-up@https://registry.npmjs.org/find-up/-/find-up-5.0.0.tgz 0ms (cache hit)
2641 http cache fast-deep-equal@https://registry.npmjs.org/fast-deep-equal/-/fast-deep-equal-3.1.3.tgz 0ms (cache hit)
2642 http cache esutils@https://registry.npmjs.org/esutils/-/esutils-2.0.3.tgz 0ms (cache hit)
2643 http cache esquery@https://registry.npmjs.org/esquery/-/esquery-1.7.0.tgz 0ms (cache hit)
2644 http cache file-entry-cache@https://registry.npmjs.org/file-entry-cache/-/file-entry-cache-6.0.1.tgz 0ms (cache hit)
2645 http cache eslint-visitor-keys@https://registry.npmjs.org/eslint-visitor-keys/-/eslint-visitor-keys-3.4.3.tgz 0ms (cache hit)
2646 http cache espree@https://registry.npmjs.org/espree/-/espree-9.6.1.tgz 0ms (cache hit)
2647 http cache escape-string-regexp@https://registry.npmjs.org/escape-string-regexp/-/escape-string-regexp-4.0.0.tgz 0ms (cache hit)
2648 http cache doctrine@https://registry.npmjs.org/doctrine/-/doctrine-3.0.0.tgz 0ms (cache hit)
2649 http cache eslint-scope@https://registry.npmjs.org/eslint-scope/-/eslint-scope-7.2.2.tgz 0ms (cache hit)
2650 http cache @ungap/structured-clone@https://registry.npmjs.org/@ungap/structured-clone/-/structured-clone-1.3.0.tgz 0ms (cache hit)
2651 http cache cross-spawn@https://registry.npmjs.org/cross-spawn/-/cross-spawn-7.0.6.tgz 0ms (cache hit)
2652 http cache chalk@https://registry.npmjs.org/chalk/-/chalk-4.1.2.tgz 0ms (cache hit)
2653 http cache ajv@https://registry.npmjs.org/ajv/-/ajv-6.15.0.tgz 0ms (cache hit)
2654 http cache @nodelib/fs.walk@https://registry.npmjs.org/@nodelib/fs.walk/-/fs.walk-1.2.8.tgz 0ms (cache hit)
2655 http cache @eslint/js@https://registry.npmjs.org/@eslint/js/-/js-8.57.1.tgz 0ms (cache hit)
2656 http cache @eslint/eslintrc@https://registry.npmjs.org/@eslint/eslintrc/-/eslintrc-2.1.4.tgz 0ms (cache hit)
2657 http cache @humanwhocodes/config-array@https://registry.npmjs.org/@humanwhocodes/config-array/-/config-array-0.13.0.tgz 0ms (cache hit)
2658 http cache @eslint-community/regexpp@https://registry.npmjs.org/@eslint-community/regexpp/-/regexpp-4.12.2.tgz 0ms (cache hit)
2659 http cache @eslint-community/eslint-utils@https://registry.npmjs.org/@eslint-community/eslint-utils/-/eslint-utils-4.9.1.tgz 0ms (cache hit)
2660 http cache ms@https://registry.npmjs.org/ms/-/ms-2.1.3.tgz 0ms (cache hit)
2661 http cache electron-to-chromium@https://registry.npmjs.org/electron-to-chromium/-/electron-to-chromium-1.5.345.tgz 0ms (cache hit)
2662 http cache baseline-browser-mapping@https://registry.npmjs.org/baseline-browser-mapping/-/baseline-browser-mapping-2.10.24.tgz 0ms (cache hit)
2663 http cache node-releases@https://registry.npmjs.org/node-releases/-/node-releases-2.0.38.tgz 0ms (cache hit)
2664 http cache proxy-from-env@https://registry.npmjs.org/proxy-from-env/-/proxy-from-env-2.1.0.tgz 0ms (cache hit)
2665 http cache form-data@https://registry.npmjs.org/form-data/-/form-data-4.0.5.tgz 0ms (cache hit)
2666 http cache fraction.js@https://registry.npmjs.org/fraction.js/-/fraction.js-5.3.4.tgz 0ms (cache hit)
2667 http cache follow-redirects@https://registry.npmjs.org/follow-redirects/-/follow-redirects-1.16.0.tgz 0ms (cache hit)
2668 http cache caniuse-lite@https://registry.npmjs.org/caniuse-lite/-/caniuse-lite-1.0.30001791.tgz 0ms (cache hit)
2669 http cache postcss-value-parser@https://registry.npmjs.org/postcss-value-parser/-/postcss-value-parser-4.2.0.tgz 0ms (cache hit)
2670 http cache @types/babel__traverse@https://registry.npmjs.org/@types/babel__traverse/-/babel__traverse-7.28.0.tgz 0ms (cache hit)
2671 http cache @types/babel__template@https://registry.npmjs.org/@types/babel__template/-/babel__template-7.4.4.tgz 0ms (cache hit)
2672 http cache @jridgewell/sourcemap-codec@https://registry.npmjs.org/@jridgewell/sourcemap-codec/-/sourcemap-codec-1.5.5.tgz 0ms (cache hit)
2673 http cache @humanwhocodes/module-importer@https://registry.npmjs.org/@humanwhocodes/module-importer/-/module-importer-1.0.1.tgz 0ms (cache hit)
2674 http cache update-browserslist-db@https://registry.npmjs.org/update-browserslist-db/-/update-browserslist-db-1.2.3.tgz 0ms (cache hit)
2675 http cache @jridgewell/resolve-uri@https://registry.npmjs.org/@jridgewell/resolve-uri/-/resolve-uri-3.1.2.tgz 0ms (cache hit)
2676 http cache @babel/helper-string-parser@https://registry.npmjs.org/@babel/helper-string-parser/-/helper-string-parser-7.27.1.tgz 0ms (cache hit)
2677 http cache lru-cache@https://registry.npmjs.org/lru-cache/-/lru-cache-5.1.1.tgz 0ms (cache hit)
2678 http cache @types/babel__generator@https://registry.npmjs.org/@types/babel__generator/-/babel__generator-7.27.0.tgz 0ms (cache hit)
2679 http cache @babel/helper-globals@https://registry.npmjs.org/@babel/helper-globals/-/helper-globals-7.28.0.tgz 0ms (cache hit)
2680 http cache browserslist@https://registry.npmjs.org/browserslist/-/browserslist-4.28.2.tgz 0ms (cache hit)
2681 http cache @babel/helper-validator-option@https://registry.npmjs.org/@babel/helper-validator-option/-/helper-validator-option-7.27.1.tgz 0ms (cache hit)
2682 http cache @babel/helper-module-imports@https://registry.npmjs.org/@babel/helper-module-imports/-/helper-module-imports-7.28.6.tgz 0ms (cache hit)
2683 http cache @babel/compat-data@https://registry.npmjs.org/@babel/compat-data/-/compat-data-7.29.0.tgz 0ms (cache hit)
2684 http cache @jridgewell/trace-mapping@https://registry.npmjs.org/@jridgewell/trace-mapping/-/trace-mapping-0.3.31.tgz 0ms (cache hit)
2685 http cache @jridgewell/gen-mapping@https://registry.npmjs.org/@jridgewell/gen-mapping/-/gen-mapping-0.3.13.tgz 0ms (cache hit)
2686 http cache @babel/helper-validator-identifier@https://registry.npmjs.org/@babel/helper-validator-identifier/-/helper-validator-identifier-7.28.5.tgz 0ms (cache hit)
2687 http cache picocolors@https://registry.npmjs.org/picocolors/-/picocolors-1.1.1.tgz 0ms (cache hit)
2688 http cache js-tokens@https://registry.npmjs.org/js-tokens/-/js-tokens-4.0.0.tgz 0ms (cache hit)
2689 http cache json5@https://registry.npmjs.org/json5/-/json5-2.2.3.tgz 0ms (cache hit)
2690 http cache semver@https://registry.npmjs.org/semver/-/semver-6.3.1.tgz 0ms (cache hit)
2691 http cache gensync@https://registry.npmjs.org/gensync/-/gensync-1.0.0-beta.2.tgz 0ms (cache hit)
2692 http cache convert-source-map@https://registry.npmjs.org/convert-source-map/-/convert-source-map-2.0.0.tgz 0ms (cache hit)
2693 http cache @jridgewell/remapping@https://registry.npmjs.org/@jridgewell/remapping/-/remapping-2.3.5.tgz 0ms (cache hit)
2694 http cache @babel/traverse@https://registry.npmjs.org/@babel/traverse/-/traverse-7.29.0.tgz 0ms (cache hit)
2695 http cache @babel/types@https://registry.npmjs.org/@babel/types/-/types-7.29.0.tgz 0ms (cache hit)
2696 http cache jsesc@https://registry.npmjs.org/jsesc/-/jsesc-3.1.0.tgz 0ms (cache hit)
2697 http cache @babel/helper-module-transforms@https://registry.npmjs.org/@babel/helper-module-transforms/-/helper-module-transforms-7.28.6.tgz 0ms (cache hit)
2698 http cache @babel/helpers@https://registry.npmjs.org/@babel/helpers/-/helpers-7.29.2.tgz 0ms (cache hit)
2699 http cache react-refresh@https://registry.npmjs.org/react-refresh/-/react-refresh-0.17.0.tgz 0ms (cache hit)
2700 http cache @babel/parser@https://registry.npmjs.org/@babel/parser/-/parser-7.29.2.tgz 0ms (cache hit)
2701 http cache @babel/helper-compilation-targets@https://registry.npmjs.org/@babel/helper-compilation-targets/-/helper-compilation-targets-7.28.6.tgz 0ms (cache hit)
2702 http cache @babel/generator@https://registry.npmjs.org/@babel/generator/-/generator-7.29.1.tgz 0ms (cache hit)
2703 http cache @types/babel__core@https://registry.npmjs.org/@types/babel__core/-/babel__core-7.20.5.tgz 0ms (cache hit)
2704 http cache @rolldown/pluginutils@https://registry.npmjs.org/@rolldown/pluginutils/-/pluginutils-1.0.0-beta.27.tgz 0ms (cache hit)
2705 http cache @babel/code-frame@https://registry.npmjs.org/@babel/code-frame/-/code-frame-7.29.0.tgz 0ms (cache hit)
2706 http cache @babel/template@https://registry.npmjs.org/@babel/template/-/template-7.28.6.tgz 0ms (cache hit)
2707 http cache @babel/plugin-transform-react-jsx-source@https://registry.npmjs.org/@babel/plugin-transform-react-jsx-source/-/plugin-transform-react-jsx-source-7.27.1.tgz 0ms (cache hit)
2708 http cache debug@https://registry.npmjs.org/debug/-/debug-4.4.3.tgz 0ms (cache hit)
2709 http cache @babel/helper-plugin-utils@https://registry.npmjs.org/@babel/helper-plugin-utils/-/helper-plugin-utils-7.28.6.tgz 0ms (cache hit)
2710 http cache @babel/core@https://registry.npmjs.org/@babel/core/-/core-7.29.0.tgz 0ms (cache hit)
2711 http cache tailwindcss@https://registry.npmjs.org/tailwindcss/-/tailwindcss-3.4.19.tgz 0ms (cache hit)
2712 http cache csstype@https://registry.npmjs.org/csstype/-/csstype-3.2.3.tgz 0ms (cache hit)
2713 http cache @types/prop-types@https://registry.npmjs.org/@types/prop-types/-/prop-types-15.7.15.tgz 0ms (cache hit)
2714 http cache react-router-dom@https://registry.npmjs.org/react-router-dom/-/react-router-dom-6.30.3.tgz 0ms (cache hit)
2715 http cache lucide-react@https://registry.npmjs.org/lucide-react/-/lucide-react-0.344.0.tgz 0ms (cache hit)
2716 http cache eslint-plugin-react-refresh@https://registry.npmjs.org/eslint-plugin-react-refresh/-/eslint-plugin-react-refresh-0.4.26.tgz 0ms (cache hit)
2717 http cache react-dom@https://registry.npmjs.org/react-dom/-/react-dom-18.3.1.tgz 0ms (cache hit)
2718 http cache @babel/plugin-transform-react-jsx-self@https://registry.npmjs.org/@babel/plugin-transform-react-jsx-self/-/plugin-transform-react-jsx-self-7.27.1.tgz 0ms (cache hit)
2719 http cache react@https://registry.npmjs.org/react/-/react-18.3.1.tgz 0ms (cache hit)
2720 http cache eslint-plugin-react-hooks@https://registry.npmjs.org/eslint-plugin-react-hooks/-/eslint-plugin-react-hooks-4.6.2.tgz 0ms (cache hit)
2721 http cache axios@https://registry.npmjs.org/axios/-/axios-1.15.2.tgz 0ms (cache hit)
2722 http cache vite@https://registry.npmjs.org/vite/-/vite-5.4.21.tgz 0ms (cache hit)
2723 http cache eslint-plugin-react@https://registry.npmjs.org/eslint-plugin-react/-/eslint-plugin-react-7.37.5.tgz 0ms (cache hit)
2724 http cache eslint@https://registry.npmjs.org/eslint/-/eslint-8.57.1.tgz 0ms (cache hit)
2725 http cache postcss@https://registry.npmjs.org/postcss/-/postcss-8.5.12.tgz 0ms (cache hit)
2726 http cache @vitejs/plugin-react@https://registry.npmjs.org/@vitejs/plugin-react/-/plugin-react-4.7.0.tgz 0ms (cache hit)
2727 http cache @types/react-dom@https://registry.npmjs.org/@types/react-dom/-/react-dom-18.3.7.tgz 0ms (cache hit)
2728 http cache fdir@https://registry.npmjs.org/fdir/-/fdir-6.5.0.tgz 0ms (cache hit)
2729 http cache autoprefixer@https://registry.npmjs.org/autoprefixer/-/autoprefixer-10.5.0.tgz 0ms (cache hit)
2730 http cache @types/react@https://registry.npmjs.org/@types/react/-/react-18.3.28.tgz 0ms (cache hit)
2731 http cache resolve@https://registry.npmjs.org/resolve/-/resolve-1.22.12.tgz 0ms (cache hit)
2732 http cache picomatch@https://registry.npmjs.org/picomatch/-/picomatch-4.0.4.tgz 0ms (cache hit)
2733 http cache glob-parent@https://registry.npmjs.org/glob-parent/-/glob-parent-5.1.2.tgz 0ms (cache hit)
2734 silly tarball no local data for generator-function@https://registry.npmjs.org/generator-function/-/generator-function-2.0.1.tgz. Extracting by manifest.
2735 silly tarball no local data for is-map@https://registry.npmjs.org/is-map/-/is-map-2.0.3.tgz. Extracting by manifest.
2736 http cache doctrine@https://registry.npmjs.org/doctrine/-/doctrine-2.1.0.tgz 0ms (cache hit)
2737 silly tarball no local data for is-weakmap@https://registry.npmjs.org/is-weakmap/-/is-weakmap-2.0.2.tgz. Extracting by manifest.
2738 silly tarball no local data for is-weakset@https://registry.npmjs.org/is-weakset/-/is-weakset-2.0.4.tgz. Extracting by manifest.
2739 silly tarball no local data for which-collection@https://registry.npmjs.org/which-collection/-/which-collection-1.0.2.tgz. Extracting by manifest.
2740 silly tarball no local data for async-function@https://registry.npmjs.org/async-function/-/async-function-1.0.0.tgz. Extracting by manifest.
2741 silly tarball no local data for is-generator-function@https://registry.npmjs.org/is-generator-function/-/is-generator-function-1.1.2.tgz. Extracting by manifest.
2742 silly tarball no local data for is-finalizationregistry@https://registry.npmjs.org/is-finalizationregistry/-/is-finalizationregistry-1.1.1.tgz. Extracting by manifest.
2743 silly tarball no local data for @types/estree@https://registry.npmjs.org/@types/estree/-/estree-1.0.8.tgz. Extracting by manifest.
2744 silly tarball no local data for is-async-function@https://registry.npmjs.org/is-async-function/-/is-async-function-2.1.1.tgz. Extracting by manifest.
2745 silly tarball no local data for is-number-object@https://registry.npmjs.org/is-number-object/-/is-number-object-1.1.1.tgz. Extracting by manifest.
2746 silly tarball no local data for isexe@https://registry.npmjs.org/isexe/-/isexe-2.0.0.tgz. Extracting by manifest.
2747 http cache glob-parent@https://registry.npmjs.org/glob-parent/-/glob-parent-5.1.2.tgz 0ms (cache hit)
2748 silly tarball no local data for is-bigint@https://registry.npmjs.org/is-bigint/-/is-bigint-1.1.0.tgz. Extracting by manifest.
2749 silly tarball no local data for is-boolean-object@https://registry.npmjs.org/is-boolean-object/-/is-boolean-object-1.2.2.tgz. Extracting by manifest.
2750 silly tarball no local data for @rollup/rollup-win32-x64-gnu@https://registry.npmjs.org/@rollup/rollup-win32-x64-gnu/-/rollup-win32-x64-gnu-4.60.2.tgz. Extracting by manifest.
2751 silly tarball no local data for @rollup/rollup-win32-x64-msvc@https://registry.npmjs.org/@rollup/rollup-win32-x64-msvc/-/rollup-win32-x64-msvc-4.60.2.tgz. Extracting by manifest.
2752 silly tarball no local data for rollup@https://registry.npmjs.org/rollup/-/rollup-4.60.2.tgz. Extracting by manifest.
2753 silly tarball no local data for @esbuild/win32-x64@https://registry.npmjs.org/@esbuild/win32-x64/-/win32-x64-0.21.5.tgz. Extracting by manifest.
2754 silly tarball no local data for which-boxed-primitive@https://registry.npmjs.org/which-boxed-primitive/-/which-boxed-primitive-1.1.1.tgz. Extracting by manifest.
2755 silly tarball no local data for punycode@https://registry.npmjs.org/punycode/-/punycode-2.3.1.tgz. Extracting by manifest.
2756 silly tarball no local data for esbuild@https://registry.npmjs.org/esbuild/-/esbuild-0.21.5.tgz. Extracting by manifest.
2757 silly tarball no local data for escalade@https://registry.npmjs.org/escalade/-/escalade-3.2.0.tgz. Extracting by manifest.
2758 silly tarball no local data for has-bigints@https://registry.npmjs.org/has-bigints/-/has-bigints-1.1.0.tgz. Extracting by manifest.
2759 silly tarball no local data for which-builtin-type@https://registry.npmjs.org/which-builtin-type/-/which-builtin-type-1.2.1.tgz. Extracting by manifest.
2760 silly tarball no local data for reflect.getprototypeof@https://registry.npmjs.org/reflect.getprototypeof/-/reflect.getprototypeof-1.0.10.tgz. Extracting by manifest.
2761 silly tarball no local data for is-number@https://registry.npmjs.org/is-number/-/is-number-7.0.0.tgz. Extracting by manifest.
2762 silly tarball no local data for thenify@https://registry.npmjs.org/thenify/-/thenify-3.3.1.tgz. Extracting by manifest.
2763 silly tarball no local data for ts-interface-checker@https://registry.npmjs.org/ts-interface-checker/-/ts-interface-checker-0.1.13.tgz. Extracting by manifest.
2764 silly tarball no local data for for-each@https://registry.npmjs.org/for-each/-/for-each-0.3.5.tgz. Extracting by manifest.
2765 silly tarball no local data for any-promise@https://registry.npmjs.org/any-promise/-/any-promise-1.3.0.tgz. Extracting by manifest.
2766 silly tarball no local data for thenify-all@https://registry.npmjs.org/thenify-all/-/thenify-all-1.6.0.tgz. Extracting by manifest.
2767 http cache resolve@https://registry.npmjs.org/resolve/-/resolve-1.22.12.tgz 0ms (cache hit)
2768 silly tarball no local data for mz@https://registry.npmjs.org/mz/-/mz-2.7.0.tgz. Extracting by manifest.
2769 silly tarball no local data for tinyglobby@https://registry.npmjs.org/tinyglobby/-/tinyglobby-0.2.16.tgz. Extracting by manifest.
2770 silly tarball no local data for pirates@https://registry.npmjs.org/pirates/-/pirates-4.0.7.tgz. Extracting by manifest.
2771 silly tarball no local data for commander@https://registry.npmjs.org/commander/-/commander-4.1.1.tgz. Extracting by manifest.
2772 silly tarball no local data for lines-and-columns@https://registry.npmjs.org/lines-and-columns/-/lines-and-columns-1.2.4.tgz. Extracting by manifest.
2773 silly tarball no local data for util-deprecate@https://registry.npmjs.org/util-deprecate/-/util-deprecate-1.0.2.tgz. Extracting by manifest.
2774 silly tarball no local data for camelcase-css@https://registry.npmjs.org/camelcase-css/-/camelcase-css-2.0.1.tgz. Extracting by manifest.
2775 silly tarball no local data for pify@https://registry.npmjs.org/pify/-/pify-2.3.0.tgz. Extracting by manifest.
2776 silly tarball no local data for cssesc@https://registry.npmjs.org/cssesc/-/cssesc-3.0.0.tgz. Extracting by manifest.
2777 silly tarball no local data for read-cache@https://registry.npmjs.org/read-cache/-/read-cache-1.0.0.tgz. Extracting by manifest.
2778 silly tarball no local data for to-regex-range@https://registry.npmjs.org/to-regex-range/-/to-regex-range-5.0.1.tgz. Extracting by manifest.
2779 silly tarball no local data for fill-range@https://registry.npmjs.org/fill-range/-/fill-range-7.1.1.tgz. Extracting by manifest.
2780 silly tarball no local data for binary-extensions@https://registry.npmjs.org/binary-extensions/-/binary-extensions-2.3.0.tgz. Extracting by manifest.
2781 silly tarball no local data for picomatch@https://registry.npmjs.org/picomatch/-/picomatch-2.3.2.tgz. Extracting by manifest.
2782 silly tarball no local data for merge2@https://registry.npmjs.org/merge2/-/merge2-1.4.1.tgz. Extracting by manifest.
2783 silly tarball no local data for readdirp@https://registry.npmjs.org/readdirp/-/readdirp-3.6.0.tgz. Extracting by manifest.
2784 silly tarball no local data for is-binary-path@https://registry.npmjs.org/is-binary-path/-/is-binary-path-2.1.0.tgz. Extracting by manifest.
2785 silly tarball no local data for anymatch@https://registry.npmjs.org/anymatch/-/anymatch-3.1.3.tgz. Extracting by manifest.
2786 silly tarball no local data for sucrase@https://registry.npmjs.org/sucrase/-/sucrase-3.35.1.tgz. Extracting by manifest.
2787 silly tarball no local data for postcss-load-config@https://registry.npmjs.org/postcss-load-config/-/postcss-load-config-6.0.1.tgz. Extracting by manifest.
2788 silly tarball no local data for postcss-nested@https://registry.npmjs.org/postcss-nested/-/postcss-nested-6.2.0.tgz. Extracting by manifest.
2789 silly tarball no local data for postcss-selector-parser@https://registry.npmjs.org/postcss-selector-parser/-/postcss-selector-parser-6.1.2.tgz. Extracting by manifest.
2790 silly tarball no local data for postcss-import@https://registry.npmjs.org/postcss-import/-/postcss-import-15.1.0.tgz. Extracting by manifest.
2791 silly tarball no local data for braces@https://registry.npmjs.org/braces/-/braces-3.0.3.tgz. Extracting by manifest.
2792 silly tarball no local data for postcss-js@https://registry.npmjs.org/postcss-js/-/postcss-js-4.1.0.tgz. Extracting by manifest.
2793 silly tarball no local data for object-hash@https://registry.npmjs.org/object-hash/-/object-hash-3.0.0.tgz. Extracting by manifest.
2794 silly tarball no local data for micromatch@https://registry.npmjs.org/micromatch/-/micromatch-4.0.8.tgz. Extracting by manifest.
2795 silly tarball no local data for fast-glob@https://registry.npmjs.org/fast-glob/-/fast-glob-3.3.3.tgz. Extracting by manifest.
2796 silly tarball no local data for normalize-path@https://registry.npmjs.org/normalize-path/-/normalize-path-3.0.0.tgz. Extracting by manifest.
2797 silly tarball no local data for jiti@https://registry.npmjs.org/jiti/-/jiti-1.21.7.tgz. Extracting by manifest.
2798 silly tarball no local data for lilconfig@https://registry.npmjs.org/lilconfig/-/lilconfig-3.1.3.tgz. Extracting by manifest.
2799 silly tarball no local data for chokidar@https://registry.npmjs.org/chokidar/-/chokidar-3.6.0.tgz. Extracting by manifest.
2800 silly tarball no local data for dlv@https://registry.npmjs.org/dlv/-/dlv-1.1.3.tgz. Extracting by manifest.
2801 silly tarball no local data for arg@https://registry.npmjs.org/arg/-/arg-5.0.2.tgz. Extracting by manifest.
2802 silly tarball no local data for @alloc/quick-lru@https://registry.npmjs.org/@alloc/quick-lru/-/quick-lru-5.2.0.tgz. Extracting by manifest.
2803 silly tarball no local data for has-flag@https://registry.npmjs.org/has-flag/-/has-flag-4.0.0.tgz. Extracting by manifest.
2804 silly tarball no local data for didyoumean@https://registry.npmjs.org/didyoumean/-/didyoumean-1.2.2.tgz. Extracting by manifest.
2805 silly tarball no local data for ansi-regex@https://registry.npmjs.org/ansi-regex/-/ansi-regex-5.0.1.tgz. Extracting by manifest.
2806 silly tarball no local data for side-channel-weakmap@https://registry.npmjs.org/side-channel-weakmap/-/side-channel-weakmap-1.0.2.tgz. Extracting by manifest.
2807 silly tarball no local data for side-channel-list@https://registry.npmjs.org/side-channel-list/-/side-channel-list-1.0.1.tgz. Extracting by manifest.
2808 silly tarball no local data for side-channel-map@https://registry.npmjs.org/side-channel-map/-/side-channel-map-1.0.1.tgz. Extracting by manifest.
2809 silly tarball no local data for shebang-regex@https://registry.npmjs.org/shebang-regex/-/shebang-regex-3.0.0.tgz. Extracting by manifest.
2810 silly tarball no local data for path-is-absolute@https://registry.npmjs.org/path-is-absolute/-/path-is-absolute-1.0.1.tgz. Extracting by manifest.
2811 silly tarball no local data for isarray@https://registry.npmjs.org/isarray/-/isarray-2.0.5.tgz. Extracting by manifest.
2812 silly tarball no local data for queue-microtask@https://registry.npmjs.org/queue-microtask/-/queue-microtask-1.2.3.tgz. Extracting by manifest.
2813 silly tarball no local data for wrappy@https://registry.npmjs.org/wrappy/-/wrappy-1.0.2.tgz. Extracting by manifest.
2814 silly tarball no local data for once@https://registry.npmjs.org/once/-/once-1.4.0.tgz. Extracting by manifest.
2815 silly tarball no local data for inherits@https://registry.npmjs.org/inherits/-/inherits-2.0.4.tgz. Extracting by manifest.
2816 silly tarball no local data for inflight@https://registry.npmjs.org/inflight/-/inflight-1.0.6.tgz. Extracting by manifest.
2817 silly tarball no local data for fs.realpath@https://registry.npmjs.org/fs.realpath/-/fs.realpath-1.0.0.tgz. Extracting by manifest.
2818 silly tarball no local data for glob@https://registry.npmjs.org/glob/-/glob-7.2.3.tgz. Extracting by manifest.
2819 silly tarball no local data for supports-preserve-symlinks-flag@https://registry.npmjs.org/supports-preserve-symlinks-flag/-/supports-preserve-symlinks-flag-1.0.0.tgz. Extracting by manifest.
2820 silly tarball no local data for node-exports-info@https://registry.npmjs.org/node-exports-info/-/node-exports-info-1.6.0.tgz. Extracting by manifest.
2821 silly tarball no local data for path-parse@https://registry.npmjs.org/path-parse/-/path-parse-1.0.7.tgz. Extracting by manifest.
2822 silly tarball no local data for react-router@https://registry.npmjs.org/react-router/-/react-router-6.30.3.tgz. Extracting by manifest.
2823 silly tarball no local data for is-core-module@https://registry.npmjs.org/is-core-module/-/is-core-module-2.16.1.tgz. Extracting by manifest.
2824 silly tarball no local data for @remix-run/router@https://registry.npmjs.org/@remix-run/router/-/router-1.23.2.tgz. Extracting by manifest.
2825 silly tarball no local data for scheduler@https://registry.npmjs.org/scheduler/-/scheduler-0.23.2.tgz. Extracting by manifest.
2826 silly tarball no local data for react-is@https://registry.npmjs.org/react-is/-/react-is-16.13.1.tgz. Extracting by manifest.
2827 silly tarball no local data for object-assign@https://registry.npmjs.org/object-assign/-/object-assign-4.1.1.tgz. Extracting by manifest.
2828 silly tarball no local data for yocto-queue@https://registry.npmjs.org/yocto-queue/-/yocto-queue-0.1.0.tgz. Extracting by manifest.
2829 silly tarball no local data for loose-envify@https://registry.npmjs.org/loose-envify/-/loose-envify-1.4.0.tgz. Extracting by manifest.
2830 silly tarball no local data for nanoid@https://registry.npmjs.org/nanoid/-/nanoid-3.3.11.tgz. Extracting by manifest.
2831 silly tarball no local data for callsites@https://registry.npmjs.org/callsites/-/callsites-3.1.0.tgz. Extracting by manifest.
2832 silly tarball no local data for source-map-js@https://registry.npmjs.org/source-map-js/-/source-map-js-1.2.1.tgz. Extracting by manifest.
2833 silly tarball no local data for p-limit@https://registry.npmjs.org/p-limit/-/p-limit-3.1.0.tgz. Extracting by manifest.
2834 silly tarball no local data for balanced-match@https://registry.npmjs.org/balanced-match/-/balanced-match-1.0.2.tgz. Extracting by manifest.
2835 silly tarball no local data for word-wrap@https://registry.npmjs.org/word-wrap/-/word-wrap-1.2.5.tgz. Extracting by manifest.
2836 silly tarball no local data for brace-expansion@https://registry.npmjs.org/brace-expansion/-/brace-expansion-1.1.14.tgz. Extracting by manifest.
2837 silly tarball no local data for fast-levenshtein@https://registry.npmjs.org/fast-levenshtein/-/fast-levenshtein-2.0.6.tgz. Extracting by manifest.
2838 silly tarball no local data for concat-map@https://registry.npmjs.org/concat-map/-/concat-map-0.0.1.tgz. Extracting by manifest.
2839 silly tarball no local data for deep-is@https://registry.npmjs.org/deep-is/-/deep-is-0.1.4.tgz. Extracting by manifest.
2840 silly tarball no local data for mime-db@https://registry.npmjs.org/mime-db/-/mime-db-1.52.0.tgz. Extracting by manifest.
2841 silly tarball no local data for yallist@https://registry.npmjs.org/yallist/-/yallist-3.1.1.tgz. Extracting by manifest.
2842 silly tarball no local data for p-locate@https://registry.npmjs.org/p-locate/-/p-locate-5.0.0.tgz. Extracting by manifest.
2843 silly tarball no local data for is-extglob@https://registry.npmjs.org/is-extglob/-/is-extglob-2.1.1.tgz. Extracting by manifest.
2844 silly tarball no local data for prelude-ls@https://registry.npmjs.org/prelude-ls/-/prelude-ls-1.2.1.tgz. Extracting by manifest.
2845 silly tarball no local data for array.prototype.flat@https://registry.npmjs.org/array.prototype.flat/-/array.prototype.flat-1.3.3.tgz. Extracting by manifest.
2846 silly tarball no local data for type-check@https://registry.npmjs.org/type-check/-/type-check-0.4.0.tgz. Extracting by manifest.
2847 silly tarball no local data for argparse@https://registry.npmjs.org/argparse/-/argparse-2.0.1.tgz. Extracting by manifest.
2848 silly tarball no local data for set-function-name@https://registry.npmjs.org/set-function-name/-/set-function-name-2.0.2.tgz. Extracting by manifest.
2849 silly tarball no local data for json-buffer@https://registry.npmjs.org/json-buffer/-/json-buffer-3.0.1.tgz. Extracting by manifest.
2850 silly tarball no local data for resolve-from@https://registry.npmjs.org/resolve-from/-/resolve-from-4.0.0.tgz. Extracting by manifest.
2851 silly tarball no local data for side-channel@https://registry.npmjs.org/side-channel/-/side-channel-1.1.0.tgz. Extracting by manifest.
2852 silly tarball no local data for parent-module@https://registry.npmjs.org/parent-module/-/parent-module-1.0.1.tgz. Extracting by manifest.
2853 silly tarball no local data for dunder-proto@https://registry.npmjs.org/dunder-proto/-/dunder-proto-1.0.1.tgz. Extracting by manifest.
2854 silly tarball no local data for functions-have-names@https://registry.npmjs.org/functions-have-names/-/functions-have-names-1.2.3.tgz. Extracting by manifest.
2855 silly tarball no local data for mime-types@https://registry.npmjs.org/mime-types/-/mime-types-2.1.35.tgz. Extracting by manifest.
2856 silly tarball no local data for asynckit@https://registry.npmjs.org/asynckit/-/asynckit-0.4.0.tgz. Extracting by manifest.
2857 silly tarball no local data for type-fest@https://registry.npmjs.org/type-fest/-/type-fest-0.20.2.tgz. Extracting by manifest.
2858 silly tarball no local data for keyv@https://registry.npmjs.org/keyv/-/keyv-4.5.4.tgz. Extracting by manifest.
2859 silly tarball no local data for combined-stream@https://registry.npmjs.org/combined-stream/-/combined-stream-1.0.8.tgz. Extracting by manifest.
2860 silly tarball no local data for flatted@https://registry.npmjs.org/flatted/-/flatted-3.4.2.tgz. Extracting by manifest.
2861 silly tarball no local data for rimraf@https://registry.npmjs.org/rimraf/-/rimraf-3.0.2.tgz. Extracting by manifest.
2862 silly tarball no local data for path-exists@https://registry.npmjs.org/path-exists/-/path-exists-4.0.0.tgz. Extracting by manifest.
2863 silly tarball no local data for flat-cache@https://registry.npmjs.org/flat-cache/-/flat-cache-3.2.0.tgz. Extracting by manifest.
2864 silly tarball no local data for delayed-stream@https://registry.npmjs.org/delayed-stream/-/delayed-stream-1.0.0.tgz. Extracting by manifest.
2865 silly tarball no local data for locate-path@https://registry.npmjs.org/locate-path/-/locate-path-6.0.0.tgz. Extracting by manifest.
2866 silly tarball no local data for reusify@https://registry.npmjs.org/reusify/-/reusify-1.1.0.tgz. Extracting by manifest.
2867 silly tarball no local data for acorn-jsx@https://registry.npmjs.org/acorn-jsx/-/acorn-jsx-5.3.2.tgz. Extracting by manifest.
2868 silly tarball no local data for acorn@https://registry.npmjs.org/acorn/-/acorn-8.16.0.tgz. Extracting by manifest.
2869 silly tarball no local data for is-symbol@https://registry.npmjs.org/is-symbol/-/is-symbol-1.1.1.tgz. Extracting by manifest.
2870 silly tarball no local data for is-date-object@https://registry.npmjs.org/is-date-object/-/is-date-object-1.1.0.tgz. Extracting by manifest.
2871 silly tarball no local data for has-tostringtag@https://registry.npmjs.org/has-tostringtag/-/has-tostringtag-1.0.2.tgz. Extracting by manifest.
2872 silly tarball no local data for iterator.prototype@https://registry.npmjs.org/iterator.prototype/-/iterator.prototype-1.1.5.tgz. Extracting by manifest.
2873 silly tarball no local data for esrecurse@https://registry.npmjs.org/esrecurse/-/esrecurse-4.3.0.tgz. Extracting by manifest.
2874 silly tarball no local data for possible-typed-array-names@https://registry.npmjs.org/possible-typed-array-names/-/possible-typed-array-names-1.1.0.tgz. Extracting by manifest.
2875 silly tarball no local data for typed-array-buffer@https://registry.npmjs.org/typed-array-buffer/-/typed-array-buffer-1.0.3.tgz. Extracting by manifest.
2876 silly tarball no local data for typed-array-byte-offset@https://registry.npmjs.org/typed-array-byte-offset/-/typed-array-byte-offset-1.0.4.tgz. Extracting by manifest.
2877 silly tarball no local data for typed-array-length@https://registry.npmjs.org/typed-array-length/-/typed-array-length-1.0.7.tgz. Extracting by manifest.
2878 silly tarball no local data for unbox-primitive@https://registry.npmjs.org/unbox-primitive/-/unbox-primitive-1.1.0.tgz. Extracting by manifest.
2879 silly tarball no local data for which-typed-array@https://registry.npmjs.org/which-typed-array/-/which-typed-array-1.1.20.tgz. Extracting by manifest.
2880 silly tarball no local data for string.prototype.trimstart@https://registry.npmjs.org/string.prototype.trimstart/-/string.prototype.trimstart-1.0.8.tgz. Extracting by manifest.
2881 silly tarball no local data for string.prototype.trimend@https://registry.npmjs.org/string.prototype.trimend/-/string.prototype.trimend-1.0.9.tgz. Extracting by manifest.
2882 silly tarball no local data for typed-array-byte-length@https://registry.npmjs.org/typed-array-byte-length/-/typed-array-byte-length-1.0.3.tgz. Extracting by manifest.
2883 silly tarball no local data for set-proto@https://registry.npmjs.org/set-proto/-/set-proto-1.0.0.tgz. Extracting by manifest.
2884 silly tarball no local data for stop-iteration-iterator@https://registry.npmjs.org/stop-iteration-iterator/-/stop-iteration-iterator-1.1.0.tgz. Extracting by manifest.
2885 silly tarball no local data for safe-regex-test@https://registry.npmjs.org/safe-regex-test/-/safe-regex-test-1.1.0.tgz. Extracting by manifest.
2886 silly tarball no local data for string.prototype.trim@https://registry.npmjs.org/string.prototype.trim/-/string.prototype.trim-1.2.10.tgz. Extracting by manifest.
2887 silly tarball no local data for regexp.prototype.flags@https://registry.npmjs.org/regexp.prototype.flags/-/regexp.prototype.flags-1.5.4.tgz. Extracting by manifest.
2888 silly tarball no local data for object.assign@https://registry.npmjs.org/object.assign/-/object.assign-4.1.7.tgz. Extracting by manifest.
2889 silly tarball no local data for safe-array-concat@https://registry.npmjs.org/safe-array-concat/-/safe-array-concat-1.1.4.tgz. Extracting by manifest.
2890 silly tarball no local data for object-inspect@https://registry.npmjs.org/object-inspect/-/object-inspect-1.13.4.tgz. Extracting by manifest.
2891 silly tarball no local data for is-weakref@https://registry.npmjs.org/is-weakref/-/is-weakref-1.1.1.tgz. Extracting by manifest.
2892 silly tarball no local data for own-keys@https://registry.npmjs.org/own-keys/-/own-keys-1.0.1.tgz. Extracting by manifest.
2893 silly tarball no local data for safe-push-apply@https://registry.npmjs.org/safe-push-apply/-/safe-push-apply-1.0.0.tgz. Extracting by manifest.
2894 silly tarball no local data for is-typed-array@https://registry.npmjs.org/is-typed-array/-/is-typed-array-1.1.15.tgz. Extracting by manifest.
2895 silly tarball no local data for is-shared-array-buffer@https://registry.npmjs.org/is-shared-array-buffer/-/is-shared-array-buffer-1.0.4.tgz. Extracting by manifest.
2896 silly tarball no local data for is-set@https://registry.npmjs.org/is-set/-/is-set-2.0.3.tgz. Extracting by manifest.
2897 silly tarball no local data for is-data-view@https://registry.npmjs.org/is-data-view/-/is-data-view-1.0.2.tgz. Extracting by manifest.
2898 silly tarball no local data for is-regex@https://registry.npmjs.org/is-regex/-/is-regex-1.2.1.tgz. Extracting by manifest.
2899 silly tarball no local data for has-symbols@https://registry.npmjs.org/has-symbols/-/has-symbols-1.1.0.tgz. Extracting by manifest.
2900 silly tarball no local data for is-negative-zero@https://registry.npmjs.org/is-negative-zero/-/is-negative-zero-2.0.3.tgz. Extracting by manifest.
2901 silly tarball no local data for is-callable@https://registry.npmjs.org/is-callable/-/is-callable-1.2.7.tgz. Extracting by manifest.
2902 silly tarball no local data for is-array-buffer@https://registry.npmjs.org/is-array-buffer/-/is-array-buffer-3.0.5.tgz. Extracting by manifest.
2903 silly tarball no local data for has-proto@https://registry.npmjs.org/has-proto/-/has-proto-1.2.0.tgz. Extracting by manifest.
2904 silly tarball no local data for globalthis@https://registry.npmjs.org/globalthis/-/globalthis-1.0.4.tgz. Extracting by manifest.
2905 silly tarball no local data for internal-slot@https://registry.npmjs.org/internal-slot/-/internal-slot-1.1.0.tgz. Extracting by manifest.
2906 silly tarball no local data for get-symbol-description@https://registry.npmjs.org/get-symbol-description/-/get-symbol-description-1.1.0.tgz. Extracting by manifest.
2907 silly tarball no local data for function.prototype.name@https://registry.npmjs.org/function.prototype.name/-/function.prototype.name-1.1.8.tgz. Extracting by manifest.
2908 silly tarball no local data for es-to-primitive@https://registry.npmjs.org/es-to-primitive/-/es-to-primitive-1.3.0.tgz. Extracting by manifest.
2909 silly tarball no local data for get-proto@https://registry.npmjs.org/get-proto/-/get-proto-1.0.1.tgz. Extracting by manifest.
2910 silly tarball no local data for data-view-byte-offset@https://registry.npmjs.org/data-view-byte-offset/-/data-view-byte-offset-1.0.1.tgz. Extracting by manifest.
2911 silly tarball no local data for data-view-buffer@https://registry.npmjs.org/data-view-buffer/-/data-view-buffer-1.0.2.tgz. Extracting by manifest.
2912 silly tarball no local data for available-typed-arrays@https://registry.npmjs.org/available-typed-arrays/-/available-typed-arrays-1.0.7.tgz. Extracting by manifest.
2913 silly tarball no local data for data-view-byte-length@https://registry.npmjs.org/data-view-byte-length/-/data-view-byte-length-1.0.2.tgz. Extracting by manifest.
2914 silly tarball no local data for arraybuffer.prototype.slice@https://registry.npmjs.org/arraybuffer.prototype.slice/-/arraybuffer.prototype.slice-1.0.4.tgz. Extracting by manifest.
2915 silly tarball no local data for gopd@https://registry.npmjs.org/gopd/-/gopd-1.2.0.tgz. Extracting by manifest.
2916 silly tarball no local data for object-keys@https://registry.npmjs.org/object-keys/-/object-keys-1.1.1.tgz. Extracting by manifest.
2917 silly tarball no local data for has-property-descriptors@https://registry.npmjs.org/has-property-descriptors/-/has-property-descriptors-1.0.2.tgz. Extracting by manifest.
2918 silly tarball no local data for array-buffer-byte-length@https://registry.npmjs.org/array-buffer-byte-length/-/array-buffer-byte-length-1.0.2.tgz. Extracting by manifest.
2919 silly tarball no local data for define-data-property@https://registry.npmjs.org/define-data-property/-/define-data-property-1.1.4.tgz. Extracting by manifest.
2920 silly tarball no local data for function-bind@https://registry.npmjs.org/function-bind/-/function-bind-1.1.2.tgz. Extracting by manifest.
2921 silly tarball no local data for es-shim-unscopables@https://registry.npmjs.org/es-shim-unscopables/-/es-shim-unscopables-1.1.0.tgz. Extracting by manifest.
2922 silly tarball no local data for set-function-length@https://registry.npmjs.org/set-function-length/-/set-function-length-1.2.2.tgz. Extracting by manifest.
2923 silly tarball no local data for es-set-tostringtag@https://registry.npmjs.org/es-set-tostringtag/-/es-set-tostringtag-2.1.0.tgz. Extracting by manifest.
2924 silly tarball no local data for es-define-property@https://registry.npmjs.org/es-define-property/-/es-define-property-1.0.1.tgz. Extracting by manifest.
2925 silly tarball no local data for call-bind-apply-helpers@https://registry.npmjs.org/call-bind-apply-helpers/-/call-bind-apply-helpers-1.0.2.tgz. Extracting by manifest.
2926 silly tarball no local data for math-intrinsics@https://registry.npmjs.org/math-intrinsics/-/math-intrinsics-1.1.0.tgz. Extracting by manifest.
2927 silly tarball no local data for is-string@https://registry.npmjs.org/is-string/-/is-string-1.1.1.tgz. Extracting by manifest.
2928 silly tarball no local data for es-object-atoms@https://registry.npmjs.org/es-object-atoms/-/es-object-atoms-1.1.1.tgz. Extracting by manifest.
2929 silly tarball no local data for es-abstract@https://registry.npmjs.org/es-abstract/-/es-abstract-1.24.2.tgz. Extracting by manifest.
2930 silly tarball no local data for get-intrinsic@https://registry.npmjs.org/get-intrinsic/-/get-intrinsic-1.3.0.tgz. Extracting by manifest.
2931 silly tarball no local data for define-properties@https://registry.npmjs.org/define-properties/-/define-properties-1.2.1.tgz. Extracting by manifest.
2932 silly tarball no local data for call-bound@https://registry.npmjs.org/call-bound/-/call-bound-1.0.4.tgz. Extracting by manifest.
2933 silly tarball no local data for string.prototype.repeat@https://registry.npmjs.org/string.prototype.repeat/-/string.prototype.repeat-1.0.0.tgz. Extracting by manifest.
2934 silly tarball no local data for call-bind@https://registry.npmjs.org/call-bind/-/call-bind-1.0.9.tgz. Extracting by manifest.
2935 silly tarball no local data for resolve@https://registry.npmjs.org/resolve/-/resolve-2.0.0-next.6.tgz. Extracting by manifest.
2936 silly tarball no local data for prop-types@https://registry.npmjs.org/prop-types/-/prop-types-15.8.1.tgz. Extracting by manifest.
2937 silly tarball no local data for string.prototype.matchall@https://registry.npmjs.org/string.prototype.matchall/-/string.prototype.matchall-4.0.12.tgz. Extracting by manifest.
2938 silly tarball no local data for object.fromentries@https://registry.npmjs.org/object.fromentries/-/object.fromentries-2.0.8.tgz. Extracting by manifest.
2939 silly tarball no local data for object.entries@https://registry.npmjs.org/object.entries/-/object.entries-1.1.9.tgz. Extracting by manifest.
2940 silly tarball no local data for hasown@https://registry.npmjs.org/hasown/-/hasown-2.0.3.tgz. Extracting by manifest.
2941 silly tarball no local data for object.values@https://registry.npmjs.org/object.values/-/object.values-1.2.1.tgz. Extracting by manifest.
2942 silly tarball no local data for jsx-ast-utils@https://registry.npmjs.org/jsx-ast-utils/-/jsx-ast-utils-3.3.5.tgz. Extracting by manifest.
2943 silly tarball no local data for array.prototype.tosorted@https://registry.npmjs.org/array.prototype.tosorted/-/array.prototype.tosorted-1.1.4.tgz. Extracting by manifest.
2944 silly tarball no local data for array.prototype.flatmap@https://registry.npmjs.org/array.prototype.flatmap/-/array.prototype.flatmap-1.3.3.tgz. Extracting by manifest.
2945 silly tarball no local data for array.prototype.findlast@https://registry.npmjs.org/array.prototype.findlast/-/array.prototype.findlast-1.2.5.tgz. Extracting by manifest.
2946 silly tarball no local data for es-iterator-helpers@https://registry.npmjs.org/es-iterator-helpers/-/es-iterator-helpers-1.3.2.tgz. Extracting by manifest.
2947 silly tarball no local data for es-errors@https://registry.npmjs.org/es-errors/-/es-errors-1.3.0.tgz. Extracting by manifest.
2948 silly tarball no local data for which@https://registry.npmjs.org/which/-/which-2.0.2.tgz. Extracting by manifest.
2949 silly tarball no local data for color-convert@https://registry.npmjs.org/color-convert/-/color-convert-2.0.1.tgz. Extracting by manifest.
2950 silly tarball no local data for shebang-command@https://registry.npmjs.org/shebang-command/-/shebang-command-2.0.0.tgz. Extracting by manifest.
2951 silly tarball no local data for color-name@https://registry.npmjs.org/color-name/-/color-name-1.1.4.tgz. Extracting by manifest.
2952 silly tarball no local data for supports-color@https://registry.npmjs.org/supports-color/-/supports-color-7.2.0.tgz. Extracting by manifest.
2953 silly tarball no local data for ansi-styles@https://registry.npmjs.org/ansi-styles/-/ansi-styles-4.3.0.tgz. Extracting by manifest.
2954 silly tarball no local data for uri-js@https://registry.npmjs.org/uri-js/-/uri-js-4.4.1.tgz. Extracting by manifest.
2955 silly tarball no local data for path-key@https://registry.npmjs.org/path-key/-/path-key-3.1.1.tgz. Extracting by manifest.
2956 silly tarball no local data for json-schema-traverse@https://registry.npmjs.org/json-schema-traverse/-/json-schema-traverse-0.4.1.tgz. Extracting by manifest.
2957 silly tarball no local data for fast-json-stable-stringify@https://registry.npmjs.org/fast-json-stable-stringify/-/fast-json-stable-stringify-2.1.0.tgz. Extracting by manifest.
2958 silly tarball no local data for @nodelib/fs.stat@https://registry.npmjs.org/@nodelib/fs.stat/-/fs.stat-2.0.5.tgz. Extracting by manifest.
2959 silly tarball no local data for run-parallel@https://registry.npmjs.org/run-parallel/-/run-parallel-1.2.0.tgz. Extracting by manifest.
2960 silly tarball no local data for @humanwhocodes/object-schema@https://registry.npmjs.org/@humanwhocodes/object-schema/-/object-schema-2.0.3.tgz. Extracting by manifest.
2961 silly tarball no local data for @nodelib/fs.scandir@https://registry.npmjs.org/@nodelib/fs.scandir/-/fs.scandir-2.1.5.tgz. Extracting by manifest.
2962 silly tarball no local data for import-fresh@https://registry.npmjs.org/import-fresh/-/import-fresh-3.3.1.tgz. Extracting by manifest.
2963 silly tarball no local data for strip-json-comments@https://registry.npmjs.org/strip-json-comments/-/strip-json-comments-3.1.1.tgz. Extracting by manifest.
2964 silly tarball no local data for text-table@https://registry.npmjs.org/text-table/-/text-table-0.2.0.tgz. Extracting by manifest.
2965 silly tarball no local data for fastq@https://registry.npmjs.org/fastq/-/fastq-1.20.1.tgz. Extracting by manifest.
2966 silly tarball no local data for optionator@https://registry.npmjs.org/optionator/-/optionator-0.9.4.tgz. Extracting by manifest.
2967 silly tarball no local data for natural-compare@https://registry.npmjs.org/natural-compare/-/natural-compare-1.4.0.tgz. Extracting by manifest.
2968 silly tarball no local data for lodash.merge@https://registry.npmjs.org/lodash.merge/-/lodash.merge-4.6.2.tgz. Extracting by manifest.
2969 silly tarball no local data for array-includes@https://registry.npmjs.org/array-includes/-/array-includes-3.1.9.tgz. Extracting by manifest.
2970 silly tarball no local data for minimatch@https://registry.npmjs.org/minimatch/-/minimatch-3.1.5.tgz. Extracting by manifest.
2971 silly tarball no local data for estraverse@https://registry.npmjs.org/estraverse/-/estraverse-5.3.0.tgz. Extracting by manifest.
2972 silly tarball no local data for levn@https://registry.npmjs.org/levn/-/levn-0.4.1.tgz. Extracting by manifest.
2973 silly tarball no local data for json-stable-stringify-without-jsonify@https://registry.npmjs.org/json-stable-stringify-without-jsonify/-/json-stable-stringify-without-jsonify-1.0.1.tgz. Extracting by manifest.
2974 silly tarball no local data for js-yaml@https://registry.npmjs.org/js-yaml/-/js-yaml-4.1.1.tgz. Extracting by manifest.
2975 silly tarball no local data for is-path-inside@https://registry.npmjs.org/is-path-inside/-/is-path-inside-3.0.3.tgz. Extracting by manifest.
2976 silly tarball no local data for imurmurhash@https://registry.npmjs.org/imurmurhash/-/imurmurhash-0.1.4.tgz. Extracting by manifest.
2977 silly tarball no local data for is-glob@https://registry.npmjs.org/is-glob/-/is-glob-4.0.3.tgz. Extracting by manifest.
2978 silly tarball no local data for ignore@https://registry.npmjs.org/ignore/-/ignore-5.3.2.tgz. Extracting by manifest.
2979 silly tarball no local data for globals@https://registry.npmjs.org/globals/-/globals-13.24.0.tgz. Extracting by manifest.
2980 silly tarball no local data for graphemer@https://registry.npmjs.org/graphemer/-/graphemer-1.4.0.tgz. Extracting by manifest.
2981 silly tarball no local data for strip-ansi@https://registry.npmjs.org/strip-ansi/-/strip-ansi-6.0.1.tgz. Extracting by manifest.
2982 silly tarball no local data for glob-parent@https://registry.npmjs.org/glob-parent/-/glob-parent-6.0.2.tgz. Extracting by manifest.
2983 silly tarball no local data for find-up@https://registry.npmjs.org/find-up/-/find-up-5.0.0.tgz. Extracting by manifest.
2984 silly tarball no local data for fast-deep-equal@https://registry.npmjs.org/fast-deep-equal/-/fast-deep-equal-3.1.3.tgz. Extracting by manifest.
2985 silly tarball no local data for esutils@https://registry.npmjs.org/esutils/-/esutils-2.0.3.tgz. Extracting by manifest.
2986 silly tarball no local data for esquery@https://registry.npmjs.org/esquery/-/esquery-1.7.0.tgz. Extracting by manifest.
2987 silly tarball no local data for file-entry-cache@https://registry.npmjs.org/file-entry-cache/-/file-entry-cache-6.0.1.tgz. Extracting by manifest.
2988 silly tarball no local data for eslint-visitor-keys@https://registry.npmjs.org/eslint-visitor-keys/-/eslint-visitor-keys-3.4.3.tgz. Extracting by manifest.
2989 silly tarball no local data for espree@https://registry.npmjs.org/espree/-/espree-9.6.1.tgz. Extracting by manifest.
2990 silly tarball no local data for escape-string-regexp@https://registry.npmjs.org/escape-string-regexp/-/escape-string-regexp-4.0.0.tgz. Extracting by manifest.
2991 silly tarball no local data for doctrine@https://registry.npmjs.org/doctrine/-/doctrine-3.0.0.tgz. Extracting by manifest.
2992 silly tarball no local data for eslint-scope@https://registry.npmjs.org/eslint-scope/-/eslint-scope-7.2.2.tgz. Extracting by manifest.
2993 silly tarball no local data for @ungap/structured-clone@https://registry.npmjs.org/@ungap/structured-clone/-/structured-clone-1.3.0.tgz. Extracting by manifest.
2994 silly tarball no local data for cross-spawn@https://registry.npmjs.org/cross-spawn/-/cross-spawn-7.0.6.tgz. Extracting by manifest.
2995 silly tarball no local data for chalk@https://registry.npmjs.org/chalk/-/chalk-4.1.2.tgz. Extracting by manifest.
2996 silly tarball no local data for ajv@https://registry.npmjs.org/ajv/-/ajv-6.15.0.tgz. Extracting by manifest.
2997 silly tarball no local data for @nodelib/fs.walk@https://registry.npmjs.org/@nodelib/fs.walk/-/fs.walk-1.2.8.tgz. Extracting by manifest.
2998 silly tarball no local data for @eslint/js@https://registry.npmjs.org/@eslint/js/-/js-8.57.1.tgz. Extracting by manifest.
2999 silly tarball no local data for @eslint/eslintrc@https://registry.npmjs.org/@eslint/eslintrc/-/eslintrc-2.1.4.tgz. Extracting by manifest.
3000 silly tarball no local data for @humanwhocodes/config-array@https://registry.npmjs.org/@humanwhocodes/config-array/-/config-array-0.13.0.tgz. Extracting by manifest.
3001 silly tarball no local data for @eslint-community/regexpp@https://registry.npmjs.org/@eslint-community/regexpp/-/regexpp-4.12.2.tgz. Extracting by manifest.
3002 silly tarball no local data for @eslint-community/eslint-utils@https://registry.npmjs.org/@eslint-community/eslint-utils/-/eslint-utils-4.9.1.tgz. Extracting by manifest.
3003 silly tarball no local data for ms@https://registry.npmjs.org/ms/-/ms-2.1.3.tgz. Extracting by manifest.
3004 silly tarball no local data for electron-to-chromium@https://registry.npmjs.org/electron-to-chromium/-/electron-to-chromium-1.5.345.tgz. Extracting by manifest.
3005 silly tarball no local data for baseline-browser-mapping@https://registry.npmjs.org/baseline-browser-mapping/-/baseline-browser-mapping-2.10.24.tgz. Extracting by manifest.
3006 silly tarball no local data for node-releases@https://registry.npmjs.org/node-releases/-/node-releases-2.0.38.tgz. Extracting by manifest.
3007 silly tarball no local data for proxy-from-env@https://registry.npmjs.org/proxy-from-env/-/proxy-from-env-2.1.0.tgz. Extracting by manifest.
3008 silly tarball no local data for form-data@https://registry.npmjs.org/form-data/-/form-data-4.0.5.tgz. Extracting by manifest.
3009 silly tarball no local data for fraction.js@https://registry.npmjs.org/fraction.js/-/fraction.js-5.3.4.tgz. Extracting by manifest.
3010 silly tarball no local data for follow-redirects@https://registry.npmjs.org/follow-redirects/-/follow-redirects-1.16.0.tgz. Extracting by manifest.
3011 silly tarball no local data for caniuse-lite@https://registry.npmjs.org/caniuse-lite/-/caniuse-lite-1.0.30001791.tgz. Extracting by manifest.
3012 silly tarball no local data for postcss-value-parser@https://registry.npmjs.org/postcss-value-parser/-/postcss-value-parser-4.2.0.tgz. Extracting by manifest.
3013 silly tarball no local data for @types/babel__traverse@https://registry.npmjs.org/@types/babel__traverse/-/babel__traverse-7.28.0.tgz. Extracting by manifest.
3014 silly tarball no local data for @types/babel__template@https://registry.npmjs.org/@types/babel__template/-/babel__template-7.4.4.tgz. Extracting by manifest.
3015 silly tarball no local data for @jridgewell/sourcemap-codec@https://registry.npmjs.org/@jridgewell/sourcemap-codec/-/sourcemap-codec-1.5.5.tgz. Extracting by manifest.
3016 silly tarball no local data for @humanwhocodes/module-importer@https://registry.npmjs.org/@humanwhocodes/module-importer/-/module-importer-1.0.1.tgz. Extracting by manifest.
3017 silly tarball no local data for update-browserslist-db@https://registry.npmjs.org/update-browserslist-db/-/update-browserslist-db-1.2.3.tgz. Extracting by manifest.
3018 silly tarball no local data for @jridgewell/resolve-uri@https://registry.npmjs.org/@jridgewell/resolve-uri/-/resolve-uri-3.1.2.tgz. Extracting by manifest.
3019 silly tarball no local data for @babel/helper-string-parser@https://registry.npmjs.org/@babel/helper-string-parser/-/helper-string-parser-7.27.1.tgz. Extracting by manifest.
3020 silly tarball no local data for lru-cache@https://registry.npmjs.org/lru-cache/-/lru-cache-5.1.1.tgz. Extracting by manifest.
3021 silly tarball no local data for @types/babel__generator@https://registry.npmjs.org/@types/babel__generator/-/babel__generator-7.27.0.tgz. Extracting by manifest.
3022 silly tarball no local data for @babel/helper-globals@https://registry.npmjs.org/@babel/helper-globals/-/helper-globals-7.28.0.tgz. Extracting by manifest.
3023 silly tarball no local data for browserslist@https://registry.npmjs.org/browserslist/-/browserslist-4.28.2.tgz. Extracting by manifest.
3024 silly tarball no local data for @babel/helper-validator-option@https://registry.npmjs.org/@babel/helper-validator-option/-/helper-validator-option-7.27.1.tgz. Extracting by manifest.
3025 silly tarball no local data for @babel/helper-module-imports@https://registry.npmjs.org/@babel/helper-module-imports/-/helper-module-imports-7.28.6.tgz. Extracting by manifest.
3026 silly tarball no local data for @babel/compat-data@https://registry.npmjs.org/@babel/compat-data/-/compat-data-7.29.0.tgz. Extracting by manifest.
3027 silly tarball no local data for @jridgewell/trace-mapping@https://registry.npmjs.org/@jridgewell/trace-mapping/-/trace-mapping-0.3.31.tgz. Extracting by manifest.
3028 silly tarball no local data for @jridgewell/gen-mapping@https://registry.npmjs.org/@jridgewell/gen-mapping/-/gen-mapping-0.3.13.tgz. Extracting by manifest.
3029 silly tarball no local data for @babel/helper-validator-identifier@https://registry.npmjs.org/@babel/helper-validator-identifier/-/helper-validator-identifier-7.28.5.tgz. Extracting by manifest.
3030 silly tarball no local data for picocolors@https://registry.npmjs.org/picocolors/-/picocolors-1.1.1.tgz. Extracting by manifest.
3031 silly tarball no local data for js-tokens@https://registry.npmjs.org/js-tokens/-/js-tokens-4.0.0.tgz. Extracting by manifest.
3032 silly tarball no local data for json5@https://registry.npmjs.org/json5/-/json5-2.2.3.tgz. Extracting by manifest.
3033 silly tarball no local data for semver@https://registry.npmjs.org/semver/-/semver-6.3.1.tgz. Extracting by manifest.
3034 silly tarball no local data for gensync@https://registry.npmjs.org/gensync/-/gensync-1.0.0-beta.2.tgz. Extracting by manifest.
3035 silly tarball no local data for convert-source-map@https://registry.npmjs.org/convert-source-map/-/convert-source-map-2.0.0.tgz. Extracting by manifest.
3036 silly tarball no local data for @jridgewell/remapping@https://registry.npmjs.org/@jridgewell/remapping/-/remapping-2.3.5.tgz. Extracting by manifest.
3037 silly tarball no local data for @babel/traverse@https://registry.npmjs.org/@babel/traverse/-/traverse-7.29.0.tgz. Extracting by manifest.
3038 silly tarball no local data for @babel/types@https://registry.npmjs.org/@babel/types/-/types-7.29.0.tgz. Extracting by manifest.
3039 silly tarball no local data for jsesc@https://registry.npmjs.org/jsesc/-/jsesc-3.1.0.tgz. Extracting by manifest.
3040 silly tarball no local data for @babel/helper-module-transforms@https://registry.npmjs.org/@babel/helper-module-transforms/-/helper-module-transforms-7.28.6.tgz. Extracting by manifest.
3041 silly tarball no local data for @babel/helpers@https://registry.npmjs.org/@babel/helpers/-/helpers-7.29.2.tgz. Extracting by manifest.
3042 silly tarball no local data for react-refresh@https://registry.npmjs.org/react-refresh/-/react-refresh-0.17.0.tgz. Extracting by manifest.
3043 silly tarball no local data for @babel/parser@https://registry.npmjs.org/@babel/parser/-/parser-7.29.2.tgz. Extracting by manifest.
3044 silly tarball no local data for @babel/helper-compilation-targets@https://registry.npmjs.org/@babel/helper-compilation-targets/-/helper-compilation-targets-7.28.6.tgz. Extracting by manifest.
3045 silly tarball no local data for @babel/generator@https://registry.npmjs.org/@babel/generator/-/generator-7.29.1.tgz. Extracting by manifest.
3046 silly tarball no local data for @types/babel__core@https://registry.npmjs.org/@types/babel__core/-/babel__core-7.20.5.tgz. Extracting by manifest.
3047 silly tarball no local data for @rolldown/pluginutils@https://registry.npmjs.org/@rolldown/pluginutils/-/pluginutils-1.0.0-beta.27.tgz. Extracting by manifest.
3048 silly tarball no local data for @babel/code-frame@https://registry.npmjs.org/@babel/code-frame/-/code-frame-7.29.0.tgz. Extracting by manifest.
3049 silly tarball no local data for @babel/template@https://registry.npmjs.org/@babel/template/-/template-7.28.6.tgz. Extracting by manifest.
3050 silly tarball no local data for @babel/plugin-transform-react-jsx-source@https://registry.npmjs.org/@babel/plugin-transform-react-jsx-source/-/plugin-transform-react-jsx-source-7.27.1.tgz. Extracting by manifest.
3051 silly tarball no local data for debug@https://registry.npmjs.org/debug/-/debug-4.4.3.tgz. Extracting by manifest.
3052 silly tarball no local data for @babel/helper-plugin-utils@https://registry.npmjs.org/@babel/helper-plugin-utils/-/helper-plugin-utils-7.28.6.tgz. Extracting by manifest.
3053 silly tarball no local data for @babel/core@https://registry.npmjs.org/@babel/core/-/core-7.29.0.tgz. Extracting by manifest.
3054 silly tarball no local data for tailwindcss@https://registry.npmjs.org/tailwindcss/-/tailwindcss-3.4.19.tgz. Extracting by manifest.
3055 silly tarball no local data for csstype@https://registry.npmjs.org/csstype/-/csstype-3.2.3.tgz. Extracting by manifest.
3056 silly tarball no local data for @types/prop-types@https://registry.npmjs.org/@types/prop-types/-/prop-types-15.7.15.tgz. Extracting by manifest.
3057 silly tarball no local data for react-router-dom@https://registry.npmjs.org/react-router-dom/-/react-router-dom-6.30.3.tgz. Extracting by manifest.
3058 silly tarball no local data for lucide-react@https://registry.npmjs.org/lucide-react/-/lucide-react-0.344.0.tgz. Extracting by manifest.
3059 silly tarball no local data for eslint-plugin-react-refresh@https://registry.npmjs.org/eslint-plugin-react-refresh/-/eslint-plugin-react-refresh-0.4.26.tgz. Extracting by manifest.
3060 silly tarball no local data for react-dom@https://registry.npmjs.org/react-dom/-/react-dom-18.3.1.tgz. Extracting by manifest.
3061 silly tarball no local data for @babel/plugin-transform-react-jsx-self@https://registry.npmjs.org/@babel/plugin-transform-react-jsx-self/-/plugin-transform-react-jsx-self-7.27.1.tgz. Extracting by manifest.
3062 silly tarball no local data for react@https://registry.npmjs.org/react/-/react-18.3.1.tgz. Extracting by manifest.
3063 silly tarball no local data for eslint-plugin-react-hooks@https://registry.npmjs.org/eslint-plugin-react-hooks/-/eslint-plugin-react-hooks-4.6.2.tgz. Extracting by manifest.
3064 silly tarball no local data for axios@https://registry.npmjs.org/axios/-/axios-1.15.2.tgz. Extracting by manifest.
3065 silly tarball no local data for vite@https://registry.npmjs.org/vite/-/vite-5.4.21.tgz. Extracting by manifest.
3066 silly tarball no local data for eslint-plugin-react@https://registry.npmjs.org/eslint-plugin-react/-/eslint-plugin-react-7.37.5.tgz. Extracting by manifest.
3067 silly tarball no local data for eslint@https://registry.npmjs.org/eslint/-/eslint-8.57.1.tgz. Extracting by manifest.
3068 silly tarball no local data for postcss@https://registry.npmjs.org/postcss/-/postcss-8.5.12.tgz. Extracting by manifest.
3069 silly tarball no local data for @vitejs/plugin-react@https://registry.npmjs.org/@vitejs/plugin-react/-/plugin-react-4.7.0.tgz. Extracting by manifest.
3070 silly tarball no local data for @types/react-dom@https://registry.npmjs.org/@types/react-dom/-/react-dom-18.3.7.tgz. Extracting by manifest.
3071 silly tarball no local data for fdir@https://registry.npmjs.org/fdir/-/fdir-6.5.0.tgz. Extracting by manifest.
3072 silly tarball no local data for autoprefixer@https://registry.npmjs.org/autoprefixer/-/autoprefixer-10.5.0.tgz. Extracting by manifest.
3073 silly tarball no local data for @types/react@https://registry.npmjs.org/@types/react/-/react-18.3.28.tgz. Extracting by manifest.
3074 silly tarball no local data for resolve@https://registry.npmjs.org/resolve/-/resolve-1.22.12.tgz. Extracting by manifest.
3075 silly tarball no local data for picomatch@https://registry.npmjs.org/picomatch/-/picomatch-4.0.4.tgz. Extracting by manifest.
3076 silly tarball no local data for glob-parent@https://registry.npmjs.org/glob-parent/-/glob-parent-5.1.2.tgz. Extracting by manifest.
3077 silly tarball no local data for doctrine@https://registry.npmjs.org/doctrine/-/doctrine-2.1.0.tgz. Extracting by manifest.
3078 silly tarball no local data for glob-parent@https://registry.npmjs.org/glob-parent/-/glob-parent-5.1.2.tgz. Extracting by manifest.
3079 silly tarball no local data for resolve@https://registry.npmjs.org/resolve/-/resolve-1.22.12.tgz. Extracting by manifest.
3080 http fetch POST 200 https://registry.npmjs.org/-/npm/v1/security/advisories/bulk 565ms
3081 silly audit report {
3081 silly audit report   vite: [
3081 silly audit report     {
3081 silly audit report       id: 1116229,
3081 silly audit report       url: 'https://github.com/advisories/GHSA-4w7w-66w2-5vf9',
3081 silly audit report       title: 'Vite Vulnerable to Path Traversal in Optimized Deps `.map` Handling',
3081 silly audit report       severity: 'moderate',
3081 silly audit report       vulnerable_versions: '<=6.4.1',
3081 silly audit report       cwe: [Array],
3081 silly audit report       cvss: [Object]
3081 silly audit report     }
3081 silly audit report   ],
3081 silly audit report   esbuild: [
3081 silly audit report     {
3081 silly audit report       id: 1102341,
3081 silly audit report       url: 'https://github.com/advisories/GHSA-67mh-4wv8-2f99',
3081 silly audit report       title: 'esbuild enables any website to send any requests to the development server and read the response',
3081 silly audit report       severity: 'moderate',
3081 silly audit report       vulnerable_versions: '<=0.24.2',
3081 silly audit report       cwe: [Array],
3081 silly audit report       cvss: [Object]
3081 silly audit report     }
3081 silly audit report   ]
3081 silly audit report }
3082 silly packumentCache corgi:https://registry.npmjs.org/vite cache-miss
3083 silly packumentCache corgi:https://registry.npmjs.org/esbuild cache-miss
3084 http fetch GET 200 https://registry.npmjs.org/async-function/-/async-function-1.0.0.tgz 1105ms (cache miss)
3085 http fetch GET 200 https://registry.npmjs.org/is-weakset/-/is-weakset-2.0.4.tgz 1106ms (cache miss)
3086 http fetch GET 200 https://registry.npmjs.org/which-collection/-/which-collection-1.0.2.tgz 1108ms (cache miss)
3087 http fetch GET 200 https://registry.npmjs.org/is-finalizationregistry/-/is-finalizationregistry-1.1.1.tgz 1106ms (cache miss)
3088 http fetch GET 200 https://registry.npmjs.org/is-async-function/-/is-async-function-2.1.1.tgz 1105ms (cache miss)
3089 http fetch GET 200 https://registry.npmjs.org/@types/estree/-/estree-1.0.8.tgz 1107ms (cache miss)
3090 http fetch GET 200 https://registry.npmjs.org/punycode/-/punycode-2.3.1.tgz 1145ms (cache miss)
3091 http fetch GET 200 https://registry.npmjs.org/is-generator-function/-/is-generator-function-1.1.2.tgz 1207ms (cache miss)
3092 http fetch GET 200 https://registry.npmjs.org/has-bigints/-/has-bigints-1.1.0.tgz 1201ms (cache miss)
3093 http fetch GET 200 https://registry.npmjs.org/which-builtin-type/-/which-builtin-type-1.2.1.tgz 1201ms (cache miss)
3094 http fetch GET 200 https://registry.npmjs.org/thenify/-/thenify-3.3.1.tgz 1257ms (cache miss)
3095 http fetch GET 200 https://registry.npmjs.org/ts-interface-checker/-/ts-interface-checker-0.1.13.tgz 1256ms (cache miss)
3096 http fetch GET 200 https://registry.npmjs.org/thenify-all/-/thenify-all-1.6.0.tgz 1258ms (cache miss)
3097 http fetch GET 200 https://registry.npmjs.org/generator-function/-/generator-function-2.0.1.tgz 1338ms (cache miss)
3098 http fetch GET 200 https://registry.npmjs.org/tinyglobby/-/tinyglobby-0.2.16.tgz 1322ms (cache miss)
3099 http fetch GET 200 https://registry.npmjs.org/pirates/-/pirates-4.0.7.tgz 1324ms (cache miss)
3100 http fetch GET 200 https://registry.npmjs.org/which-boxed-primitive/-/which-boxed-primitive-1.1.1.tgz 1405ms (cache miss)
3101 http fetch GET 200 https://registry.npmjs.org/is-number/-/is-number-7.0.0.tgz 1403ms (cache miss)
3102 http fetch GET 200 https://registry.npmjs.org/any-promise/-/any-promise-1.3.0.tgz 1401ms (cache miss)
3103 http fetch GET 200 https://registry.npmjs.org/util-deprecate/-/util-deprecate-1.0.2.tgz 1402ms (cache miss)
3104 http fetch GET 200 https://registry.npmjs.org/fill-range/-/fill-range-7.1.1.tgz 1399ms (cache miss)
3105 http fetch GET 200 https://registry.npmjs.org/reflect.getprototypeof/-/reflect.getprototypeof-1.0.10.tgz 1493ms (cache miss)
3106 http fetch GET 200 https://registry.npmjs.org/merge2/-/merge2-1.4.1.tgz 1484ms (cache miss)
3107 http fetch GET 200 https://registry.npmjs.org/readdirp/-/readdirp-3.6.0.tgz 1492ms (cache miss)
3108 http fetch GET 200 https://registry.npmjs.org/lines-and-columns/-/lines-and-columns-1.2.4.tgz 1630ms (cache miss)
3109 http fetch GET 200 https://registry.npmjs.org/read-cache/-/read-cache-1.0.0.tgz 1627ms (cache miss)
3110 http fetch GET 200 https://registry.npmjs.org/camelcase-css/-/camelcase-css-2.0.1.tgz 1636ms (cache miss)
3111 http fetch GET 200 https://registry.npmjs.org/pify/-/pify-2.3.0.tgz 1638ms (cache miss)
3112 http fetch GET 200 https://registry.npmjs.org/postcss-load-config/-/postcss-load-config-6.0.1.tgz 1632ms (cache miss)
3113 http fetch GET 200 https://registry.npmjs.org/postcss-nested/-/postcss-nested-6.2.0.tgz 1639ms (cache miss)
3114 http fetch GET 200 https://registry.npmjs.org/mz/-/mz-2.7.0.tgz 1762ms (cache miss)
3115 http fetch GET 200 https://registry.npmjs.org/lilconfig/-/lilconfig-3.1.3.tgz 1752ms (cache miss)
3116 http fetch GET 200 https://registry.npmjs.org/normalize-path/-/normalize-path-3.0.0.tgz 1763ms (cache miss)
3117 http fetch GET 200 https://registry.npmjs.org/dlv/-/dlv-1.1.3.tgz 1762ms (cache miss)
3118 http fetch GET 200 https://registry.npmjs.org/is-binary-path/-/is-binary-path-2.1.0.tgz 1857ms (cache miss)
3119 http fetch GET 200 https://registry.npmjs.org/postcss-import/-/postcss-import-15.1.0.tgz 1857ms (cache miss)
3120 http fetch GET 200 https://registry.npmjs.org/has-flag/-/has-flag-4.0.0.tgz 1852ms (cache miss)
3121 http fetch GET 200 https://registry.npmjs.org/didyoumean/-/didyoumean-1.2.2.tgz 1853ms (cache miss)
3122 http fetch GET 200 https://registry.npmjs.org/@alloc/quick-lru/-/quick-lru-5.2.0.tgz 1853ms (cache miss)
3123 http fetch GET 200 https://registry.npmjs.org/ansi-regex/-/ansi-regex-5.0.1.tgz 1853ms (cache miss)
3124 http fetch GET 200 https://registry.npmjs.org/anymatch/-/anymatch-3.1.3.tgz 1938ms (cache miss)
3125 http fetch GET 200 https://registry.npmjs.org/arg/-/arg-5.0.2.tgz 1939ms (cache miss)
3126 http fetch GET 200 https://registry.npmjs.org/path-is-absolute/-/path-is-absolute-1.0.1.tgz 1935ms (cache miss)
3127 http fetch GET 200 https://registry.npmjs.org/wrappy/-/wrappy-1.0.2.tgz 1935ms (cache miss)
3128 http fetch GET 200 https://registry.npmjs.org/queue-microtask/-/queue-microtask-1.2.3.tgz 1936ms (cache miss)
3129 http fetch GET 200 https://registry.npmjs.org/inherits/-/inherits-2.0.4.tgz 1936ms (cache miss)
3130 http fetch GET 200 https://registry.npmjs.org/inflight/-/inflight-1.0.6.tgz 1939ms (cache miss)
3131 http fetch GET 200 https://registry.npmjs.org/shebang-regex/-/shebang-regex-3.0.0.tgz 2009ms (cache miss)
3132 http fetch GET 200 https://registry.npmjs.org/side-channel-weakmap/-/side-channel-weakmap-1.0.2.tgz 2013ms (cache miss)
3133 http fetch GET 200 https://registry.npmjs.org/once/-/once-1.4.0.tgz 2010ms (cache miss)
3134 http fetch GET 200 https://registry.npmjs.org/path-parse/-/path-parse-1.0.7.tgz 2008ms (cache miss)
3135 http fetch GET 200 https://registry.npmjs.org/isarray/-/isarray-2.0.5.tgz 2093ms (cache miss)
3136 http fetch GET 200 https://registry.npmjs.org/react-is/-/react-is-16.13.1.tgz 2089ms (cache miss)
3137 http fetch GET 200 https://registry.npmjs.org/loose-envify/-/loose-envify-1.4.0.tgz 2093ms (cache miss)
3138 http fetch GET 200 https://registry.npmjs.org/object-assign/-/object-assign-4.1.1.tgz 2093ms (cache miss)
3139 http fetch GET 200 https://registry.npmjs.org/callsites/-/callsites-3.1.0.tgz 2093ms (cache miss)
3140 http fetch GET 200 https://registry.npmjs.org/p-limit/-/p-limit-3.1.0.tgz 2093ms (cache miss)
3141 http fetch GET 200 https://registry.npmjs.org/nanoid/-/nanoid-3.3.11.tgz 2095ms (cache miss)
3142 warn deprecated inflight@1.0.6: This module is not supported, and leaks memory. Do not use it. Check out lru-cache if you want a good and tested way to coalesce async requests by a key value, which is much more comprehensive and powerful.
3143 http fetch GET 200 https://registry.npmjs.org/fs.realpath/-/fs.realpath-1.0.0.tgz 2152ms (cache miss)
3144 http fetch GET 200 https://registry.npmjs.org/deep-is/-/deep-is-0.1.4.tgz 2145ms (cache miss)
3145 http fetch GET 200 https://registry.npmjs.org/yallist/-/yallist-3.1.1.tgz 2145ms (cache miss)
3146 http fetch GET 200 https://registry.npmjs.org/balanced-match/-/balanced-match-1.0.2.tgz 2223ms (cache miss)
3147 http fetch GET 200 https://registry.npmjs.org/brace-expansion/-/brace-expansion-1.1.14.tgz 2223ms (cache miss)
3148 http fetch GET 200 https://registry.npmjs.org/fast-levenshtein/-/fast-levenshtein-2.0.6.tgz 2223ms (cache miss)
3149 http fetch GET 200 https://registry.npmjs.org/type-check/-/type-check-0.4.0.tgz 2218ms (cache miss)
3150 http fetch GET 200 https://registry.npmjs.org/set-function-name/-/set-function-name-2.0.2.tgz 2219ms (cache miss)
3151 http fetch GET 200 https://registry.npmjs.org/cssesc/-/cssesc-3.0.0.tgz 2328ms (cache miss)
3152 http fetch GET 200 https://registry.npmjs.org/supports-preserve-symlinks-flag/-/supports-preserve-symlinks-flag-1.0.0.tgz 2311ms (cache miss)
3153 http fetch GET 200 https://registry.npmjs.org/word-wrap/-/word-wrap-1.2.5.tgz 2309ms (cache miss)
3154 http fetch GET 200 https://registry.npmjs.org/mime-types/-/mime-types-2.1.35.tgz 2301ms (cache miss)
3155 http fetch GET 200 https://registry.npmjs.org/resolve-from/-/resolve-from-4.0.0.tgz 2303ms (cache miss)
3156 http fetch GET 200 https://registry.npmjs.org/json-buffer/-/json-buffer-3.0.1.tgz 2304ms (cache miss)
3157 http fetch GET 200 https://registry.npmjs.org/functions-have-names/-/functions-have-names-1.2.3.tgz 2302ms (cache miss)
3158 http fetch GET 200 https://registry.npmjs.org/is-extglob/-/is-extglob-2.1.1.tgz 2373ms (cache miss)
3159 http fetch GET 200 https://registry.npmjs.org/parent-module/-/parent-module-1.0.1.tgz 2371ms (cache miss)
3160 http fetch GET 200 https://registry.npmjs.org/dunder-proto/-/dunder-proto-1.0.1.tgz 2370ms (cache miss)
3161 http fetch GET 200 https://registry.npmjs.org/keyv/-/keyv-4.5.4.tgz 2372ms (cache miss)
3162 http fetch GET 200 https://registry.npmjs.org/yocto-queue/-/yocto-queue-0.1.0.tgz 2450ms (cache miss)
3163 http fetch GET 200 https://registry.npmjs.org/delayed-stream/-/delayed-stream-1.0.0.tgz 2437ms (cache miss)
3164 http fetch GET 200 https://registry.npmjs.org/reusify/-/reusify-1.1.0.tgz 2437ms (cache miss)
3165 http fetch GET 200 https://registry.npmjs.org/is-symbol/-/is-symbol-1.1.1.tgz 2438ms (cache miss)
3166 http fetch GET 200 https://registry.npmjs.org/is-date-object/-/is-date-object-1.1.0.tgz 2438ms (cache miss)
3167 http fetch GET 200 https://registry.npmjs.org/has-tostringtag/-/has-tostringtag-1.0.2.tgz 2440ms (cache miss)
3168 http fetch GET 200 https://registry.npmjs.org/binary-extensions/-/binary-extensions-2.3.0.tgz 2574ms (cache miss)
3169 http fetch GET 200 https://registry.npmjs.org/commander/-/commander-4.1.1.tgz 2582ms (cache miss)
3170 http fetch GET 200 https://registry.npmjs.org/array.prototype.flat/-/array.prototype.flat-1.3.3.tgz 2552ms (cache miss)
3171 http fetch GET 200 https://registry.npmjs.org/p-locate/-/p-locate-5.0.0.tgz 2555ms (cache miss)
3172 http fetch GET 200 https://registry.npmjs.org/asynckit/-/asynckit-0.4.0.tgz 2552ms (cache miss)
3173 http fetch GET 200 https://registry.npmjs.org/rimraf/-/rimraf-3.0.2.tgz 2551ms (cache miss)
3174 http fetch GET 200 https://registry.npmjs.org/path-exists/-/path-exists-4.0.0.tgz 2551ms (cache miss)
3175 http fetch GET 200 https://registry.npmjs.org/iterator.prototype/-/iterator.prototype-1.1.5.tgz 2549ms (cache miss)
3176 http fetch GET 200 https://registry.npmjs.org/combined-stream/-/combined-stream-1.0.8.tgz 2554ms (cache miss)
3177 http fetch GET 200 https://registry.npmjs.org/typed-array-buffer/-/typed-array-buffer-1.0.3.tgz 2548ms (cache miss)
3178 http fetch GET 200 https://registry.npmjs.org/possible-typed-array-names/-/possible-typed-array-names-1.1.0.tgz 2550ms (cache miss)
3179 http fetch GET 200 https://registry.npmjs.org/typed-array-length/-/typed-array-length-1.0.7.tgz 2550ms (cache miss)
3180 http fetch GET 200 https://registry.npmjs.org/unbox-primitive/-/unbox-primitive-1.1.0.tgz 2551ms (cache miss)
3181 http fetch GET 200 https://registry.npmjs.org/to-regex-range/-/to-regex-range-5.0.1.tgz 2638ms (cache miss)
3182 http fetch GET 200 https://registry.npmjs.org/locate-path/-/locate-path-6.0.0.tgz 2602ms (cache miss)
3183 http fetch GET 200 https://registry.npmjs.org/safe-regex-test/-/safe-regex-test-1.1.0.tgz 2594ms (cache miss)
3184 http fetch GET 200 https://registry.npmjs.org/esrecurse/-/esrecurse-4.3.0.tgz 2705ms (cache miss)
3185 http fetch GET 200 https://registry.npmjs.org/is-weakref/-/is-weakref-1.1.1.tgz 2697ms (cache miss)
3186 http fetch GET 200 https://registry.npmjs.org/safe-array-concat/-/safe-array-concat-1.1.4.tgz 2702ms (cache miss)
3187 http fetch GET 200 https://registry.npmjs.org/is-typed-array/-/is-typed-array-1.1.15.tgz 2699ms (cache miss)
3188 http fetch GET 200 https://registry.npmjs.org/safe-push-apply/-/safe-push-apply-1.0.0.tgz 2708ms (cache miss)
3189 http fetch GET 200 https://registry.npmjs.org/glob/-/glob-7.2.3.tgz 2824ms (cache miss)
3190 http fetch GET 200 https://registry.npmjs.org/stop-iteration-iterator/-/stop-iteration-iterator-1.1.0.tgz 2799ms (cache miss)
3191 http fetch GET 200 https://registry.npmjs.org/typed-array-byte-length/-/typed-array-byte-length-1.0.3.tgz 2803ms (cache miss)
3192 http fetch GET 200 https://registry.npmjs.org/is-set/-/is-set-2.0.3.tgz 2794ms (cache miss)
3193 http fetch GET 200 https://registry.npmjs.org/is-callable/-/is-callable-1.2.7.tgz 2791ms (cache miss)
3194 http fetch GET 200 https://registry.npmjs.org/is-array-buffer/-/is-array-buffer-3.0.5.tgz 2791ms (cache miss)
3195 http fetch GET 200 https://registry.npmjs.org/has-proto/-/has-proto-1.2.0.tgz 2791ms (cache miss)
3196 http fetch GET 200 https://registry.npmjs.org/available-typed-arrays/-/available-typed-arrays-1.0.7.tgz 2781ms (cache miss)
3197 http fetch GET 200 https://registry.npmjs.org/isexe/-/isexe-2.0.0.tgz 2941ms (cache miss)
3198 http fetch GET 200 https://registry.npmjs.org/is-shared-array-buffer/-/is-shared-array-buffer-1.0.4.tgz 2879ms (cache miss)
3199 http fetch GET 200 https://registry.npmjs.org/function.prototype.name/-/function.prototype.name-1.1.8.tgz 2872ms (cache miss)
3200 http fetch GET 200 https://registry.npmjs.org/get-symbol-description/-/get-symbol-description-1.1.0.tgz 2875ms (cache miss)
3201 http fetch GET 200 https://registry.npmjs.org/data-view-byte-offset/-/data-view-byte-offset-1.0.1.tgz 2870ms (cache miss)
3202 http fetch GET 200 https://registry.npmjs.org/data-view-buffer/-/data-view-buffer-1.0.2.tgz 2870ms (cache miss)
3203 http fetch GET 200 https://registry.npmjs.org/internal-slot/-/internal-slot-1.1.0.tgz 2879ms (cache miss)
3204 http fetch GET 200 https://registry.npmjs.org/arraybuffer.prototype.slice/-/arraybuffer.prototype.slice-1.0.4.tgz 2868ms (cache miss)
3205 http fetch GET 200 https://registry.npmjs.org/object-keys/-/object-keys-1.1.1.tgz 2872ms (cache miss)
3206 http fetch GET 200 https://registry.npmjs.org/array-buffer-byte-length/-/array-buffer-byte-length-1.0.2.tgz 2878ms (cache miss)
3207 warn deprecated glob@7.2.3: Old versions of glob are not supported, and contain widely publicized security vulnerabilities, which have been fixed in the current version. Please update. Support for old versions may be purchased (at exorbitant rates) by contacting i@izs.me
3208 http fetch GET 200 https://registry.npmjs.org/es-shim-unscopables/-/es-shim-unscopables-1.1.0.tgz 2993ms (cache miss)
3209 http fetch GET 200 https://registry.npmjs.org/set-function-length/-/set-function-length-1.2.2.tgz 2994ms (cache miss)
3210 http fetch GET 200 https://registry.npmjs.org/call-bind-apply-helpers/-/call-bind-apply-helpers-1.0.2.tgz 2992ms (cache miss)
3211 http fetch GET 200 https://registry.npmjs.org/function-bind/-/function-bind-1.1.2.tgz 2997ms (cache miss)
3212 http fetch GET 200 https://registry.npmjs.org/is-string/-/is-string-1.1.1.tgz 2993ms (cache miss)
3213 http fetch GET 200 https://registry.npmjs.org/es-define-property/-/es-define-property-1.0.1.tgz 2998ms (cache miss)
3214 http fetch GET 200 https://registry.npmjs.org/math-intrinsics/-/math-intrinsics-1.1.0.tgz 3013ms (cache miss)
3215 http fetch GET 200 https://registry.npmjs.org/esbuild/-/esbuild-0.21.5.tgz 3206ms (cache miss)
3216 http fetch GET 200 https://registry.npmjs.org/is-regex/-/is-regex-1.2.1.tgz 3150ms (cache miss)
3217 http fetch GET 200 https://registry.npmjs.org/get-proto/-/get-proto-1.0.1.tgz 3139ms (cache miss)
3218 http fetch GET 200 https://registry.npmjs.org/call-bound/-/call-bound-1.0.4.tgz 3126ms (cache miss)
3219 http fetch GET 200 https://registry.npmjs.org/has-property-descriptors/-/has-property-descriptors-1.0.2.tgz 3140ms (cache miss)
3220 http fetch GET 200 https://registry.npmjs.org/object.fromentries/-/object.fromentries-2.0.8.tgz 3133ms (cache miss)
3221 http fetch GET 200 https://registry.npmjs.org/acorn-jsx/-/acorn-jsx-5.3.2.tgz 3278ms (cache miss)
3222 http fetch GET 200 https://registry.npmjs.org/define-data-property/-/define-data-property-1.1.4.tgz 3248ms (cache miss)
3223 http fetch GET 200 https://registry.npmjs.org/hasown/-/hasown-2.0.3.tgz 3235ms (cache miss)
3224 http fetch GET 200 https://registry.npmjs.org/string.prototype.matchall/-/string.prototype.matchall-4.0.12.tgz 3243ms (cache miss)
3225 http fetch GET 200 https://registry.npmjs.org/array.prototype.findlast/-/array.prototype.findlast-1.2.5.tgz 3246ms (cache miss)
3226 http fetch GET 200 https://registry.npmjs.org/array.prototype.flatmap/-/array.prototype.flatmap-1.3.3.tgz 3248ms (cache miss)
3227 http fetch GET 200 https://registry.npmjs.org/concat-map/-/concat-map-0.0.1.tgz 3372ms (cache miss)
3228 http fetch GET 200 https://registry.npmjs.org/define-properties/-/define-properties-1.2.1.tgz 3318ms (cache miss)
3229 http fetch GET 200 https://registry.npmjs.org/which/-/which-2.0.2.tgz 3313ms (cache miss)
3230 http fetch GET 200 https://registry.npmjs.org/supports-color/-/supports-color-7.2.0.tgz 3312ms (cache miss)
3231 http fetch GET 200 https://registry.npmjs.org/color-name/-/color-name-1.1.4.tgz 3313ms (cache miss)
3232 warn deprecated rimraf@3.0.2: Rimraf versions prior to v4 are no longer supported
3233 http fetch GET 200 https://registry.npmjs.org/string.prototype.repeat/-/string.prototype.repeat-1.0.0.tgz 3399ms (cache miss)
3234 http fetch GET 200 https://registry.npmjs.org/path-key/-/path-key-3.1.1.tgz 3393ms (cache miss)
3235 http fetch GET 200 https://registry.npmjs.org/run-parallel/-/run-parallel-1.2.0.tgz 3390ms (cache miss)
3236 http fetch GET 200 https://registry.npmjs.org/json-schema-traverse/-/json-schema-traverse-0.4.1.tgz 3393ms (cache miss)
3237 http fetch GET 200 https://registry.npmjs.org/import-fresh/-/import-fresh-3.3.1.tgz 3390ms (cache miss)
3238 http fetch GET 200 https://registry.npmjs.org/shebang-command/-/shebang-command-2.0.0.tgz 3454ms (cache miss)
3239 http fetch GET 200 https://registry.npmjs.org/fastq/-/fastq-1.20.1.tgz 3447ms (cache miss)
3240 http fetch GET 200 https://registry.npmjs.org/text-table/-/text-table-0.2.0.tgz 3448ms (cache miss)
3241 http fetch GET 200 https://registry.npmjs.org/natural-compare/-/natural-compare-1.4.0.tgz 3449ms (cache miss)
3242 http fetch GET 200 https://registry.npmjs.org/strip-json-comments/-/strip-json-comments-3.1.1.tgz 3452ms (cache miss)
3243 http fetch GET 200 https://registry.npmjs.org/array-includes/-/array-includes-3.1.9.tgz 3450ms (cache miss)
3244 http fetch GET 200 https://registry.npmjs.org/object-hash/-/object-hash-3.0.0.tgz 3595ms (cache miss)
3245 http fetch GET 200 https://registry.npmjs.org/fast-json-stable-stringify/-/fast-json-stable-stringify-2.1.0.tgz 3515ms (cache miss)
3246 http fetch GET 200 https://registry.npmjs.org/@humanwhocodes/object-schema/-/object-schema-2.0.3.tgz 3514ms (cache miss)
3247 http fetch GET 200 https://registry.npmjs.org/imurmurhash/-/imurmurhash-0.1.4.tgz 3509ms (cache miss)
3248 http fetch GET 200 https://registry.npmjs.org/estraverse/-/estraverse-5.3.0.tgz 3513ms (cache miss)
3249 http fetch GET 200 https://registry.npmjs.org/json-stable-stringify-without-jsonify/-/json-stable-stringify-without-jsonify-1.0.1.tgz 3513ms (cache miss)
3250 http fetch GET 200 https://registry.npmjs.org/is-path-inside/-/is-path-inside-3.0.3.tgz 3512ms (cache miss)
3251 http fetch GET 200 https://registry.npmjs.org/flat-cache/-/flat-cache-3.2.0.tgz 3625ms (cache miss)
3252 http fetch GET 200 https://registry.npmjs.org/ansi-styles/-/ansi-styles-4.3.0.tgz 3576ms (cache miss)
3253 http fetch GET 200 https://registry.npmjs.org/optionator/-/optionator-0.9.4.tgz 3569ms (cache miss)
3254 http fetch GET 200 https://registry.npmjs.org/@nodelib/fs.scandir/-/fs.scandir-2.1.5.tgz 3573ms (cache miss)
3255 http fetch GET 200 https://registry.npmjs.org/file-entry-cache/-/file-entry-cache-6.0.1.tgz 3558ms (cache miss)
3256 http fetch GET 200 https://registry.npmjs.org/esutils/-/esutils-2.0.3.tgz 3566ms (cache miss)
3257 http fetch GET 200 https://registry.npmjs.org/glob-parent/-/glob-parent-6.0.2.tgz 3567ms (cache miss)
3258 http fetch GET 200 https://registry.npmjs.org/strip-ansi/-/strip-ansi-6.0.1.tgz 3569ms (cache miss)
3259 http fetch GET 200 https://registry.npmjs.org/eslint-visitor-keys/-/eslint-visitor-keys-3.4.3.tgz 3565ms (cache miss)
3260 http fetch GET 200 https://registry.npmjs.org/postcss-js/-/postcss-js-4.1.0.tgz 3694ms (cache miss)
3261 http fetch GET 200 https://registry.npmjs.org/micromatch/-/micromatch-4.0.8.tgz 3693ms (cache miss)
3262 http fetch GET 200 https://registry.npmjs.org/minimatch/-/minimatch-3.1.5.tgz 3618ms (cache miss)
3263 http fetch GET 200 https://registry.npmjs.org/levn/-/levn-0.4.1.tgz 3617ms (cache miss)
3264 http fetch GET 200 https://registry.npmjs.org/is-glob/-/is-glob-4.0.3.tgz 3620ms (cache miss)
3265 http fetch GET 200 https://registry.npmjs.org/@ungap/structured-clone/-/structured-clone-1.3.0.tgz 3617ms (cache miss)
3266 http fetch GET 200 https://registry.npmjs.org/cross-spawn/-/cross-spawn-7.0.6.tgz 3616ms (cache miss)
3267 http fetch GET 200 https://registry.npmjs.org/escalade/-/escalade-3.2.0.tgz 3750ms (cache miss)
3268 http fetch GET 200 https://registry.npmjs.org/mime-db/-/mime-db-1.52.0.tgz 3711ms (cache miss)
3269 http fetch GET 200 https://registry.npmjs.org/lodash.merge/-/lodash.merge-4.6.2.tgz 3658ms (cache miss)
3270 http fetch GET 200 https://registry.npmjs.org/globals/-/globals-13.24.0.tgz 3656ms (cache miss)
3271 http fetch GET 200 https://registry.npmjs.org/ms/-/ms-2.1.3.tgz 3659ms (cache miss)
3272 http fetch GET 200 https://registry.npmjs.org/@nodelib/fs.walk/-/fs.walk-1.2.8.tgz 3662ms (cache miss)
3273 http fetch GET 200 https://registry.npmjs.org/escape-string-regexp/-/escape-string-regexp-4.0.0.tgz 3732ms (cache miss)
3274 http fetch GET 200 https://registry.npmjs.org/chalk/-/chalk-4.1.2.tgz 3732ms (cache miss)
3275 http fetch GET 200 https://registry.npmjs.org/node-releases/-/node-releases-2.0.38.tgz 3728ms (cache miss)
3276 http fetch GET 200 https://registry.npmjs.org/postcss-value-parser/-/postcss-value-parser-4.2.0.tgz 3728ms (cache miss)
3277 http fetch GET 200 https://registry.npmjs.org/braces/-/braces-3.0.3.tgz 3856ms (cache miss)
3278 http fetch GET 200 https://registry.npmjs.org/update-browserslist-db/-/update-browserslist-db-1.2.3.tgz 3742ms (cache miss)
3279 http fetch GET 200 https://registry.npmjs.org/@types/babel__template/-/babel__template-7.4.4.tgz 3744ms (cache miss)
3280 http fetch GET 200 https://registry.npmjs.org/lru-cache/-/lru-cache-5.1.1.tgz 3741ms (cache miss)
3281 http fetch GET 200 https://registry.npmjs.org/@jridgewell/resolve-uri/-/resolve-uri-3.1.2.tgz 3744ms (cache miss)
3282 http fetch GET 200 https://registry.npmjs.org/@babel/helper-validator-option/-/helper-validator-option-7.27.1.tgz 3742ms (cache miss)
3283 http fetch GET 200 https://registry.npmjs.org/@types/babel__generator/-/babel__generator-7.27.0.tgz 3747ms (cache miss)
3284 http fetch GET 200 https://registry.npmjs.org/@babel/helper-module-imports/-/helper-module-imports-7.28.6.tgz 3748ms (cache miss)
3285 http fetch GET 200 https://registry.npmjs.org/is-weakmap/-/is-weakmap-2.0.2.tgz 3936ms (cache miss)
3286 http fetch GET 200 https://registry.npmjs.org/js-tokens/-/js-tokens-4.0.0.tgz 3787ms (cache miss)
3287 http fetch GET 200 https://registry.npmjs.org/picocolors/-/picocolors-1.1.1.tgz 3788ms (cache miss)
3288 http fetch GET 200 https://registry.npmjs.org/convert-source-map/-/convert-source-map-2.0.0.tgz 3787ms (cache miss)
3289 http fetch GET 200 https://registry.npmjs.org/gensync/-/gensync-1.0.0-beta.2.tgz 3788ms (cache miss)
3290 http fetch GET 200 https://registry.npmjs.org/proxy-from-env/-/proxy-from-env-2.1.0.tgz 3809ms (cache miss)
3291 http fetch GET 200 https://registry.npmjs.org/argparse/-/argparse-2.0.1.tgz 3905ms (cache miss)
3292 http fetch GET 200 https://registry.npmjs.org/react-refresh/-/react-refresh-0.17.0.tgz 3818ms (cache miss)
3293 http fetch GET 200 https://registry.npmjs.org/@humanwhocodes/config-array/-/config-array-0.13.0.tgz 3843ms (cache miss)
3294 http fetch GET 200 https://registry.npmjs.org/find-up/-/find-up-5.0.0.tgz 3857ms (cache miss)
3295 http fetch GET 200 https://registry.npmjs.org/is-bigint/-/is-bigint-1.1.0.tgz 3985ms (cache miss)
3296 http fetch GET 200 https://registry.npmjs.org/@humanwhocodes/module-importer/-/module-importer-1.0.1.tgz 3893ms (cache miss)
3297 http fetch GET 200 https://registry.npmjs.org/@babel/code-frame/-/code-frame-7.29.0.tgz 3884ms (cache miss)
3298 http fetch GET 200 https://registry.npmjs.org/@babel/helper-compilation-targets/-/helper-compilation-targets-7.28.6.tgz 3887ms (cache miss)
3299 http fetch GET 200 https://registry.npmjs.org/@types/babel__core/-/babel__core-7.20.5.tgz 3886ms (cache miss)
3300 http fetch GET 200 https://registry.npmjs.org/@rolldown/pluginutils/-/pluginutils-1.0.0-beta.27.tgz 3890ms (cache miss)
3301 http fetch GET 200 https://registry.npmjs.org/@babel/helper-plugin-utils/-/helper-plugin-utils-7.28.6.tgz 3891ms (cache miss)
3302 http fetch GET 200 https://registry.npmjs.org/@types/babel__traverse/-/babel__traverse-7.28.0.tgz 3932ms (cache miss)
3303 http fetch GET 200 https://registry.npmjs.org/@types/prop-types/-/prop-types-15.7.15.tgz 3920ms (cache miss)
3304 http fetch GET 200 https://registry.npmjs.org/eslint-plugin-react-refresh/-/eslint-plugin-react-refresh-0.4.26.tgz 3919ms (cache miss)
3305 warn deprecated @humanwhocodes/config-array@0.13.0: Use @eslint/config-array instead
3306 http fetch GET 200 https://registry.npmjs.org/is-map/-/is-map-2.0.3.tgz 4099ms (cache miss)
3307 http fetch GET 200 https://registry.npmjs.org/@babel/helper-string-parser/-/helper-string-parser-7.27.1.tgz 3956ms (cache miss)
3308 http fetch GET 200 https://registry.npmjs.org/color-convert/-/color-convert-2.0.1.tgz 3995ms (cache miss)
3309 http fetch GET 200 https://registry.npmjs.org/@babel/compat-data/-/compat-data-7.29.0.tgz 3967ms (cache miss)
3310 http fetch GET 200 https://registry.npmjs.org/@babel/plugin-transform-react-jsx-self/-/plugin-transform-react-jsx-self-7.27.1.tgz 3953ms (cache miss)
3311 http fetch GET 200 https://registry.npmjs.org/is-number-object/-/is-number-object-1.1.1.tgz 4135ms (cache miss)
3312 http fetch GET 200 https://registry.npmjs.org/fdir/-/fdir-6.5.0.tgz 3992ms (cache miss)
3313 http fetch GET 200 https://registry.npmjs.org/@types/react-dom/-/react-dom-18.3.7.tgz 3995ms (cache miss)
3314 http fetch GET 200 https://registry.npmjs.org/for-each/-/for-each-0.3.5.tgz 4160ms (cache miss)
3315 http fetch GET 200 https://registry.npmjs.org/is-boolean-object/-/is-boolean-object-1.2.2.tgz 4168ms (cache miss)
3316 http fetch GET 200 https://registry.npmjs.org/prelude-ls/-/prelude-ls-1.2.1.tgz 4122ms (cache miss)
3317 http fetch GET 200 https://registry.npmjs.org/ignore/-/ignore-5.3.2.tgz 4053ms (cache miss)
3318 http fetch GET 200 https://registry.npmjs.org/@babel/plugin-transform-react-jsx-source/-/plugin-transform-react-jsx-source-7.27.1.tgz 4019ms (cache miss)
3319 http fetch GET 200 https://registry.npmjs.org/glob-parent/-/glob-parent-5.1.2.tgz 4012ms (cache miss)
3320 http fetch GET 200 https://registry.npmjs.org/is-core-module/-/is-core-module-2.16.1.tgz 4168ms (cache miss)
3321 http fetch GET 200 https://registry.npmjs.org/@babel/helper-globals/-/helper-globals-7.28.0.tgz 4066ms (cache miss)
3322 http fetch GET 200 https://registry.npmjs.org/side-channel-map/-/side-channel-map-1.0.1.tgz 4193ms (cache miss)
3323 http fetch GET 200 https://registry.npmjs.org/glob-parent/-/glob-parent-5.1.2.tgz 4086ms (cache miss)
3324 http fetch GET 200 https://registry.npmjs.org/@eslint/js/-/js-8.57.1.tgz 4141ms (cache miss)
3325 http fetch GET 200 https://registry.npmjs.org/follow-redirects/-/follow-redirects-1.16.0.tgz 4151ms (cache miss)
3326 http fetch GET 200 https://registry.npmjs.org/es-set-tostringtag/-/es-set-tostringtag-2.1.0.tgz 4205ms (cache miss)
3327 warn deprecated @humanwhocodes/object-schema@2.0.3: Use @eslint/object-schema instead
3328 http fetch GET 200 https://registry.npmjs.org/jsesc/-/jsesc-3.1.0.tgz 4153ms (cache miss)
3329 http fetch GET 200 https://registry.npmjs.org/side-channel-list/-/side-channel-list-1.0.1.tgz 4289ms (cache miss)
3330 http fetch GET 200 https://registry.npmjs.org/typed-array-byte-offset/-/typed-array-byte-offset-1.0.4.tgz 4261ms (cache miss)
3331 http fetch GET 200 https://registry.npmjs.org/get-intrinsic/-/get-intrinsic-1.3.0.tgz 4225ms (cache miss)
3332 http fetch GET 200 https://registry.npmjs.org/semver/-/semver-6.3.1.tgz 4180ms (cache miss)
3333 http fetch GET 200 https://registry.npmjs.org/side-channel/-/side-channel-1.1.0.tgz 4288ms (cache miss)
3334 http fetch GET 200 https://registry.npmjs.org/own-keys/-/own-keys-1.0.1.tgz 4274ms (cache miss)
3335 http fetch GET 200 https://registry.npmjs.org/chokidar/-/chokidar-3.6.0.tgz 4334ms (cache miss)
3336 http fetch GET 200 https://registry.npmjs.org/data-view-byte-length/-/data-view-byte-length-1.0.2.tgz 4316ms (cache miss)
3337 http fetch GET 200 https://registry.npmjs.org/debug/-/debug-4.4.3.tgz 4250ms (cache miss)
3338 http fetch GET 200 https://registry.npmjs.org/which-typed-array/-/which-typed-array-1.1.20.tgz 4361ms (cache miss)
3339 http fetch GET 200 https://registry.npmjs.org/eslint-plugin-react-hooks/-/eslint-plugin-react-hooks-4.6.2.tgz 4277ms (cache miss)
3340 http fetch GET 200 https://registry.npmjs.org/picomatch/-/picomatch-2.3.2.tgz 4437ms (cache miss)
3341 http fetch GET 200 https://registry.npmjs.org/is-data-view/-/is-data-view-1.0.2.tgz 4386ms (cache miss)
3342 http fetch GET 200 https://registry.npmjs.org/is-negative-zero/-/is-negative-zero-2.0.3.tgz 4396ms (cache miss)
3343 http fetch GET 200 https://registry.npmjs.org/gopd/-/gopd-1.2.0.tgz 4384ms (cache miss)
3344 http fetch GET 200 https://registry.npmjs.org/call-bind/-/call-bind-1.0.9.tgz 4403ms (cache miss)
3345 http fetch GET 200 https://registry.npmjs.org/@babel/helper-validator-identifier/-/helper-validator-identifier-7.28.5.tgz 4359ms (cache miss)
3346 http fetch GET 200 https://registry.npmjs.org/form-data/-/form-data-4.0.5.tgz 4377ms (cache miss)
3347 http fetch GET 200 https://registry.npmjs.org/fast-deep-equal/-/fast-deep-equal-3.1.3.tgz 4401ms (cache miss)
3348 http fetch GET 200 https://registry.npmjs.org/doctrine/-/doctrine-3.0.0.tgz 4395ms (cache miss)
3349 http fetch GET 200 https://registry.npmjs.org/@vitejs/plugin-react/-/plugin-react-4.7.0.tgz 4370ms (cache miss)
3350 http fetch GET 200 https://registry.npmjs.org/espree/-/espree-9.6.1.tgz 4417ms (cache miss)
3351 http fetch GET 200 https://registry.npmjs.org/prop-types/-/prop-types-15.8.1.tgz 4459ms (cache miss)
3352 http fetch GET 200 https://registry.npmjs.org/baseline-browser-mapping/-/baseline-browser-mapping-2.10.24.tgz 4447ms (cache miss)
3353 http fetch GET 200 https://registry.npmjs.org/browserslist/-/browserslist-4.28.2.tgz 4455ms (cache miss)
3354 http fetch GET 200 https://registry.npmjs.org/set-proto/-/set-proto-1.0.0.tgz 4550ms (cache miss)
3355 http fetch GET 200 https://registry.npmjs.org/doctrine/-/doctrine-2.1.0.tgz 4460ms (cache miss)
3356 http fetch GET 200 https://registry.npmjs.org/string.prototype.trimstart/-/string.prototype.trimstart-1.0.8.tgz 4579ms (cache miss)
3357 http fetch GET 200 https://registry.npmjs.org/string.prototype.trimend/-/string.prototype.trimend-1.0.9.tgz 4587ms (cache miss)
3358 http fetch GET 200 https://registry.npmjs.org/string.prototype.trim/-/string.prototype.trim-1.2.10.tgz 4596ms (cache miss)
3359 http fetch GET 200 https://registry.npmjs.org/scheduler/-/scheduler-0.23.2.tgz 4629ms (cache miss)
3360 http fetch GET 200 https://registry.npmjs.org/flatted/-/flatted-3.4.2.tgz 4632ms (cache miss)
3361 http fetch GET 200 https://registry.npmjs.org/picomatch/-/picomatch-4.0.4.tgz 4516ms (cache miss)
3362 http fetch GET 200 https://registry.npmjs.org/es-object-atoms/-/es-object-atoms-1.1.1.tgz 4606ms (cache miss)
3363 http fetch GET 200 https://registry.npmjs.org/has-symbols/-/has-symbols-1.1.0.tgz 4635ms (cache miss)
3364 http fetch GET 200 https://registry.npmjs.org/globalthis/-/globalthis-1.0.4.tgz 4641ms (cache miss)
3365 http fetch GET 200 https://registry.npmjs.org/array.prototype.tosorted/-/array.prototype.tosorted-1.1.4.tgz 4610ms (cache miss)
3366 http fetch GET 200 https://registry.npmjs.org/electron-to-chromium/-/electron-to-chromium-1.5.345.tgz 4581ms (cache miss)
3367 http fetch GET 200 https://registry.npmjs.org/regexp.prototype.flags/-/regexp.prototype.flags-1.5.4.tgz 4656ms (cache miss)
3368 http fetch GET 200 https://registry.npmjs.org/source-map-js/-/source-map-js-1.2.1.tgz 4682ms (cache miss)
3369 http fetch GET 200 https://registry.npmjs.org/eslint-scope/-/eslint-scope-7.2.2.tgz 4604ms (cache miss)
3370 http fetch GET 200 https://registry.npmjs.org/@nodelib/fs.stat/-/fs.stat-2.0.5.tgz 4642ms (cache miss)
3371 http fetch GET 200 https://registry.npmjs.org/object.values/-/object.values-1.2.1.tgz 4649ms (cache miss)
3372 http fetch GET 200 https://registry.npmjs.org/@eslint-community/regexpp/-/regexpp-4.12.2.tgz 4629ms (cache miss)
3373 http fetch GET 200 https://registry.npmjs.org/acorn/-/acorn-8.16.0.tgz 4717ms (cache miss)
3374 http fetch GET 200 https://registry.npmjs.org/object.entries/-/object.entries-1.1.9.tgz 4690ms (cache miss)
3375 http fetch GET 200 https://registry.npmjs.org/@eslint-community/eslint-utils/-/eslint-utils-4.9.1.tgz 4683ms (cache miss)
3376 http fetch GET 200 https://registry.npmjs.org/object.assign/-/object.assign-4.1.7.tgz 4829ms (cache miss)
3377 http fetch GET 200 https://registry.npmjs.org/@babel/helper-module-transforms/-/helper-module-transforms-7.28.6.tgz 4810ms (cache miss)
3378 http fetch GET 200 https://registry.npmjs.org/es-errors/-/es-errors-1.3.0.tgz 4862ms (cache miss)
3379 http fetch GET 200 https://registry.npmjs.org/esbuild 4575ms (cache miss)
3380 silly packumentCache corgi:https://registry.npmjs.org/esbuild set size:undefined disposed:false
3381 http fetch GET 200 https://registry.npmjs.org/@babel/template/-/template-7.28.6.tgz 4851ms (cache miss)
3382 http fetch GET 200 https://registry.npmjs.org/es-to-primitive/-/es-to-primitive-1.3.0.tgz 4937ms (cache miss)
3383 http fetch GET 200 https://registry.npmjs.org/fraction.js/-/fraction.js-5.3.4.tgz 4927ms (cache miss)
3384 http fetch GET 200 https://registry.npmjs.org/@types/react/-/react-18.3.28.tgz 4916ms (cache miss)
3385 http fetch GET 200 https://registry.npmjs.org/json5/-/json5-2.2.3.tgz 4943ms (cache miss)
3386 http fetch GET 200 https://registry.npmjs.org/csstype/-/csstype-3.2.3.tgz 4975ms (cache miss)
3387 http fetch GET 200 https://registry.npmjs.org/react/-/react-18.3.1.tgz 5010ms (cache miss)
3388 http fetch GET 200 https://registry.npmjs.org/react-router/-/react-router-6.30.3.tgz 5200ms (cache miss)
3389 http fetch GET 200 https://registry.npmjs.org/@jridgewell/sourcemap-codec/-/sourcemap-codec-1.5.5.tgz 5098ms (cache miss)
3390 http fetch GET 200 https://registry.npmjs.org/graphemer/-/graphemer-1.4.0.tgz 5157ms (cache miss)
3391 http fetch GET 200 https://registry.npmjs.org/esquery/-/esquery-1.7.0.tgz 5155ms (cache miss)
3392 http fetch GET 200 https://registry.npmjs.org/node-exports-info/-/node-exports-info-1.6.0.tgz 5288ms (cache miss)
3393 http fetch GET 200 https://registry.npmjs.org/@rollup/rollup-win32-x64-gnu/-/rollup-win32-x64-gnu-4.60.2.tgz 5337ms (cache miss)
3394 http fetch GET 200 https://registry.npmjs.org/object-inspect/-/object-inspect-1.13.4.tgz 5282ms (cache miss)
3395 http fetch GET 200 https://registry.npmjs.org/postcss-selector-parser/-/postcss-selector-parser-6.1.2.tgz 5351ms (cache miss)
3396 http fetch GET 200 https://registry.npmjs.org/@jridgewell/gen-mapping/-/gen-mapping-0.3.13.tgz 5223ms (cache miss)
3397 http fetch GET 200 https://registry.npmjs.org/@jridgewell/remapping/-/remapping-2.3.5.tgz 5220ms (cache miss)
3398 http fetch GET 200 https://registry.npmjs.org/react-router-dom/-/react-router-dom-6.30.3.tgz 5316ms (cache miss)
3399 http fetch GET 200 https://registry.npmjs.org/type-fest/-/type-fest-0.20.2.tgz 5436ms (cache miss)
3400 http fetch GET 200 https://registry.npmjs.org/jiti/-/jiti-1.21.7.tgz 5507ms (cache miss)
3401 http fetch GET 200 https://registry.npmjs.org/@eslint/eslintrc/-/eslintrc-2.1.4.tgz 5396ms (cache miss)
3402 http fetch GET 200 https://registry.npmjs.org/@babel/parser/-/parser-7.29.2.tgz 5396ms (cache miss)
3403 http fetch GET 200 https://registry.npmjs.org/vite 5151ms (cache miss)
3404 silly packumentCache corgi:https://registry.npmjs.org/vite set size:undefined disposed:false
3405 http fetch GET 200 https://registry.npmjs.org/@rollup/rollup-win32-x64-msvc/-/rollup-win32-x64-msvc-4.60.2.tgz 5617ms (cache miss)
3406 http fetch GET 200 https://registry.npmjs.org/js-yaml/-/js-yaml-4.1.1.tgz 5512ms (cache miss)
3407 silly packumentCache corgi:https://registry.npmjs.org/@vitejs%2fplugin-react cache-miss
3408 http fetch GET 200 https://registry.npmjs.org/uri-js/-/uri-js-4.4.1.tgz 5742ms (cache miss)
3409 http fetch GET 200 https://registry.npmjs.org/@jridgewell/trace-mapping/-/trace-mapping-0.3.31.tgz 5708ms (cache miss)
3410 http fetch GET 200 https://registry.npmjs.org/@babel/generator/-/generator-7.29.1.tgz 5741ms (cache miss)
3411 http fetch GET 200 https://registry.npmjs.org/fast-glob/-/fast-glob-3.3.3.tgz 5876ms (cache miss)
3412 http fetch GET 200 https://registry.npmjs.org/@vitejs%2fplugin-react 251ms (cache miss)
3413 silly packumentCache corgi:https://registry.npmjs.org/@vitejs%2fplugin-react set size:undefined disposed:false
3414 http fetch GET 200 https://registry.npmjs.org/postcss/-/postcss-8.5.12.tgz 5884ms (cache miss)
3415 http fetch GET 200 https://registry.npmjs.org/@remix-run/router/-/router-1.23.2.tgz 6296ms (cache miss)
3416 http fetch GET 200 https://registry.npmjs.org/rollup/-/rollup-4.60.2.tgz 6334ms (cache miss)
3417 http fetch GET 200 https://registry.npmjs.org/@babel/traverse/-/traverse-7.29.0.tgz 6322ms (cache miss)
3418 http fetch GET 200 https://registry.npmjs.org/autoprefixer/-/autoprefixer-10.5.0.tgz 6433ms (cache miss)
3419 http fetch GET 200 https://registry.npmjs.org/vite/-/vite-5.4.21.tgz 6436ms (cache miss)
3420 http fetch GET 200 https://registry.npmjs.org/react-dom/-/react-dom-18.3.1.tgz 6654ms (cache miss)
3421 http fetch GET 200 https://registry.npmjs.org/ajv/-/ajv-6.15.0.tgz 6728ms (cache miss)
3422 http fetch GET 200 https://registry.npmjs.org/jsx-ast-utils/-/jsx-ast-utils-3.3.5.tgz 6761ms (cache miss)
3423 http fetch GET 200 https://registry.npmjs.org/resolve/-/resolve-2.0.0-next.6.tgz 6923ms (cache miss)
3424 http fetch GET 200 https://registry.npmjs.org/resolve/-/resolve-1.22.12.tgz 6853ms (cache miss)
3425 http fetch GET 200 https://registry.npmjs.org/resolve/-/resolve-1.22.12.tgz 6894ms (cache miss)
3426 http fetch GET 200 https://registry.npmjs.org/axios/-/axios-1.15.2.tgz 7025ms (cache miss)
3427 http fetch GET 200 https://registry.npmjs.org/@babel/core/-/core-7.29.0.tgz 7043ms (cache miss)
3428 http fetch GET 200 https://registry.npmjs.org/es-iterator-helpers/-/es-iterator-helpers-1.3.2.tgz 7115ms (cache miss)
3429 http fetch GET 200 https://registry.npmjs.org/@esbuild/win32-x64/-/win32-x64-0.21.5.tgz 7338ms (cache miss)
3430 http fetch GET 200 https://registry.npmjs.org/sucrase/-/sucrase-3.35.1.tgz 7777ms (cache miss)
3431 http fetch GET 200 https://registry.npmjs.org/@babel/types/-/types-7.29.0.tgz 7752ms (cache miss)
3432 http fetch GET 200 https://registry.npmjs.org/@babel/helpers/-/helpers-7.29.2.tgz 7888ms (cache miss)
3433 http fetch GET 200 https://registry.npmjs.org/tailwindcss/-/tailwindcss-3.4.19.tgz 8211ms (cache miss)
3434 http fetch GET 200 https://registry.npmjs.org/eslint-plugin-react/-/eslint-plugin-react-7.37.5.tgz 8530ms (cache miss)
3435 http fetch GET 200 https://registry.npmjs.org/eslint/-/eslint-8.57.1.tgz 8760ms (cache miss)
3436 warn deprecated eslint@8.57.1: This version is no longer supported. Please see https://eslint.org/version-support for other options.
3437 http fetch GET 200 https://registry.npmjs.org/caniuse-lite/-/caniuse-lite-1.0.30001791.tgz 10015ms (cache miss)
3438 http fetch GET 200 https://registry.npmjs.org/es-abstract/-/es-abstract-1.24.2.tgz 15005ms (cache miss)
3439 http fetch GET 200 https://registry.npmjs.org/lucide-react/-/lucide-react-0.344.0.tgz 17111ms (cache miss)
3440 info run esbuild@0.21.5 postinstall node_modules/esbuild node install.js
3441 info run esbuild@0.21.5 postinstall { code: 'EPERM', signal: undefined }
3442 warn cleanup Failed to remove some directories [
3442 warn cleanup   [
3442 warn cleanup     '\\\\?\\C:\\Users\\digbi\\OneDrive\\Desktop\\Academics\\PROJECTS\\BTP_VI\\frontend\\node_modules\\@babel',
3442 warn cleanup     [Error: EPERM: operation not permitted, rmdir 'C:\Users\digbi\OneDrive\Desktop\Academics\PROJECTS\BTP_VI\frontend\node_modules\@babel'] {
3442 warn cleanup       errno: -4048,
3442 warn cleanup       code: 'EPERM',
3442 warn cleanup       syscall: 'rmdir',
3442 warn cleanup       path: 'C:\\Users\\digbi\\OneDrive\\Desktop\\Academics\\PROJECTS\\BTP_VI\\frontend\\node_modules\\@babel'
3442 warn cleanup     }
3442 warn cleanup   ],
3442 warn cleanup   [
3442 warn cleanup     '\\\\?\\C:\\Users\\digbi\\OneDrive\\Desktop\\Academics\\PROJECTS\\BTP_VI\\frontend\\node_modules\\tailwindcss',
3442 warn cleanup     [Error: EPERM: operation not permitted, rmdir 'C:\Users\digbi\OneDrive\Desktop\Academics\PROJECTS\BTP_VI\frontend\node_modules\tailwindcss\node_modules\resolve\test\pathfilter\deep_ref'] {
3442 warn cleanup       errno: -4048,
3442 warn cleanup       code: 'EPERM',
3442 warn cleanup       syscall: 'rmdir',
3442 warn cleanup       path: 'C:\\Users\\digbi\\OneDrive\\Desktop\\Academics\\PROJECTS\\BTP_VI\\frontend\\node_modules\\tailwindcss\\node_modules\\resolve\\test\\pathfilter\\deep_ref'
3442 warn cleanup     }
3442 warn cleanup   ],
3442 warn cleanup   [
3442 warn cleanup     '\\\\?\\C:\\Users\\digbi\\OneDrive\\Desktop\\Academics\\PROJECTS\\BTP_VI\\frontend\\node_modules\\postcss-import',
3442 warn cleanup     [Error: EPERM: operation not permitted, rmdir 'C:\Users\digbi\OneDrive\Desktop\Academics\PROJECTS\BTP_VI\frontend\node_modules\postcss-import\node_modules\resolve\test\node_path\x'] {
3442 warn cleanup       errno: -4048,
3442 warn cleanup       code: 'EPERM',
3442 warn cleanup       syscall: 'rmdir',
3442 warn cleanup       path: 'C:\\Users\\digbi\\OneDrive\\Desktop\\Academics\\PROJECTS\\BTP_VI\\frontend\\node_modules\\postcss-import\\node_modules\\resolve\\test\\node_path\\x'
3442 warn cleanup     }
3442 warn cleanup   ],
3442 warn cleanup   [
3442 warn cleanup     '\\\\?\\C:\\Users\\digbi\\OneDrive\\Desktop\\Academics\\PROJECTS\\BTP_VI\\frontend\\node_modules',
3442 warn cleanup     [Error: EPERM: operation not permitted, rmdir 'C:\Users\digbi\OneDrive\Desktop\Academics\PROJECTS\BTP_VI\frontend\node_modules\postcss-import\node_modules\resolve\test\resolver\multirepo'] {
3442 warn cleanup       errno: -4048,
3442 warn cleanup       code: 'EPERM',
3442 warn cleanup       syscall: 'rmdir',
3442 warn cleanup       path: 'C:\\Users\\digbi\\OneDrive\\Desktop\\Academics\\PROJECTS\\BTP_VI\\frontend\\node_modules\\postcss-import\\node_modules\\resolve\\test\\resolver\\multirepo'
3442 warn cleanup     }
3442 warn cleanup   ]
3442 warn cleanup ]
3443 verbose stack Error: spawn EPERM
3443 verbose stack     at ChildProcess.spawn (node:internal/child_process:421:11)
3443 verbose stack     at spawn (node:child_process:796:9)
3443 verbose stack     at promiseSpawn (C:\Users\digbi\OneDrive\Desktop\Academics\PROJECTS\BTP_VI\.tools\package\node_modules\@npmcli\promise-spawn\lib\index.js:39:16)
3443 verbose stack     at spawnWithShell (C:\Users\digbi\OneDrive\Desktop\Academics\PROJECTS\BTP_VI\.tools\package\node_modules\@npmcli\promise-spawn\lib\index.js:124:10)
3443 verbose stack     at promiseSpawn (C:\Users\digbi\OneDrive\Desktop\Academics\PROJECTS\BTP_VI\.tools\package\node_modules\@npmcli\promise-spawn\lib\index.js:12:12)
3443 verbose stack     at runScriptPkg (C:\Users\digbi\OneDrive\Desktop\Academics\PROJECTS\BTP_VI\.tools\package\node_modules\@npmcli\run-script\lib\run-script-pkg.js:77:13)
3443 verbose stack     at runScript (C:\Users\digbi\OneDrive\Desktop\Academics\PROJECTS\BTP_VI\.tools\package\node_modules\@npmcli\run-script\lib\run-script.js:9:12)
3443 verbose stack     at C:\Users\digbi\OneDrive\Desktop\Academics\PROJECTS\BTP_VI\.tools\package\node_modules\@npmcli\arborist\lib\arborist\rebuild.js:329:17
3443 verbose stack     at run (C:\Users\digbi\OneDrive\Desktop\Academics\PROJECTS\BTP_VI\.tools\package\node_modules\promise-call-limit\dist\commonjs\index.js:67:22)
3443 verbose stack     at C:\Users\digbi\OneDrive\Desktop\Academics\PROJECTS\BTP_VI\.tools\package\node_modules\promise-call-limit\dist\commonjs\index.js:84:9
3444 error code EPERM
3445 error syscall spawn
3446 error errno -4048
3447 error Error: spawn EPERM
3447 error     at ChildProcess.spawn (node:internal/child_process:421:11)
3447 error     at spawn (node:child_process:796:9)
3447 error     at promiseSpawn (C:\Users\digbi\OneDrive\Desktop\Academics\PROJECTS\BTP_VI\.tools\package\node_modules\@npmcli\promise-spawn\lib\index.js:39:16)
3447 error     at spawnWithShell (C:\Users\digbi\OneDrive\Desktop\Academics\PROJECTS\BTP_VI\.tools\package\node_modules\@npmcli\promise-spawn\lib\index.js:124:10)
3447 error     at promiseSpawn (C:\Users\digbi\OneDrive\Desktop\Academics\PROJECTS\BTP_VI\.tools\package\node_modules\@npmcli\promise-spawn\lib\index.js:12:12)
3447 error     at runScriptPkg (C:\Users\digbi\OneDrive\Desktop\Academics\PROJECTS\BTP_VI\.tools\package\node_modules\@npmcli\run-script\lib\run-script-pkg.js:77:13)
3447 error     at runScript (C:\Users\digbi\OneDrive\Desktop\Academics\PROJECTS\BTP_VI\.tools\package\node_modules\@npmcli\run-script\lib\run-script.js:9:12)
3447 error     at C:\Users\digbi\OneDrive\Desktop\Academics\PROJECTS\BTP_VI\.tools\package\node_modules\@npmcli\arborist\lib\arborist\rebuild.js:329:17
3447 error     at run (C:\Users\digbi\OneDrive\Desktop\Academics\PROJECTS\BTP_VI\.tools\package\node_modules\promise-call-limit\dist\commonjs\index.js:67:22)
3447 error     at C:\Users\digbi\OneDrive\Desktop\Academics\PROJECTS\BTP_VI\.tools\package\node_modules\promise-call-limit\dist\commonjs\index.js:84:9 {
3447 error   errno: -4048,
3447 error   code: 'EPERM',
3447 error   syscall: 'spawn'
3447 error }
3448 error
3448 error The operation was rejected by your operating system.
3448 error It's possible that the file was already in use (by a text editor or antivirus),
3448 error or that you lack permissions to access it.
3448 error
3448 error If you believe this might be a permissions issue, please double-check the
3448 error permissions of the file and its containing directories, or try running
3448 error the command again as root/Administrator.
3449 silly unfinished npm timer reify 1777537093227
3450 silly unfinished npm timer reify:build 1777537122965
3451 silly unfinished npm timer build 1777537122966
3452 silly unfinished npm timer build:deps 1777537122966
3453 silly unfinished npm timer build:run:postinstall 1777537123416
3454 silly unfinished npm timer build:run:postinstall:node_modules/esbuild 1777537123416
3455 verbose cwd C:\Users\digbi\OneDrive\Desktop\Academics\PROJECTS\BTP_VI\frontend
3456 verbose os Windows_NT 10.0.26200
3457 verbose node v24.14.0
3458 verbose npm  v10.9.2
3459 notice
3459 notice New major version of npm available! 10.9.2 -> 11.13.0
3459 notice Changelog: https://github.com/npm/cli/releases/tag/v11.13.0
3459 notice To update run: npm install -g npm@11.13.0
3459 notice  { force: true, Symbol(proc-log.meta): true }
3460 verbose exit -4048
3461 verbose code -4048
3462 error A complete log of this run can be found in: C:\Users\digbi\OneDrive\Desktop\Academics\PROJECTS\BTP_VI\frontend\.npm-cache\_logs\2026-04-30T08_18_12_828Z-debug-0.log
