0 verbose cli C:\Users\digbi\.cache\codex-runtimes\codex-primary-runtime\dependencies\node\bin\node.exe C:\Users\digbi\OneDrive\Desktop\Academics\PROJECTS\BTP_VI\.tools\package\bin\npm-cli.js
1 info using npm@10.9.2
2 info using node@v24.14.0
3 silly config load:file:C:\Users\digbi\OneDrive\Desktop\Academics\PROJECTS\BTP_VI\.tools\package\npmrc
4 silly config load:file:C:\Users\digbi\OneDrive\Desktop\Academics\PROJECTS\BTP_VI\frontend\.npmrc
5 silly config load:file:C:\Users\digbi\.npmrc
6 silly config load:file:C:\Users\digbi\.cache\codex-runtimes\codex-primary-runtime\dependencies\node\bin\etc\npmrc
7 verbose title npm install
8 verbose argv "install" "--cache" ".npm-cache" "--ignore-scripts" "--loglevel" "error"
9 verbose logfile logs-max:10 dir:C:\Users\digbi\OneDrive\Desktop\Academics\PROJECTS\BTP_VI\frontend\.npm-cache\_logs\2026-04-30T08_18_58_436Z-
10 verbose logfile C:\Users\digbi\OneDrive\Desktop\Academics\PROJECTS\BTP_VI\frontend\.npm-cache\_logs\2026-04-30T08_18_58_436Z-debug-0.log
11 silly logfile done cleaning log files
12 silly packumentCache heap:4496293888 maxSize:1124073472 maxEntrySize:562036736
13 silly idealTree buildDeps
14 silly fetch manifest axios@^1.6.7
15 silly packumentCache full:https://registry.npmjs.org/axios cache-miss
16 http cache https://registry.npmjs.org/axios 17ms (cache hit)
17 silly packumentCache full:https://registry.npmjs.org/axios set size:803728 disposed:false
18 silly fetch manifest lucide-react@^0.344.0
19 silly packumentCache full:https://registry.npmjs.org/lucide-react cache-miss
20 http cache https://registry.npmjs.org/lucide-react 10ms (cache hit)
21 silly packumentCache full:https://registry.npmjs.org/lucide-react set size:2259184 disposed:false
22 silly fetch manifest react@^18.2.0
23 silly packumentCache full:https://registry.npmjs.org/react cache-miss
24 http cache https://registry.npmjs.org/react 20ms (cache hit)
25 silly packumentCache full:https://registry.npmjs.org/react set size:6629670 disposed:false
26 silly fetch manifest react-dom@^18.2.0
27 silly packumentCache full:https://registry.npmjs.org/react-dom cache-miss
28 http cache https://registry.npmjs.org/react-dom 24ms (cache hit)
29 silly packumentCache full:https://registry.npmjs.org/react-dom set size:8832788 disposed:false
30 silly fetch manifest react-router-dom@^6.22.2
31 silly packumentCache full:https://registry.npmjs.org/react-router-dom cache-miss
32 http cache https://registry.npmjs.org/react-router-dom 14ms (cache hit)
33 silly packumentCache full:https://registry.npmjs.org/react-router-dom set size:2849948 disposed:false
34 silly fetch manifest @types/react@^18.2.56
35 silly packumentCache full:https://registry.npmjs.org/@types%2freact cache-miss
36 http cache https://registry.npmjs.org/@types%2freact 13ms (cache hit)
37 silly packumentCache full:https://registry.npmjs.org/@types%2freact set size:2588964 disposed:false
38 silly fetch manifest @types/react-dom@^18.2.19
39 silly packumentCache full:https://registry.npmjs.org/@types%2freact-dom cache-miss
40 http cache https://registry.npmjs.org/@types%2freact-dom 6ms (cache hit)
41 silly packumentCache full:https://registry.npmjs.org/@types%2freact-dom set size:429026 disposed:false
42 silly fetch manifest @vitejs/plugin-react@^4.2.1
43 silly packumentCache full:https://registry.npmjs.org/@vitejs%2fplugin-react cache-miss
44 http cache https://registry.npmjs.org/@vitejs%2fplugin-react 7ms (cache hit)
45 silly packumentCache full:https://registry.npmjs.org/@vitejs%2fplugin-react set size:264287 disposed:false
46 silly fetch manifest vite@^5.1.4
47 silly packumentCache full:https://registry.npmjs.org/vite cache-miss
48 http cache https://registry.npmjs.org/vite 80ms (cache hit)
49 silly packumentCache full:https://registry.npmjs.org/vite set size:38816674 disposed:false
50 silly fetch manifest @types/node@^18.0.0 || >=20.0.0
51 silly packumentCache full:https://registry.npmjs.org/@types%2fnode cache-miss
52 http cache https://registry.npmjs.org/@types%2fnode 42ms (cache hit)
53 silly packumentCache full:https://registry.npmjs.org/@types%2fnode set size:10972342 disposed:false
54 silly fetch manifest less@*
55 silly packumentCache full:https://registry.npmjs.org/less cache-miss
56 http cache https://registry.npmjs.org/less 7ms (cache hit)
57 silly packumentCache full:https://registry.npmjs.org/less set size:461684 disposed:false
58 silly fetch manifest lightningcss@^1.21.0
59 silly packumentCache full:https://registry.npmjs.org/lightningcss cache-miss
60 http cache https://registry.npmjs.org/lightningcss 5ms (cache hit)
61 silly packumentCache full:https://registry.npmjs.org/lightningcss set size:186753 disposed:false
62 silly fetch manifest sass@*
63 silly packumentCache full:https://registry.npmjs.org/sass cache-miss
64 http cache https://registry.npmjs.org/sass 6ms (cache hit)
65 silly packumentCache full:https://registry.npmjs.org/sass set size:726244 disposed:false
66 silly fetch manifest sass-embedded@*
67 silly packumentCache full:https://registry.npmjs.org/sass-embedded cache-miss
68 http cache https://registry.npmjs.org/sass-embedded 7ms (cache hit)
69 silly packumentCache full:https://registry.npmjs.org/sass-embedded set size:415594 disposed:false
70 silly fetch manifest stylus@*
71 silly packumentCache full:https://registry.npmjs.org/stylus cache-miss
72 http cache https://registry.npmjs.org/stylus 8ms (cache hit)
73 silly packumentCache full:https://registry.npmjs.org/stylus set size:286766 disposed:false
74 silly fetch manifest sugarss@*
75 silly packumentCache full:https://registry.npmjs.org/sugarss cache-miss
76 http cache https://registry.npmjs.org/sugarss 5ms (cache hit)
77 silly packumentCache full:https://registry.npmjs.org/sugarss set size:44975 disposed:false
78 silly fetch manifest postcss@^8.4.35
79 silly packumentCache full:https://registry.npmjs.org/postcss cache-miss
80 http cache https://registry.npmjs.org/postcss 9ms (cache hit)
81 silly packumentCache full:https://registry.npmjs.org/postcss set size:714272 disposed:false
82 silly fetch manifest terser@^5.4.0
83 silly packumentCache full:https://registry.npmjs.org/terser cache-miss
84 http cache https://registry.npmjs.org/terser 10ms (cache hit)
85 silly packumentCache full:https://registry.npmjs.org/terser set size:793225 disposed:false
86 silly fetch manifest autoprefixer@^10.4.18
87 silly packumentCache full:https://registry.npmjs.org/autoprefixer cache-miss
88 http cache https://registry.npmjs.org/autoprefixer 14ms (cache hit)
89 silly packumentCache full:https://registry.npmjs.org/autoprefixer set size:1319426 disposed:false
90 silly fetch manifest eslint@^8.56.0
91 silly packumentCache full:https://registry.npmjs.org/eslint cache-miss
92 http cache https://registry.npmjs.org/eslint 15ms (cache hit)
93 silly packumentCache full:https://registry.npmjs.org/eslint set size:1983515 disposed:false
94 silly fetch manifest eslint-plugin-react@^7.33.2
95 silly packumentCache full:https://registry.npmjs.org/eslint-plugin-react cache-miss
96 http cache https://registry.npmjs.org/eslint-plugin-react 8ms (cache hit)
97 silly packumentCache full:https://registry.npmjs.org/eslint-plugin-react set size:646827 disposed:false
98 silly fetch manifest eslint-plugin-react-hooks@^4.6.0
99 silly packumentCache full:https://registry.npmjs.org/eslint-plugin-react-hooks cache-miss
100 http cache https://registry.npmjs.org/eslint-plugin-react-hooks 18ms (cache hit)
101 silly packumentCache full:https://registry.npmjs.org/eslint-plugin-react-hooks set size:7350721 disposed:false
102 silly fetch manifest eslint-plugin-react-refresh@^0.4.5
103 silly packumentCache full:https://registry.npmjs.org/eslint-plugin-react-refresh cache-miss
104 http cache https://registry.npmjs.org/eslint-plugin-react-refresh 15ms (cache hit)
105 silly packumentCache full:https://registry.npmjs.org/eslint-plugin-react-refresh set size:91016 disposed:false
106 silly fetch manifest tailwindcss@^3.4.1
107 silly packumentCache full:https://registry.npmjs.org/tailwindcss cache-miss
108 http cache https://registry.npmjs.org/tailwindcss 23ms (cache hit)
109 silly packumentCache full:https://registry.npmjs.org/tailwindcss set size:10414957 disposed:false
110 silly placeDep ROOT @types/react@18.3.28 OK for: frontend@0.0.0 want: ^18.2.56
111 silly placeDep ROOT @types/react-dom@18.3.7 OK for: frontend@0.0.0 want: ^18.2.19
112 silly placeDep ROOT @vitejs/plugin-react@4.7.0 OK for: frontend@0.0.0 want: ^4.2.1
113 silly placeDep ROOT vite@5.4.21 OK for: @vitejs/plugin-react@4.7.0 want: ^4.2.0 || ^5.0.0 || ^6.0.0 || ^7.0.0
114 silly placeDep ROOT autoprefixer@10.5.0 OK for: frontend@0.0.0 want: ^10.4.18
115 silly placeDep ROOT postcss@8.5.12 OK for: autoprefixer@10.5.0 want: ^8.1.0
116 silly placeDep ROOT axios@1.15.2 OK for: frontend@0.0.0 want: ^1.6.7
117 silly placeDep ROOT eslint@8.57.1 OK for: frontend@0.0.0 want: ^8.56.0
118 silly placeDep ROOT eslint-plugin-react@7.37.5 OK for: frontend@0.0.0 want: ^7.33.2
119 silly placeDep ROOT eslint-plugin-react-hooks@4.6.2 OK for: frontend@0.0.0 want: ^4.6.0
120 silly placeDep ROOT eslint-plugin-react-refresh@0.4.26 OK for: frontend@0.0.0 want: ^0.4.5
121 silly placeDep ROOT lucide-react@0.344.0 OK for: frontend@0.0.0 want: ^0.344.0
122 silly placeDep ROOT react@18.3.1 OK for: lucide-react@0.344.0 want: ^16.5.1 || ^17.0.0 || ^18.0.0
123 silly placeDep ROOT react-dom@18.3.1 OK for: frontend@0.0.0 want: ^18.2.0
124 silly placeDep ROOT react-router-dom@6.30.3 OK for: frontend@0.0.0 want: ^6.22.2
125 silly placeDep ROOT tailwindcss@3.4.19 REPLACE for: frontend@0.0.0 want: ^3.4.1
126 silly fetch manifest csstype@^3.2.2
127 silly packumentCache full:https://registry.npmjs.org/csstype cache-miss
128 silly fetch manifest @types/prop-types@*
129 silly packumentCache full:https://registry.npmjs.org/@types%2fprop-types cache-miss
130 silly fetch manifest @babel/core@^7.28.0
131 silly packumentCache full:https://registry.npmjs.org/@babel%2fcore cache-miss
132 silly fetch manifest react-refresh@^0.17.0
133 silly packumentCache full:https://registry.npmjs.org/react-refresh cache-miss
134 silly fetch manifest @types/babel__core@^7.20.5
135 silly packumentCache full:https://registry.npmjs.org/@types%2fbabel__core cache-miss
136 silly fetch manifest @rolldown/pluginutils@1.0.0-beta.27
137 silly packumentCache full:https://registry.npmjs.org/@rolldown%2fpluginutils cache-miss
138 silly fetch manifest @babel/plugin-transform-react-jsx-self@^7.27.1
139 silly packumentCache full:https://registry.npmjs.org/@babel%2fplugin-transform-react-jsx-self cache-miss
140 silly fetch manifest @babel/plugin-transform-react-jsx-source@^7.27.1
141 silly packumentCache full:https://registry.npmjs.org/@babel%2fplugin-transform-react-jsx-source cache-miss
142 silly fetch manifest rollup@^4.20.0
143 silly packumentCache full:https://registry.npmjs.org/rollup cache-miss
144 silly fetch manifest esbuild@^0.21.3
145 silly packumentCache full:https://registry.npmjs.org/esbuild cache-miss
146 silly fetch manifest postcss@^8.4.43
147 silly packumentCache full:https://registry.npmjs.org/postcss cache-hit
148 silly fetch manifest fsevents@~2.3.3
149 silly packumentCache full:https://registry.npmjs.org/fsevents cache-miss
150 http cache https://registry.npmjs.org/@rolldown%2fpluginutils 24ms (cache hit)
151 silly packumentCache full:https://registry.npmjs.org/@rolldown%2fpluginutils set size:291991 disposed:false
152 silly fetch manifest browserslist@^4.28.2
153 silly packumentCache full:https://registry.npmjs.org/browserslist cache-miss
154 http cache https://registry.npmjs.org/@types%2fprop-types 29ms (cache hit)
155 silly packumentCache full:https://registry.npmjs.org/@types%2fprop-types set size:53942 disposed:false
156 silly fetch manifest caniuse-lite@^1.0.30001787
157 silly packumentCache full:https://registry.npmjs.org/caniuse-lite cache-miss
158 http cache https://registry.npmjs.org/csstype 31ms (cache hit)
159 silly packumentCache full:https://registry.npmjs.org/csstype set size:274189 disposed:false
160 silly fetch manifest fraction.js@^5.3.4
161 silly packumentCache full:https://registry.npmjs.org/fraction.js cache-miss
162 http cache https://registry.npmjs.org/react-refresh 42ms (cache hit)
163 silly packumentCache full:https://registry.npmjs.org/react-refresh set size:6314995 disposed:false
164 silly fetch manifest picocolors@^1.1.1
165 silly packumentCache full:https://registry.npmjs.org/picocolors cache-miss
166 http cache https://registry.npmjs.org/@babel%2fplugin-transform-react-jsx-self 71ms (cache hit)
167 silly packumentCache full:https://registry.npmjs.org/@babel%2fplugin-transform-react-jsx-self set size:198119 disposed:false
168 silly fetch manifest postcss-value-parser@^4.2.0
169 silly packumentCache full:https://registry.npmjs.org/postcss-value-parser cache-miss
170 http cache https://registry.npmjs.org/@babel%2fcore 77ms (cache hit)
171 silly packumentCache full:https://registry.npmjs.org/@babel%2fcore set size:764052 disposed:false
172 silly fetch manifest nanoid@^3.3.11
173 silly packumentCache full:https://registry.npmjs.org/nanoid cache-miss
174 http cache https://registry.npmjs.org/@types%2fbabel__core 83ms (cache hit)
175 silly packumentCache full:https://registry.npmjs.org/@types%2fbabel__core set size:88676 disposed:false
176 silly fetch manifest picocolors@^1.1.1
177 silly packumentCache full:https://registry.npmjs.org/picocolors cache-miss
178 http cache https://registry.npmjs.org/esbuild 86ms (cache hit)
179 silly packumentCache full:https://registry.npmjs.org/esbuild set size:1254708 disposed:false
180 silly fetch manifest source-map-js@^1.2.1
181 silly packumentCache full:https://registry.npmjs.org/source-map-js cache-miss
182 http cache https://registry.npmjs.org/rollup 102ms (cache hit)
183 silly packumentCache full:https://registry.npmjs.org/rollup set size:6169575 disposed:false
184 silly fetch manifest follow-redirects@^1.15.11
185 silly packumentCache full:https://registry.npmjs.org/follow-redirects cache-miss
186 http cache https://registry.npmjs.org/@babel%2fplugin-transform-react-jsx-source 154ms (cache hit)
187 silly packumentCache full:https://registry.npmjs.org/@babel%2fplugin-transform-react-jsx-source set size:203114 disposed:false
188 silly fetch manifest form-data@^4.0.5
189 silly packumentCache full:https://registry.npmjs.org/form-data cache-miss
190 http cache https://registry.npmjs.org/fsevents 156ms (cache hit)
191 silly packumentCache full:https://registry.npmjs.org/fsevents set size:182472 disposed:false
192 silly fetch manifest proxy-from-env@^2.1.0
193 silly packumentCache full:https://registry.npmjs.org/proxy-from-env cache-miss
194 http cache https://registry.npmjs.org/caniuse-lite 152ms (cache hit)
195 silly packumentCache full:https://registry.npmjs.org/caniuse-lite set size:2289092 disposed:false
196 silly fetch manifest ajv@^6.12.4
197 silly packumentCache full:https://registry.npmjs.org/ajv cache-miss
198 http cache https://registry.npmjs.org/browserslist 168ms (cache hit)
199 silly packumentCache full:https://registry.npmjs.org/browserslist set size:504681 disposed:false
200 silly fetch manifest levn@^0.4.1
201 silly packumentCache full:https://registry.npmjs.org/levn cache-miss
202 http cache https://registry.npmjs.org/fraction.js 168ms (cache hit)
203 silly packumentCache full:https://registry.npmjs.org/fraction.js set size:149386 disposed:false
204 silly fetch manifest chalk@^4.0.0
205 silly packumentCache full:https://registry.npmjs.org/chalk cache-miss
206 http cache https://registry.npmjs.org/picocolors 132ms (cache hit)
207 silly packumentCache full:https://registry.npmjs.org/picocolors set size:16648 disposed:false
208 silly fetch manifest debug@^4.3.2
209 silly packumentCache full:https://registry.npmjs.org/debug cache-miss
210 http cache https://registry.npmjs.org/nanoid 123ms (cache hit)
211 silly packumentCache full:https://registry.npmjs.org/nanoid set size:304025 disposed:false
212 silly fetch manifest espree@^9.6.1
213 silly packumentCache full:https://registry.npmjs.org/espree cache-miss
214 http cache https://registry.npmjs.org/source-map-js 114ms (cache hit)
215 silly packumentCache full:https://registry.npmjs.org/source-map-js set size:62640 disposed:false
216 silly fetch manifest ignore@^5.2.0
217 silly packumentCache full:https://registry.npmjs.org/ignore cache-miss
218 http cache https://registry.npmjs.org/postcss-value-parser 136ms (cache hit)
219 silly packumentCache full:https://registry.npmjs.org/postcss-value-parser set size:73484 disposed:false
220 silly fetch manifest esquery@^1.4.2
221 silly packumentCache full:https://registry.npmjs.org/esquery cache-miss
222 http cache https://registry.npmjs.org/picocolors 130ms (cache hit)
223 silly packumentCache full:https://registry.npmjs.org/picocolors set size:16648 disposed:false
224 silly packumentCache full:https://registry.npmjs.org/picocolors dispose
225 silly fetch manifest esutils@^2.0.2
226 silly packumentCache full:https://registry.npmjs.org/esutils cache-miss
227 http cache https://registry.npmjs.org/follow-redirects 69ms (cache hit)
228 silly packumentCache full:https://registry.npmjs.org/follow-redirects set size:188945 disposed:false
229 silly fetch manifest find-up@^5.0.0
230 silly packumentCache full:https://registry.npmjs.org/find-up cache-miss
231 http cache https://registry.npmjs.org/proxy-from-env 57ms (cache hit)
232 silly packumentCache full:https://registry.npmjs.org/proxy-from-env set size:21422 disposed:false
233 silly fetch manifest globals@^13.19.0
234 silly packumentCache full:https://registry.npmjs.org/globals cache-miss
235 http cache https://registry.npmjs.org/form-data 62ms (cache hit)
236 silly packumentCache full:https://registry.npmjs.org/form-data set size:153646 disposed:false
237 silly fetch manifest is-glob@^4.0.0
238 silly packumentCache full:https://registry.npmjs.org/is-glob cache-miss
239 http cache https://registry.npmjs.org/levn 36ms (cache hit)
240 silly packumentCache full:https://registry.npmjs.org/levn set size:28223 disposed:false
241 silly fetch manifest js-yaml@^4.1.0
242 silly packumentCache full:https://registry.npmjs.org/js-yaml cache-miss
243 http cache https://registry.npmjs.org/ajv 48ms (cache hit)
244 silly packumentCache full:https://registry.npmjs.org/ajv set size:1142658 disposed:false
245 silly fetch manifest doctrine@^3.0.0
246 silly packumentCache full:https://registry.npmjs.org/doctrine cache-miss
247 http cache https://registry.npmjs.org/debug 48ms (cache hit)
248 silly packumentCache full:https://registry.npmjs.org/debug set size:195840 disposed:false
249 silly fetch manifest graphemer@^1.4.0
250 silly packumentCache full:https://registry.npmjs.org/graphemer cache-miss
251 http cache https://registry.npmjs.org/espree 48ms (cache hit)
252 silly packumentCache full:https://registry.npmjs.org/espree set size:326080 disposed:false
253 silly fetch manifest minimatch@^3.1.2
254 silly packumentCache full:https://registry.npmjs.org/minimatch cache-miss
255 http cache https://registry.npmjs.org/chalk 57ms (cache hit)
256 silly packumentCache full:https://registry.npmjs.org/chalk set size:117861 disposed:false
257 silly fetch manifest @eslint/js@8.57.1
258 silly packumentCache full:https://registry.npmjs.org/@eslint%2fjs cache-miss
259 http cache https://registry.npmjs.org/esquery 51ms (cache hit)
260 silly packumentCache full:https://registry.npmjs.org/esquery set size:48888 disposed:false
261 silly fetch manifest optionator@^0.9.3
262 silly packumentCache full:https://registry.npmjs.org/optionator cache-miss
263 http cache https://registry.npmjs.org/ignore 55ms (cache hit)
264 silly packumentCache full:https://registry.npmjs.org/ignore set size:237380 disposed:false
265 silly fetch manifest strip-ansi@^6.0.1
266 silly packumentCache full:https://registry.npmjs.org/strip-ansi cache-miss
267 http cache https://registry.npmjs.org/esutils 54ms (cache hit)
268 silly packumentCache full:https://registry.npmjs.org/esutils set size:29522 disposed:false
269 silly fetch manifest text-table@^0.2.0
270 silly packumentCache full:https://registry.npmjs.org/text-table cache-miss
271 http cache https://registry.npmjs.org/globals 53ms (cache hit)
272 silly packumentCache full:https://registry.npmjs.org/globals set size:312297 disposed:false
273 silly fetch manifest cross-spawn@^7.0.2
274 silly packumentCache full:https://registry.npmjs.org/cross-spawn cache-miss
275 http cache https://registry.npmjs.org/find-up 57ms (cache hit)
276 silly packumentCache full:https://registry.npmjs.org/find-up set size:42620 disposed:false
277 silly fetch manifest glob-parent@^6.0.2
278 silly packumentCache full:https://registry.npmjs.org/glob-parent cache-miss
279 http cache https://registry.npmjs.org/is-glob 56ms (cache hit)
280 silly packumentCache full:https://registry.npmjs.org/is-glob set size:40530 disposed:false
281 silly fetch manifest imurmurhash@^0.1.4
282 silly packumentCache full:https://registry.npmjs.org/imurmurhash cache-miss
283 http cache https://registry.npmjs.org/doctrine 40ms (cache hit)
284 silly packumentCache full:https://registry.npmjs.org/doctrine set size:64052 disposed:false
285 silly fetch manifest eslint-scope@^7.2.2
286 silly packumentCache full:https://registry.npmjs.org/eslint-scope cache-miss
287 http cache https://registry.npmjs.org/js-yaml 56ms (cache hit)
288 silly packumentCache full:https://registry.npmjs.org/js-yaml set size:152232 disposed:false
289 silly fetch manifest lodash.merge@^4.6.2
290 silly packumentCache full:https://registry.npmjs.org/lodash.merge cache-miss
291 http cache https://registry.npmjs.org/minimatch 40ms (cache hit)
292 silly packumentCache full:https://registry.npmjs.org/minimatch set size:375282 disposed:false
293 silly fetch manifest is-path-inside@^3.0.3
294 silly packumentCache full:https://registry.npmjs.org/is-path-inside cache-miss
295 http cache https://registry.npmjs.org/graphemer 51ms (cache hit)
296 silly packumentCache full:https://registry.npmjs.org/graphemer set size:25853 disposed:false
297 silly fetch manifest fast-deep-equal@^3.1.3
298 silly packumentCache full:https://registry.npmjs.org/fast-deep-equal cache-miss
299 http cache https://registry.npmjs.org/@eslint%2fjs 46ms (cache hit)
300 silly packumentCache full:https://registry.npmjs.org/@eslint%2fjs set size:140022 disposed:false
301 silly fetch manifest natural-compare@^1.4.0
302 silly packumentCache full:https://registry.npmjs.org/natural-compare cache-miss
303 http cache https://registry.npmjs.org/optionator 47ms (cache hit)
304 silly packumentCache full:https://registry.npmjs.org/optionator set size:49651 disposed:false
305 silly fetch manifest @eslint/eslintrc@^2.1.4
306 silly packumentCache full:https://registry.npmjs.org/@eslint%2feslintrc cache-miss
307 http cache https://registry.npmjs.org/text-table 45ms (cache hit)
308 silly packumentCache full:https://registry.npmjs.org/text-table set size:20701 disposed:false
309 silly fetch manifest @nodelib/fs.walk@^1.2.8
310 silly packumentCache full:https://registry.npmjs.org/@nodelib%2ffs.walk cache-miss
311 http cache https://registry.npmjs.org/strip-ansi 48ms (cache hit)
312 silly packumentCache full:https://registry.npmjs.org/strip-ansi set size:44998 disposed:false
313 silly fetch manifest file-entry-cache@^6.0.1
314 silly packumentCache full:https://registry.npmjs.org/file-entry-cache cache-miss
315 http cache https://registry.npmjs.org/cross-spawn 45ms (cache hit)
316 silly packumentCache full:https://registry.npmjs.org/cross-spawn set size:109066 disposed:false
317 silly fetch manifest eslint-visitor-keys@^3.4.3
318 silly packumentCache full:https://registry.npmjs.org/eslint-visitor-keys cache-miss
319 http cache https://registry.npmjs.org/glob-parent 46ms (cache hit)
320 silly packumentCache full:https://registry.npmjs.org/glob-parent set size:42445 disposed:false
321 silly fetch manifest escape-string-regexp@^4.0.0
322 silly packumentCache full:https://registry.npmjs.org/escape-string-regexp cache-miss
323 http cache https://registry.npmjs.org/imurmurhash 45ms (cache hit)
324 silly packumentCache full:https://registry.npmjs.org/imurmurhash set size:35819 disposed:false
325 silly fetch manifest @ungap/structured-clone@^1.2.0
326 silly packumentCache full:https://registry.npmjs.org/@ungap%2fstructured-clone cache-miss
327 http cache https://registry.npmjs.org/lodash.merge 44ms (cache hit)
328 silly packumentCache full:https://registry.npmjs.org/lodash.merge set size:78575 disposed:false
329 silly fetch manifest @eslint-community/regexpp@^4.6.1
330 silly packumentCache full:https://registry.npmjs.org/@eslint-community%2fregexpp cache-miss
331 http cache https://registry.npmjs.org/is-path-inside 39ms (cache hit)
332 silly packumentCache full:https://registry.npmjs.org/is-path-inside set size:23585 disposed:false
333 silly fetch manifest @humanwhocodes/config-array@^0.13.0
334 silly packumentCache full:https://registry.npmjs.org/@humanwhocodes%2fconfig-array cache-miss
335 http cache https://registry.npmjs.org/eslint-scope 54ms (cache hit)
336 silly packumentCache full:https://registry.npmjs.org/eslint-scope set size:98867 disposed:false
337 silly fetch manifest @eslint-community/eslint-utils@^4.2.0
338 silly packumentCache full:https://registry.npmjs.org/@eslint-community%2feslint-utils cache-miss
339 http cache https://registry.npmjs.org/fast-deep-equal 44ms (cache hit)
340 silly packumentCache full:https://registry.npmjs.org/fast-deep-equal set size:48634 disposed:false
341 silly fetch manifest @humanwhocodes/module-importer@^1.0.1
342 silly packumentCache full:https://registry.npmjs.org/@humanwhocodes%2fmodule-importer cache-miss
343 http cache https://registry.npmjs.org/eslint-visitor-keys 33ms (cache hit)
344 silly packumentCache full:https://registry.npmjs.org/eslint-visitor-keys set size:69949 disposed:false
345 silly fetch manifest json-stable-stringify-without-jsonify@^1.0.1
346 silly packumentCache full:https://registry.npmjs.org/json-stable-stringify-without-jsonify cache-miss
347 http cache https://registry.npmjs.org/@eslint%2feslintrc 43ms (cache hit)
348 silly packumentCache full:https://registry.npmjs.org/@eslint%2feslintrc set size:168674 disposed:false
349 silly fetch manifest array-includes@^3.1.8
350 silly packumentCache full:https://registry.npmjs.org/array-includes cache-miss
351 http cache https://registry.npmjs.org/natural-compare 47ms (cache hit)
352 silly packumentCache full:https://registry.npmjs.org/natural-compare set size:7852 disposed:false
353 silly fetch manifest array.prototype.findlast@^1.2.5
354 silly packumentCache full:https://registry.npmjs.org/array.prototype.findlast cache-miss
355 http cache https://registry.npmjs.org/@nodelib%2ffs.walk 46ms (cache hit)
356 silly packumentCache full:https://registry.npmjs.org/@nodelib%2ffs.walk set size:41589 disposed:false
357 silly fetch manifest array.prototype.flatmap@^1.3.3
358 silly packumentCache full:https://registry.npmjs.org/array.prototype.flatmap cache-miss
359 http cache https://registry.npmjs.org/file-entry-cache 46ms (cache hit)
360 silly packumentCache full:https://registry.npmjs.org/file-entry-cache set size:151480 disposed:false
361 silly fetch manifest array.prototype.tosorted@^1.1.4
362 silly packumentCache full:https://registry.npmjs.org/array.prototype.tosorted cache-miss
363 http cache https://registry.npmjs.org/escape-string-regexp 43ms (cache hit)
364 silly packumentCache full:https://registry.npmjs.org/escape-string-regexp set size:22244 disposed:false
365 silly fetch manifest doctrine@^2.1.0
366 silly packumentCache full:https://registry.npmjs.org/doctrine cache-hit
367 silly fetch manifest es-iterator-helpers@^1.2.1
368 silly packumentCache full:https://registry.npmjs.org/es-iterator-helpers cache-miss
369 http cache https://registry.npmjs.org/@ungap%2fstructured-clone 46ms (cache hit)
370 silly packumentCache full:https://registry.npmjs.org/@ungap%2fstructured-clone set size:55958 disposed:false
371 silly fetch manifest estraverse@^5.3.0
372 silly packumentCache full:https://registry.npmjs.org/estraverse cache-miss
373 http cache https://registry.npmjs.org/@eslint-community%2fregexpp 40ms (cache hit)
374 silly packumentCache full:https://registry.npmjs.org/@eslint-community%2fregexpp set size:106609 disposed:false
375 silly fetch manifest hasown@^2.0.2
376 silly packumentCache full:https://registry.npmjs.org/hasown cache-miss
377 http cache https://registry.npmjs.org/@humanwhocodes%2fconfig-array 41ms (cache hit)
378 silly packumentCache full:https://registry.npmjs.org/@humanwhocodes%2fconfig-array set size:139493 disposed:false
379 silly fetch manifest jsx-ast-utils@^2.4.1 || ^3.0.0
380 silly packumentCache full:https://registry.npmjs.org/jsx-ast-utils cache-miss
381 http cache https://registry.npmjs.org/@eslint-community%2feslint-utils 43ms (cache hit)
382 silly packumentCache full:https://registry.npmjs.org/@eslint-community%2feslint-utils set size:93301 disposed:false
383 silly fetch manifest object.entries@^1.1.9
384 silly packumentCache full:https://registry.npmjs.org/object.entries cache-miss
385 http cache https://registry.npmjs.org/@humanwhocodes%2fmodule-importer 44ms (cache hit)
386 silly packumentCache full:https://registry.npmjs.org/@humanwhocodes%2fmodule-importer set size:9516 disposed:false
387 silly fetch manifest object.fromentries@^2.0.8
388 silly packumentCache full:https://registry.npmjs.org/object.fromentries cache-miss
389 http cache https://registry.npmjs.org/array.prototype.findlast 36ms (cache hit)
390 silly packumentCache full:https://registry.npmjs.org/array.prototype.findlast set size:40323 disposed:false
391 silly fetch manifest object.values@^1.2.1
392 silly packumentCache full:https://registry.npmjs.org/object.values cache-miss
393 http cache https://registry.npmjs.org/array-includes 41ms (cache hit)
394 silly packumentCache full:https://registry.npmjs.org/array-includes set size:77143 disposed:false
395 silly fetch manifest prop-types@^15.8.1
396 silly packumentCache full:https://registry.npmjs.org/prop-types cache-miss
397 http cache https://registry.npmjs.org/json-stable-stringify-without-jsonify 47ms (cache hit)
398 silly packumentCache full:https://registry.npmjs.org/json-stable-stringify-without-jsonify set size:5808 disposed:false
399 silly fetch manifest resolve@^2.0.0-next.5
400 silly packumentCache full:https://registry.npmjs.org/resolve cache-miss
401 http cache https://registry.npmjs.org/array.prototype.tosorted 39ms (cache hit)
402 silly packumentCache full:https://registry.npmjs.org/array.prototype.tosorted set size:24661 disposed:false
403 silly fetch manifest semver@^6.3.1
404 silly packumentCache full:https://registry.npmjs.org/semver cache-miss
405 http cache https://registry.npmjs.org/array.prototype.flatmap 43ms (cache hit)
406 silly packumentCache full:https://registry.npmjs.org/array.prototype.flatmap set size:51458 disposed:false
407 silly fetch manifest string.prototype.matchall@^4.0.12
408 silly packumentCache full:https://registry.npmjs.org/string.prototype.matchall cache-miss
409 http cache https://registry.npmjs.org/es-iterator-helpers 40ms (cache hit)
410 silly packumentCache full:https://registry.npmjs.org/es-iterator-helpers set size:258484 disposed:false
411 silly fetch manifest string.prototype.repeat@^1.0.0
412 silly packumentCache full:https://registry.npmjs.org/string.prototype.repeat cache-miss
413 http cache https://registry.npmjs.org/estraverse 40ms (cache hit)
414 silly packumentCache full:https://registry.npmjs.org/estraverse set size:62412 disposed:false
415 silly fetch manifest loose-envify@^1.1.0
416 silly packumentCache full:https://registry.npmjs.org/loose-envify cache-miss
417 http cache https://registry.npmjs.org/hasown 42ms (cache hit)
418 silly packumentCache full:https://registry.npmjs.org/hasown set size:15429 disposed:false
419 silly fetch manifest scheduler@^0.23.2
420 silly packumentCache full:https://registry.npmjs.org/scheduler cache-miss
421 http cache https://registry.npmjs.org/jsx-ast-utils 43ms (cache hit)
422 silly packumentCache full:https://registry.npmjs.org/jsx-ast-utils set size:115998 disposed:false
423 silly fetch manifest loose-envify@^1.1.0
424 silly packumentCache full:https://registry.npmjs.org/loose-envify cache-miss
425 http cache https://registry.npmjs.org/object.entries 43ms (cache hit)
426 silly packumentCache full:https://registry.npmjs.org/object.entries set size:50037 disposed:false
427 silly fetch manifest react-router@6.30.3
428 silly packumentCache full:https://registry.npmjs.org/react-router cache-miss
429 http cache https://registry.npmjs.org/prop-types 41ms (cache hit)
430 silly packumentCache full:https://registry.npmjs.org/prop-types set size:76747 disposed:false
431 silly fetch manifest @remix-run/router@1.23.2
432 silly packumentCache full:https://registry.npmjs.org/@remix-run%2frouter cache-miss
433 http cache https://registry.npmjs.org/object.fromentries 48ms (cache hit)
434 silly packumentCache full:https://registry.npmjs.org/object.fromentries set size:37686 disposed:false
435 silly fetch manifest arg@^5.0.2
436 silly packumentCache full:https://registry.npmjs.org/arg cache-miss
437 http cache https://registry.npmjs.org/object.values 48ms (cache hit)
438 silly packumentCache full:https://registry.npmjs.org/object.values set size:49009 disposed:false
439 silly fetch manifest dlv@^1.1.3
440 silly packumentCache full:https://registry.npmjs.org/dlv cache-miss
441 http cache https://registry.npmjs.org/resolve 48ms (cache hit)
442 silly packumentCache full:https://registry.npmjs.org/resolve set size:252941 disposed:false
443 silly fetch manifest jiti@^1.21.7
444 silly packumentCache full:https://registry.npmjs.org/jiti cache-miss
445 http cache https://registry.npmjs.org/string.prototype.matchall 49ms (cache hit)
446 silly packumentCache full:https://registry.npmjs.org/string.prototype.matchall set size:63239 disposed:false
447 silly fetch manifest is-glob@^4.0.3
448 silly packumentCache full:https://registry.npmjs.org/is-glob cache-hit
449 silly fetch manifest resolve@^1.22.8
450 silly packumentCache full:https://registry.npmjs.org/resolve cache-hit
451 silly fetch manifest sucrase@^3.35.0
452 silly packumentCache full:https://registry.npmjs.org/sucrase cache-miss
453 http cache https://registry.npmjs.org/semver 53ms (cache hit)
454 silly packumentCache full:https://registry.npmjs.org/semver set size:229571 disposed:false
455 silly fetch manifest chokidar@^3.6.0
456 silly packumentCache full:https://registry.npmjs.org/chokidar cache-miss
457 http cache https://registry.npmjs.org/string.prototype.repeat 52ms (cache hit)
458 silly packumentCache full:https://registry.npmjs.org/string.prototype.repeat set size:8608 disposed:false
459 silly fetch manifest fast-glob@^3.3.2
460 silly packumentCache full:https://registry.npmjs.org/fast-glob cache-miss
461 http cache https://registry.npmjs.org/loose-envify 51ms (cache hit)
462 silly packumentCache full:https://registry.npmjs.org/loose-envify set size:12559 disposed:false
463 silly fetch manifest lilconfig@^3.1.3
464 silly packumentCache full:https://registry.npmjs.org/lilconfig cache-miss
465 http cache https://registry.npmjs.org/loose-envify 51ms (cache hit)
466 silly packumentCache full:https://registry.npmjs.org/loose-envify set size:12559 disposed:false
467 silly packumentCache full:https://registry.npmjs.org/loose-envify dispose
468 silly fetch manifest didyoumean@^1.2.2
469 silly packumentCache full:https://registry.npmjs.org/didyoumean cache-miss
470 http cache https://registry.npmjs.org/scheduler 69ms (cache hit)
471 silly packumentCache full:https://registry.npmjs.org/scheduler set size:5493219 disposed:false
472 silly fetch manifest micromatch@^4.0.8
473 silly packumentCache full:https://registry.npmjs.org/micromatch cache-miss
474 http cache https://registry.npmjs.org/react-router 118ms (cache hit)
475 silly packumentCache full:https://registry.npmjs.org/react-router set size:3956113 disposed:false
476 silly fetch manifest postcss-js@^4.0.1
477 silly packumentCache full:https://registry.npmjs.org/postcss-js cache-miss
478 http cache https://registry.npmjs.org/@remix-run%2frouter 133ms (cache hit)
479 silly packumentCache full:https://registry.npmjs.org/@remix-run%2frouter set size:502004 disposed:false
480 silly fetch manifest object-hash@^3.0.0
481 silly packumentCache full:https://registry.npmjs.org/object-hash cache-miss
482 http cache https://registry.npmjs.org/arg 133ms (cache hit)
483 silly packumentCache full:https://registry.npmjs.org/arg set size:67036 disposed:false
484 silly fetch manifest normalize-path@^3.0.0
485 silly packumentCache full:https://registry.npmjs.org/normalize-path cache-miss
486 http cache https://registry.npmjs.org/dlv 132ms (cache hit)
487 silly packumentCache full:https://registry.npmjs.org/dlv set size:16709 disposed:false
488 silly fetch manifest postcss-import@^15.1.0
489 silly packumentCache full:https://registry.npmjs.org/postcss-import cache-miss
490 http cache https://registry.npmjs.org/chokidar 121ms (cache hit)
491 silly packumentCache full:https://registry.npmjs.org/chokidar set size:255902 disposed:false
492 silly fetch manifest postcss-nested@^6.2.0
493 silly packumentCache full:https://registry.npmjs.org/postcss-nested cache-miss
494 http cache https://registry.npmjs.org/sucrase 129ms (cache hit)
495 silly packumentCache full:https://registry.npmjs.org/sucrase set size:449399 disposed:false
496 silly fetch manifest @alloc/quick-lru@^5.2.0
497 silly packumentCache full:https://registry.npmjs.org/@alloc%2fquick-lru cache-miss
498 http cache https://registry.npmjs.org/jiti 136ms (cache hit)
499 silly packumentCache full:https://registry.npmjs.org/jiti set size:382310 disposed:false
500 silly fetch manifest postcss-load-config@^4.0.2 || ^5.0 || ^6.0
501 silly packumentCache full:https://registry.npmjs.org/postcss-load-config cache-miss
502 http cache https://registry.npmjs.org/lilconfig 130ms (cache hit)
503 silly packumentCache full:https://registry.npmjs.org/lilconfig set size:45636 disposed:false
504 silly fetch manifest postcss-selector-parser@^6.1.2
505 silly packumentCache full:https://registry.npmjs.org/postcss-selector-parser cache-miss
506 http cache https://registry.npmjs.org/fast-glob 134ms (cache hit)
507 silly packumentCache full:https://registry.npmjs.org/fast-glob set size:220556 disposed:false
508 http cache https://registry.npmjs.org/didyoumean 127ms (cache hit)
509 silly packumentCache full:https://registry.npmjs.org/didyoumean set size:11446 disposed:false
510 http cache https://registry.npmjs.org/micromatch 80ms (cache hit)
511 silly packumentCache full:https://registry.npmjs.org/micromatch set size:240630 disposed:false
512 http cache https://registry.npmjs.org/postcss-js 47ms (cache hit)
513 silly packumentCache full:https://registry.npmjs.org/postcss-js set size:51308 disposed:false
514 http cache https://registry.npmjs.org/object-hash 45ms (cache hit)
515 silly packumentCache full:https://registry.npmjs.org/object-hash set size:100564 disposed:false
516 http cache https://registry.npmjs.org/normalize-path 46ms (cache hit)
517 silly packumentCache full:https://registry.npmjs.org/normalize-path set size:28713 disposed:false
518 http cache https://registry.npmjs.org/postcss-import 46ms (cache hit)
519 silly packumentCache full:https://registry.npmjs.org/postcss-import set size:120971 disposed:false
520 http cache https://registry.npmjs.org/postcss-nested 45ms (cache hit)
521 silly packumentCache full:https://registry.npmjs.org/postcss-nested set size:79120 disposed:false
522 http cache https://registry.npmjs.org/@alloc%2fquick-lru 43ms (cache hit)
523 silly packumentCache full:https://registry.npmjs.org/@alloc%2fquick-lru set size:7269 disposed:false
524 http cache https://registry.npmjs.org/postcss-load-config 39ms (cache hit)
525 silly packumentCache full:https://registry.npmjs.org/postcss-load-config set size:86425 disposed:false
526 http cache https://registry.npmjs.org/postcss-selector-parser 36ms (cache hit)
527 silly packumentCache full:https://registry.npmjs.org/postcss-selector-parser set size:177140 disposed:false
528 silly placeDep ROOT @types/prop-types@15.7.15 OK for: @types/react@18.3.28 want: *
529 silly placeDep ROOT csstype@3.2.3 OK for: @types/react@18.3.28 want: ^3.2.2
530 silly placeDep ROOT @babel/core@7.29.0 OK for: @vitejs/plugin-react@4.7.0 want: ^7.28.0
531 silly placeDep ROOT @babel/plugin-transform-react-jsx-self@7.27.1 OK for: @vitejs/plugin-react@4.7.0 want: ^7.27.1
532 silly placeDep ROOT @babel/plugin-transform-react-jsx-source@7.27.1 OK for: @vitejs/plugin-react@4.7.0 want: ^7.27.1
533 silly placeDep ROOT @rolldown/pluginutils@1.0.0-beta.27 OK for: @vitejs/plugin-react@4.7.0 want: 1.0.0-beta.27
534 silly placeDep ROOT @types/babel__core@7.20.5 OK for: @vitejs/plugin-react@4.7.0 want: ^7.20.5
535 silly placeDep ROOT react-refresh@0.17.0 OK for: @vitejs/plugin-react@4.7.0 want: ^0.17.0
536 silly fetch manifest debug@^4.1.0
537 silly packumentCache full:https://registry.npmjs.org/debug cache-hit
538 silly fetch manifest json5@^2.2.3
539 silly packumentCache full:https://registry.npmjs.org/json5 cache-miss
540 silly fetch manifest gensync@^1.0.0-beta.2
541 silly packumentCache full:https://registry.npmjs.org/gensync cache-miss
542 silly fetch manifest @babel/types@^7.29.0
543 silly packumentCache full:https://registry.npmjs.org/@babel%2ftypes cache-miss
544 silly fetch manifest @babel/parser@^7.29.0
545 silly packumentCache full:https://registry.npmjs.org/@babel%2fparser cache-miss
546 silly fetch manifest @babel/helpers@^7.28.6
547 silly packumentCache full:https://registry.npmjs.org/@babel%2fhelpers cache-miss
548 silly fetch manifest @babel/template@^7.28.6
549 silly packumentCache full:https://registry.npmjs.org/@babel%2ftemplate cache-miss
550 silly fetch manifest @babel/traverse@^7.29.0
551 silly packumentCache full:https://registry.npmjs.org/@babel%2ftraverse cache-miss
552 silly fetch manifest @babel/generator@^7.29.0
553 silly packumentCache full:https://registry.npmjs.org/@babel%2fgenerator cache-miss
554 silly fetch manifest @babel/code-frame@^7.29.0
555 silly packumentCache full:https://registry.npmjs.org/@babel%2fcode-frame cache-miss
556 silly fetch manifest convert-source-map@^2.0.0
557 silly packumentCache full:https://registry.npmjs.org/convert-source-map cache-miss
558 silly fetch manifest @jridgewell/remapping@^2.3.5
559 silly packumentCache full:https://registry.npmjs.org/@jridgewell%2fremapping cache-miss
560 http cache https://registry.npmjs.org/@babel%2fhelpers 21ms (cache hit)
561 silly packumentCache full:https://registry.npmjs.org/@babel%2fhelpers set size:390175 disposed:false
562 silly fetch manifest @babel/helper-module-transforms@^7.28.6
563 silly packumentCache full:https://registry.npmjs.org/@babel%2fhelper-module-transforms cache-miss
564 http cache https://registry.npmjs.org/gensync 25ms (cache hit)
565 silly packumentCache full:https://registry.npmjs.org/gensync set size:15068 disposed:false
566 silly fetch manifest @babel/helper-compilation-targets@^7.28.6
567 silly packumentCache full:https://registry.npmjs.org/@babel%2fhelper-compilation-targets cache-miss
568 http cache https://registry.npmjs.org/@babel%2fgenerator 26ms (cache hit)
569 silly packumentCache full:https://registry.npmjs.org/@babel%2fgenerator set size:509303 disposed:false
570 silly fetch manifest @babel/helper-plugin-utils@^7.27.1
571 silly packumentCache full:https://registry.npmjs.org/@babel%2fhelper-plugin-utils cache-miss
572 http cache https://registry.npmjs.org/@babel%2ftraverse 31ms (cache hit)
573 silly packumentCache full:https://registry.npmjs.org/@babel%2ftraverse set size:550946 disposed:false
574 silly fetch manifest @babel/helper-plugin-utils@^7.27.1
575 silly packumentCache full:https://registry.npmjs.org/@babel%2fhelper-plugin-utils cache-miss
576 http cache https://registry.npmjs.org/@babel%2fparser 37ms (cache hit)
577 silly packumentCache full:https://registry.npmjs.org/@babel%2fparser set size:721090 disposed:false
578 silly fetch manifest @babel/types@^7.20.7
579 silly packumentCache full:https://registry.npmjs.org/@babel%2ftypes cache-miss
580 http cache https://registry.npmjs.org/@babel%2ftypes 42ms (cache hit)
581 silly packumentCache full:https://registry.npmjs.org/@babel%2ftypes set size:489931 disposed:false
582 silly fetch manifest @babel/parser@^7.20.7
583 silly packumentCache full:https://registry.npmjs.org/@babel%2fparser cache-hit
584 silly fetch manifest @types/babel__template@*
585 silly packumentCache full:https://registry.npmjs.org/@types%2fbabel__template cache-miss
586 http cache https://registry.npmjs.org/@babel%2ftemplate 45ms (cache hit)
587 silly packumentCache full:https://registry.npmjs.org/@babel%2ftemplate set size:229095 disposed:false
588 silly fetch manifest @types/babel__traverse@*
589 silly packumentCache full:https://registry.npmjs.org/@types%2fbabel__traverse cache-miss
590 http cache https://registry.npmjs.org/json5 49ms (cache hit)
591 silly packumentCache full:https://registry.npmjs.org/json5 set size:86136 disposed:false
592 silly fetch manifest @types/babel__generator@*
593 silly packumentCache full:https://registry.npmjs.org/@types%2fbabel__generator cache-miss
594 http cache https://registry.npmjs.org/@jridgewell%2fremapping 47ms (cache hit)
595 silly packumentCache full:https://registry.npmjs.org/@jridgewell%2fremapping set size:23809 disposed:false
596 http cache https://registry.npmjs.org/@babel%2fcode-frame 50ms (cache hit)
597 silly packumentCache full:https://registry.npmjs.org/@babel%2fcode-frame set size:198217 disposed:false
598 http cache https://registry.npmjs.org/convert-source-map 50ms (cache hit)
599 silly packumentCache full:https://registry.npmjs.org/convert-source-map set size:66997 disposed:false
600 http cache https://registry.npmjs.org/@babel%2fhelper-module-transforms 43ms (cache hit)
601 silly packumentCache full:https://registry.npmjs.org/@babel%2fhelper-module-transforms set size:335632 disposed:false
602 http cache https://registry.npmjs.org/@babel%2fhelper-compilation-targets 46ms (cache hit)
603 silly packumentCache full:https://registry.npmjs.org/@babel%2fhelper-compilation-targets set size:220831 disposed:false
604 http cache https://registry.npmjs.org/@babel%2fhelper-plugin-utils 43ms (cache hit)
605 silly packumentCache full:https://registry.npmjs.org/@babel%2fhelper-plugin-utils set size:165818 disposed:false
606 http cache https://registry.npmjs.org/@babel%2ftypes 35ms (cache hit)
607 silly packumentCache full:https://registry.npmjs.org/@babel%2ftypes set size:489931 disposed:false
608 silly packumentCache full:https://registry.npmjs.org/@babel%2ftypes dispose
609 http cache https://registry.npmjs.org/@babel%2fhelper-plugin-utils 44ms (cache hit)
610 silly packumentCache full:https://registry.npmjs.org/@babel%2fhelper-plugin-utils set size:165818 disposed:false
611 silly packumentCache full:https://registry.npmjs.org/@babel%2fhelper-plugin-utils dispose
612 http cache https://registry.npmjs.org/@types%2fbabel__template 36ms (cache hit)
613 silly packumentCache full:https://registry.npmjs.org/@types%2fbabel__template set size:22631 disposed:false
614 http cache https://registry.npmjs.org/@types%2fbabel__traverse 34ms (cache hit)
615 silly packumentCache full:https://registry.npmjs.org/@types%2fbabel__traverse set size:107819 disposed:false
616 http cache https://registry.npmjs.org/@types%2fbabel__generator 33ms (cache hit)
617 silly packumentCache full:https://registry.npmjs.org/@types%2fbabel__generator set size:31587 disposed:false
618 silly fetch manifest @babel/core@^7.0.0
619 silly packumentCache full:https://registry.npmjs.org/@babel%2fcore cache-hit
620 silly placeDep ROOT @babel/code-frame@7.29.0 OK for: @babel/core@7.29.0 want: ^7.29.0
621 silly placeDep ROOT @babel/generator@7.29.1 OK for: @babel/core@7.29.0 want: ^7.29.0
622 silly placeDep ROOT @babel/helper-compilation-targets@7.28.6 OK for: @babel/core@7.29.0 want: ^7.28.6
623 silly placeDep ROOT @babel/helper-module-transforms@7.28.6 OK for: @babel/core@7.29.0 want: ^7.28.6
624 silly placeDep ROOT @babel/helpers@7.29.2 OK for: @babel/core@7.29.0 want: ^7.28.6
625 silly placeDep ROOT @babel/parser@7.29.2 OK for: @babel/core@7.29.0 want: ^7.29.0
626 silly placeDep ROOT @babel/template@7.28.6 OK for: @babel/core@7.29.0 want: ^7.28.6
627 silly placeDep ROOT @babel/traverse@7.29.0 OK for: @babel/core@7.29.0 want: ^7.29.0
628 silly placeDep ROOT @babel/types@7.29.0 OK for: @babel/core@7.29.0 want: ^7.29.0
629 silly placeDep ROOT @jridgewell/remapping@2.3.5 OK for: @babel/core@7.29.0 want: ^2.3.5
630 silly placeDep ROOT convert-source-map@2.0.0 OK for: @babel/core@7.29.0 want: ^2.0.0
631 silly placeDep ROOT debug@4.4.3 OK for: @babel/core@7.29.0 want: ^4.1.0
632 silly placeDep ROOT gensync@1.0.0-beta.2 OK for: @babel/core@7.29.0 want: ^1.0.0-beta.2
633 silly placeDep ROOT json5@2.2.3 OK for: @babel/core@7.29.0 want: ^2.2.3
634 silly placeDep ROOT semver@6.3.1 OK for: @babel/core@7.29.0 want: ^6.3.1
635 silly fetch manifest js-tokens@^4.0.0
636 silly packumentCache full:https://registry.npmjs.org/js-tokens cache-miss
637 silly fetch manifest @babel/helper-validator-identifier@^7.28.5
638 silly packumentCache full:https://registry.npmjs.org/@babel%2fhelper-validator-identifier cache-miss
639 silly fetch manifest jsesc@^3.0.2
640 silly packumentCache full:https://registry.npmjs.org/jsesc cache-miss
641 silly fetch manifest @jridgewell/gen-mapping@^0.3.12
642 silly packumentCache full:https://registry.npmjs.org/@jridgewell%2fgen-mapping cache-miss
643 silly fetch manifest @jridgewell/trace-mapping@^0.3.28
644 silly packumentCache full:https://registry.npmjs.org/@jridgewell%2ftrace-mapping cache-miss
645 silly fetch manifest lru-cache@^5.1.1
646 silly packumentCache full:https://registry.npmjs.org/lru-cache cache-miss
647 silly fetch manifest browserslist@^4.24.0
648 silly packumentCache full:https://registry.npmjs.org/browserslist cache-hit
649 silly fetch manifest @babel/compat-data@^7.28.6
650 silly packumentCache full:https://registry.npmjs.org/@babel%2fcompat-data cache-miss
651 silly fetch manifest @babel/helper-validator-option@^7.27.1
652 silly packumentCache full:https://registry.npmjs.org/@babel%2fhelper-validator-option cache-miss
653 silly fetch manifest @babel/traverse@^7.28.6
654 silly packumentCache full:https://registry.npmjs.org/@babel%2ftraverse cache-hit
655 silly fetch manifest @babel/helper-module-imports@^7.28.6
656 silly packumentCache full:https://registry.npmjs.org/@babel%2fhelper-module-imports cache-miss
657 silly fetch manifest @babel/helper-validator-identifier@^7.28.5
658 silly packumentCache full:https://registry.npmjs.org/@babel%2fhelper-validator-identifier cache-miss
659 silly fetch manifest @babel/types@^7.28.6
660 silly packumentCache full:https://registry.npmjs.org/@babel%2ftypes cache-hit
661 silly fetch manifest debug@^4.3.1
662 silly packumentCache full:https://registry.npmjs.org/debug cache-hit
663 silly fetch manifest @babel/helper-globals@^7.28.0
664 silly packumentCache full:https://registry.npmjs.org/@babel%2fhelper-globals cache-miss
665 http cache https://registry.npmjs.org/@babel%2fhelper-validator-identifier 24ms (cache hit)
666 silly packumentCache full:https://registry.npmjs.org/@babel%2fhelper-validator-identifier set size:118123 disposed:false
667 silly fetch manifest @babel/helper-string-parser@^7.27.1
668 silly packumentCache full:https://registry.npmjs.org/@babel%2fhelper-string-parser cache-miss
669 http cache https://registry.npmjs.org/@jridgewell%2fgen-mapping 27ms (cache hit)
670 silly packumentCache full:https://registry.npmjs.org/@jridgewell%2fgen-mapping set size:80719 disposed:false
671 silly fetch manifest @jridgewell/gen-mapping@^0.3.5
672 silly packumentCache full:https://registry.npmjs.org/@jridgewell%2fgen-mapping cache-hit
673 silly fetch manifest @jridgewell/trace-mapping@^0.3.24
674 silly packumentCache full:https://registry.npmjs.org/@jridgewell%2ftrace-mapping cache-miss
675 http cache https://registry.npmjs.org/@jridgewell%2ftrace-mapping 29ms (cache hit)
676 silly packumentCache full:https://registry.npmjs.org/@jridgewell%2ftrace-mapping set size:170909 disposed:false
677 silly fetch manifest ms@^2.1.3
678 silly packumentCache full:https://registry.npmjs.org/ms cache-miss
679 http cache https://registry.npmjs.org/lru-cache 33ms (cache hit)
680 silly packumentCache full:https://registry.npmjs.org/lru-cache set size:439357 disposed:false
681 http cache https://registry.npmjs.org/js-tokens 38ms (cache hit)
682 silly packumentCache full:https://registry.npmjs.org/js-tokens set size:41947 disposed:false
683 http cache https://registry.npmjs.org/@babel%2fhelper-validator-option 37ms (cache hit)
684 silly packumentCache full:https://registry.npmjs.org/@babel%2fhelper-validator-option set size:93967 disposed:false
685 http cache https://registry.npmjs.org/@babel%2fcompat-data 47ms (cache hit)
686 silly packumentCache full:https://registry.npmjs.org/@babel%2fcompat-data set size:307725 disposed:false
687 http cache https://registry.npmjs.org/@babel%2fhelper-module-imports 49ms (cache hit)
688 silly packumentCache full:https://registry.npmjs.org/@babel%2fhelper-module-imports set size:195374 disposed:false
689 http cache https://registry.npmjs.org/@babel%2fhelper-validator-identifier 50ms (cache hit)
690 silly packumentCache full:https://registry.npmjs.org/@babel%2fhelper-validator-identifier set size:118123 disposed:false
691 silly packumentCache full:https://registry.npmjs.org/@babel%2fhelper-validator-identifier dispose
692 http cache https://registry.npmjs.org/@babel%2fhelper-globals 49ms (cache hit)
693 silly packumentCache full:https://registry.npmjs.org/@babel%2fhelper-globals set size:17325 disposed:false
694 http cache https://registry.npmjs.org/jsesc 54ms (cache hit)
695 silly packumentCache full:https://registry.npmjs.org/jsesc set size:61512 disposed:false
696 http cache https://registry.npmjs.org/@babel%2fhelper-string-parser 36ms (cache hit)
697 silly packumentCache full:https://registry.npmjs.org/@babel%2fhelper-string-parser set size:83846 disposed:false
698 http cache https://registry.npmjs.org/@jridgewell%2ftrace-mapping 34ms (cache hit)
699 silly packumentCache full:https://registry.npmjs.org/@jridgewell%2ftrace-mapping set size:170909 disposed:false
700 silly packumentCache full:https://registry.npmjs.org/@jridgewell%2ftrace-mapping dispose
701 http cache https://registry.npmjs.org/ms 33ms (cache hit)
702 silly packumentCache full:https://registry.npmjs.org/ms set size:92208 disposed:false
703 silly placeDep ROOT @babel/helper-validator-identifier@7.28.5 OK for: @babel/code-frame@7.29.0 want: ^7.28.5
704 silly placeDep ROOT js-tokens@4.0.0 OK for: @babel/code-frame@7.29.0 want: ^4.0.0
705 silly placeDep ROOT picocolors@1.1.1 OK for: @babel/code-frame@7.29.0 want: ^1.1.1
706 silly placeDep ROOT @jridgewell/gen-mapping@0.3.13 OK for: @babel/generator@7.29.1 want: ^0.3.12
707 silly placeDep ROOT @jridgewell/trace-mapping@0.3.31 OK for: @babel/generator@7.29.1 want: ^0.3.28
708 silly placeDep ROOT jsesc@3.1.0 OK for: @babel/generator@7.29.1 want: ^3.0.2
709 silly fetch manifest @jridgewell/sourcemap-codec@^1.5.0
710 silly packumentCache full:https://registry.npmjs.org/@jridgewell%2fsourcemap-codec cache-miss
711 silly fetch manifest @jridgewell/resolve-uri@^3.1.0
712 silly packumentCache full:https://registry.npmjs.org/@jridgewell%2fresolve-uri cache-miss
713 silly fetch manifest @jridgewell/sourcemap-codec@^1.4.14
714 silly packumentCache full:https://registry.npmjs.org/@jridgewell%2fsourcemap-codec cache-miss
715 http cache https://registry.npmjs.org/@jridgewell%2fresolve-uri 7ms (cache hit)
716 silly packumentCache full:https://registry.npmjs.org/@jridgewell%2fresolve-uri set size:57361 disposed:false
717 http cache https://registry.npmjs.org/@jridgewell%2fsourcemap-codec 11ms (cache hit)
718 silly packumentCache full:https://registry.npmjs.org/@jridgewell%2fsourcemap-codec set size:59275 disposed:false
719 http cache https://registry.npmjs.org/@jridgewell%2fsourcemap-codec 19ms (cache hit)
720 silly packumentCache full:https://registry.npmjs.org/@jridgewell%2fsourcemap-codec set size:59275 disposed:false
721 silly packumentCache full:https://registry.npmjs.org/@jridgewell%2fsourcemap-codec dispose
722 silly placeDep ROOT @babel/compat-data@7.29.0 OK for: @babel/helper-compilation-targets@7.28.6 want: ^7.28.6
723 silly placeDep ROOT @babel/helper-validator-option@7.27.1 OK for: @babel/helper-compilation-targets@7.28.6 want: ^7.27.1
724 silly placeDep ROOT browserslist@4.28.2 OK for: @babel/helper-compilation-targets@7.28.6 want: ^4.24.0
725 silly placeDep ROOT lru-cache@5.1.1 OK for: @babel/helper-compilation-targets@7.28.6 want: ^5.1.1
726 silly fetch manifest baseline-browser-mapping@^2.10.12
727 silly packumentCache full:https://registry.npmjs.org/baseline-browser-mapping cache-miss
728 silly fetch manifest caniuse-lite@^1.0.30001782
729 silly packumentCache full:https://registry.npmjs.org/caniuse-lite cache-miss
730 silly fetch manifest electron-to-chromium@^1.5.328
731 silly packumentCache full:https://registry.npmjs.org/electron-to-chromium cache-miss
732 silly fetch manifest node-releases@^2.0.36
733 silly packumentCache full:https://registry.npmjs.org/node-releases cache-miss
734 silly fetch manifest update-browserslist-db@^1.2.3
735 silly packumentCache full:https://registry.npmjs.org/update-browserslist-db cache-miss
736 silly fetch manifest yallist@^3.0.2
737 silly packumentCache full:https://registry.npmjs.org/yallist cache-miss
738 http cache https://registry.npmjs.org/node-releases 14ms (cache hit)
739 silly packumentCache full:https://registry.npmjs.org/node-releases set size:273586 disposed:false
740 http cache https://registry.npmjs.org/baseline-browser-mapping 19ms (cache hit)
741 silly packumentCache full:https://registry.npmjs.org/baseline-browser-mapping set size:463617 disposed:false
742 http cache https://registry.npmjs.org/yallist 22ms (cache hit)
743 silly packumentCache full:https://registry.npmjs.org/yallist set size:34610 disposed:false
744 http cache https://registry.npmjs.org/caniuse-lite 28ms (cache hit)
745 silly packumentCache full:https://registry.npmjs.org/caniuse-lite set size:2289092 disposed:false
746 http cache https://registry.npmjs.org/electron-to-chromium 42ms (cache hit)
747 silly packumentCache full:https://registry.npmjs.org/electron-to-chromium set size:4771954 disposed:false
748 http cache https://registry.npmjs.org/update-browserslist-db 90ms (cache hit)
749 silly packumentCache full:https://registry.npmjs.org/update-browserslist-db set size:62000 disposed:false
750 silly placeDep ROOT @babel/helper-module-imports@7.28.6 OK for: @babel/helper-module-transforms@7.28.6 want: ^7.28.6
751 silly placeDep ROOT @babel/helper-plugin-utils@7.28.6 OK for: @babel/plugin-transform-react-jsx-self@7.27.1 want: ^7.27.1
752 silly placeDep ROOT @babel/helper-globals@7.28.0 OK for: @babel/traverse@7.29.0 want: ^7.28.0
753 silly placeDep ROOT @babel/helper-string-parser@7.27.1 OK for: @babel/types@7.29.0 want: ^7.27.1
754 silly placeDep ROOT @jridgewell/sourcemap-codec@1.5.5 OK for: @jridgewell/gen-mapping@0.3.13 want: ^1.5.0
755 silly placeDep ROOT @jridgewell/resolve-uri@3.1.2 OK for: @jridgewell/trace-mapping@0.3.31 want: ^3.1.0
756 silly placeDep ROOT @types/babel__generator@7.27.0 OK for: @types/babel__core@7.20.5 want: *
757 silly placeDep ROOT @types/babel__template@7.4.4 OK for: @types/babel__core@7.20.5 want: *
758 silly placeDep ROOT @types/babel__traverse@7.28.0 OK for: @types/babel__core@7.20.5 want: *
759 silly placeDep ROOT caniuse-lite@1.0.30001791 OK for: autoprefixer@10.5.0 want: ^1.0.30001787
760 silly placeDep ROOT fraction.js@5.3.4 OK for: autoprefixer@10.5.0 want: ^5.3.4
761 silly placeDep ROOT postcss-value-parser@4.2.0 OK for: autoprefixer@10.5.0 want: ^4.2.0
762 silly placeDep ROOT follow-redirects@1.16.0 OK for: axios@1.15.2 want: ^1.15.11
763 silly placeDep ROOT form-data@4.0.5 OK for: axios@1.15.2 want: ^4.0.5
764 silly placeDep ROOT proxy-from-env@2.1.0 OK for: axios@1.15.2 want: ^2.1.0
765 silly fetch manifest asynckit@^0.4.0
766 silly packumentCache full:https://registry.npmjs.org/asynckit cache-miss
767 silly fetch manifest combined-stream@^1.0.8
768 silly packumentCache full:https://registry.npmjs.org/combined-stream cache-miss
769 silly fetch manifest es-set-tostringtag@^2.1.0
770 silly packumentCache full:https://registry.npmjs.org/es-set-tostringtag cache-miss
771 silly fetch manifest mime-types@^2.1.12
772 silly packumentCache full:https://registry.npmjs.org/mime-types cache-miss
773 http cache https://registry.npmjs.org/asynckit 13ms (cache hit)
774 silly packumentCache full:https://registry.npmjs.org/asynckit set size:18932 disposed:false
775 http cache https://registry.npmjs.org/combined-stream 13ms (cache hit)
776 silly packumentCache full:https://registry.npmjs.org/combined-stream set size:40337 disposed:false
777 http cache https://registry.npmjs.org/es-set-tostringtag 14ms (cache hit)
778 silly packumentCache full:https://registry.npmjs.org/es-set-tostringtag set size:22094 disposed:false
779 http cache https://registry.npmjs.org/mime-types 15ms (cache hit)
780 silly packumentCache full:https://registry.npmjs.org/mime-types set size:139110 disposed:false
781 silly fetch manifest browserslist@>= 4.21.0
782 silly packumentCache full:https://registry.npmjs.org/browserslist cache-hit
783 silly placeDep ROOT baseline-browser-mapping@2.10.24 OK for: browserslist@4.28.2 want: ^2.10.12
784 silly placeDep ROOT electron-to-chromium@1.5.345 OK for: browserslist@4.28.2 want: ^1.5.328
785 silly placeDep ROOT node-releases@2.0.38 OK for: browserslist@4.28.2 want: ^2.0.36
786 silly placeDep ROOT update-browserslist-db@1.2.3 OK for: browserslist@4.28.2 want: ^1.2.3
787 silly fetch manifest escalade@^3.2.0
788 silly packumentCache full:https://registry.npmjs.org/escalade cache-miss
789 http cache https://registry.npmjs.org/escalade 9ms (cache hit)
790 silly packumentCache full:https://registry.npmjs.org/escalade set size:33724 disposed:false
791 silly placeDep ROOT ms@2.1.3 OK for: debug@4.4.3 want: ^2.1.3
792 silly fetch manifest eslint@^6.0.0 || ^7.0.0 || >=8.0.0
793 silly packumentCache full:https://registry.npmjs.org/eslint cache-miss
794 http cache https://registry.npmjs.org/eslint 16ms (cache hit)
795 silly packumentCache full:https://registry.npmjs.org/eslint set size:1983515 disposed:false
796 silly fetch manifest jiti@*
797 silly packumentCache full:https://registry.npmjs.org/jiti cache-hit
798 silly placeDep ROOT @eslint-community/eslint-utils@4.9.1 OK for: eslint@8.57.1 want: ^4.2.0
799 silly placeDep ROOT @eslint-community/regexpp@4.12.2 OK for: eslint@8.57.1 want: ^4.6.1
800 silly placeDep ROOT @eslint/eslintrc@2.1.4 OK for: eslint@8.57.1 want: ^2.1.4
801 silly placeDep ROOT @eslint/js@8.57.1 OK for: eslint@8.57.1 want: 8.57.1
802 silly placeDep ROOT @humanwhocodes/config-array@0.13.0 OK for: eslint@8.57.1 want: ^0.13.0
803 silly placeDep ROOT @humanwhocodes/module-importer@1.0.1 OK for: eslint@8.57.1 want: ^1.0.1
804 silly placeDep ROOT @nodelib/fs.walk@1.2.8 OK for: eslint@8.57.1 want: ^1.2.8
805 silly placeDep ROOT @ungap/structured-clone@1.3.0 OK for: eslint@8.57.1 want: ^1.2.0
806 silly placeDep ROOT ajv@6.15.0 OK for: eslint@8.57.1 want: ^6.12.4
807 silly placeDep ROOT chalk@4.1.2 OK for: eslint@8.57.1 want: ^4.0.0
808 silly placeDep ROOT cross-spawn@7.0.6 OK for: eslint@8.57.1 want: ^7.0.2
809 silly placeDep ROOT doctrine@3.0.0 OK for: eslint@8.57.1 want: ^3.0.0
810 silly placeDep ROOT escape-string-regexp@4.0.0 OK for: eslint@8.57.1 want: ^4.0.0
811 silly placeDep ROOT eslint-scope@7.2.2 OK for: eslint@8.57.1 want: ^7.2.2
812 silly placeDep ROOT eslint-visitor-keys@3.4.3 OK for: eslint@8.57.1 want: ^3.4.3
813 silly placeDep ROOT espree@9.6.1 OK for: eslint@8.57.1 want: ^9.6.1
814 silly placeDep ROOT esquery@1.7.0 OK for: eslint@8.57.1 want: ^1.4.2
815 silly placeDep ROOT esutils@2.0.3 OK for: eslint@8.57.1 want: ^2.0.2
816 silly placeDep ROOT fast-deep-equal@3.1.3 OK for: eslint@8.57.1 want: ^3.1.3
817 silly placeDep ROOT file-entry-cache@6.0.1 OK for: eslint@8.57.1 want: ^6.0.1
818 silly placeDep ROOT find-up@5.0.0 OK for: eslint@8.57.1 want: ^5.0.0
819 silly placeDep ROOT glob-parent@6.0.2 OK for: eslint@8.57.1 want: ^6.0.2
820 silly placeDep ROOT globals@13.24.0 OK for: eslint@8.57.1 want: ^13.19.0
821 silly placeDep ROOT graphemer@1.4.0 OK for: eslint@8.57.1 want: ^1.4.0
822 silly placeDep ROOT ignore@5.3.2 OK for: eslint@8.57.1 want: ^5.2.0
823 silly placeDep ROOT imurmurhash@0.1.4 OK for: eslint@8.57.1 want: ^0.1.4
824 silly placeDep ROOT is-glob@4.0.3 OK for: eslint@8.57.1 want: ^4.0.0
825 silly placeDep ROOT is-path-inside@3.0.3 OK for: eslint@8.57.1 want: ^3.0.3
826 silly placeDep ROOT js-yaml@4.1.1 OK for: eslint@8.57.1 want: ^4.1.0
827 silly placeDep ROOT json-stable-stringify-without-jsonify@1.0.1 OK for: eslint@8.57.1 want: ^1.0.1
828 silly placeDep ROOT levn@0.4.1 OK for: eslint@8.57.1 want: ^0.4.1
829 silly placeDep ROOT lodash.merge@4.6.2 OK for: eslint@8.57.1 want: ^4.6.2
830 silly placeDep ROOT minimatch@3.1.5 OK for: eslint@8.57.1 want: ^3.1.2
831 silly placeDep ROOT natural-compare@1.4.0 OK for: eslint@8.57.1 want: ^1.4.0
832 silly placeDep ROOT optionator@0.9.4 OK for: eslint@8.57.1 want: ^0.9.3
833 silly placeDep ROOT strip-ansi@6.0.1 OK for: eslint@8.57.1 want: ^6.0.1
834 silly placeDep ROOT text-table@0.2.0 OK for: eslint@8.57.1 want: ^0.2.0
835 silly fetch manifest espree@^9.6.0
836 silly packumentCache full:https://registry.npmjs.org/espree cache-hit
837 silly fetch manifest import-fresh@^3.2.1
838 silly packumentCache full:https://registry.npmjs.org/import-fresh cache-miss
839 silly fetch manifest strip-json-comments@^3.1.1
840 silly packumentCache full:https://registry.npmjs.org/strip-json-comments cache-miss
841 silly fetch manifest minimatch@^3.0.5
842 silly packumentCache full:https://registry.npmjs.org/minimatch cache-hit
843 silly fetch manifest @humanwhocodes/object-schema@^2.0.3
844 silly packumentCache full:https://registry.npmjs.org/@humanwhocodes%2fobject-schema cache-miss
845 silly fetch manifest fastq@^1.6.0
846 silly packumentCache full:https://registry.npmjs.org/fastq cache-miss
847 silly fetch manifest @nodelib/fs.scandir@2.1.5
848 silly packumentCache full:https://registry.npmjs.org/@nodelib%2ffs.scandir cache-miss
849 silly fetch manifest uri-js@^4.2.2
850 silly packumentCache full:https://registry.npmjs.org/uri-js cache-miss
851 silly fetch manifest fast-deep-equal@^3.1.1
852 silly packumentCache full:https://registry.npmjs.org/fast-deep-equal cache-hit
853 silly fetch manifest json-schema-traverse@^0.4.1
854 silly packumentCache full:https://registry.npmjs.org/json-schema-traverse cache-miss
855 silly fetch manifest fast-json-stable-stringify@^2.0.0
856 silly packumentCache full:https://registry.npmjs.org/fast-json-stable-stringify cache-miss
857 silly fetch manifest ansi-styles@^4.1.0
858 silly packumentCache full:https://registry.npmjs.org/ansi-styles cache-miss
859 silly fetch manifest supports-color@^7.1.0
860 silly packumentCache full:https://registry.npmjs.org/supports-color cache-miss
861 silly fetch manifest which@^2.0.1
862 silly packumentCache full:https://registry.npmjs.org/which cache-miss
863 http cache https://registry.npmjs.org/json-schema-traverse 19ms (cache hit)
864 silly packumentCache full:https://registry.npmjs.org/json-schema-traverse set size:23537 disposed:false
865 silly fetch manifest path-key@^3.1.0
866 silly packumentCache full:https://registry.npmjs.org/path-key cache-miss
867 http cache https://registry.npmjs.org/import-fresh 23ms (cache hit)
868 silly packumentCache full:https://registry.npmjs.org/import-fresh set size:24604 disposed:false
869 silly fetch manifest shebang-command@^2.0.0
870 silly packumentCache full:https://registry.npmjs.org/shebang-command cache-miss
871 http cache https://registry.npmjs.org/@humanwhocodes%2fobject-schema 24ms (cache hit)
872 silly packumentCache full:https://registry.npmjs.org/@humanwhocodes%2fobject-schema set size:30629 disposed:false
873 silly fetch manifest esrecurse@^4.3.0
874 silly packumentCache full:https://registry.npmjs.org/esrecurse cache-miss
875 http cache https://registry.npmjs.org/@nodelib%2ffs.scandir 23ms (cache hit)
876 silly packumentCache full:https://registry.npmjs.org/@nodelib%2ffs.scandir set size:49256 disposed:false
877 silly fetch manifest estraverse@^5.2.0
878 silly packumentCache full:https://registry.npmjs.org/estraverse cache-hit
879 silly fetch manifest acorn@^8.9.0
880 silly packumentCache full:https://registry.npmjs.org/acorn cache-miss
881 http cache https://registry.npmjs.org/fast-json-stable-stringify 26ms (cache hit)
882 silly packumentCache full:https://registry.npmjs.org/fast-json-stable-stringify set size:11337 disposed:false
883 silly fetch manifest acorn-jsx@^5.3.2
884 silly packumentCache full:https://registry.npmjs.org/acorn-jsx cache-miss
885 http cache https://registry.npmjs.org/fastq 28ms (cache hit)
886 silly packumentCache full:https://registry.npmjs.org/fastq set size:78301 disposed:false
887 silly fetch manifest estraverse@^5.1.0
888 silly packumentCache full:https://registry.npmjs.org/estraverse cache-hit
889 silly fetch manifest flat-cache@^3.0.4
890 silly packumentCache full:https://registry.npmjs.org/flat-cache cache-miss
891 http cache https://registry.npmjs.org/uri-js 30ms (cache hit)
892 silly packumentCache full:https://registry.npmjs.org/uri-js set size:42559 disposed:false
893 silly fetch manifest locate-path@^6.0.0
894 silly packumentCache full:https://registry.npmjs.org/locate-path cache-miss
895 http cache https://registry.npmjs.org/which 30ms (cache hit)
896 silly packumentCache full:https://registry.npmjs.org/which set size:67698 disposed:false
897 silly fetch manifest path-exists@^4.0.0
898 silly packumentCache full:https://registry.npmjs.org/path-exists cache-miss
899 http cache https://registry.npmjs.org/supports-color 32ms (cache hit)
900 silly packumentCache full:https://registry.npmjs.org/supports-color set size:118680 disposed:false
901 silly fetch manifest type-fest@^0.20.2
902 silly packumentCache full:https://registry.npmjs.org/type-fest cache-miss
903 http cache https://registry.npmjs.org/strip-json-comments 38ms (cache hit)
904 silly packumentCache full:https://registry.npmjs.org/strip-json-comments set size:43569 disposed:false
905 silly fetch manifest is-extglob@^2.1.1
906 silly packumentCache full:https://registry.npmjs.org/is-extglob cache-miss
907 http cache https://registry.npmjs.org/ansi-styles 36ms (cache hit)
908 silly packumentCache full:https://registry.npmjs.org/ansi-styles set size:63233 disposed:false
909 silly fetch manifest argparse@^2.0.1
910 silly packumentCache full:https://registry.npmjs.org/argparse cache-miss
911 http cache https://registry.npmjs.org/esrecurse 30ms (cache hit)
912 silly packumentCache full:https://registry.npmjs.org/esrecurse set size:29005 disposed:false
913 silly fetch manifest prelude-ls@^1.2.1
914 silly packumentCache full:https://registry.npmjs.org/prelude-ls cache-miss
915 http cache https://registry.npmjs.org/path-key 34ms (cache hit)
916 silly packumentCache full:https://registry.npmjs.org/path-key set size:16975 disposed:false
917 silly fetch manifest type-check@~0.4.0
918 silly packumentCache full:https://registry.npmjs.org/type-check cache-miss
919 http cache https://registry.npmjs.org/acorn 31ms (cache hit)
920 silly packumentCache full:https://registry.npmjs.org/acorn set size:379626 disposed:false
921 silly fetch manifest brace-expansion@^1.1.7
922 silly packumentCache full:https://registry.npmjs.org/brace-expansion cache-miss
923 http cache https://registry.npmjs.org/acorn-jsx 35ms (cache hit)
924 silly packumentCache full:https://registry.npmjs.org/acorn-jsx set size:71068 disposed:false
925 silly fetch manifest prelude-ls@^1.2.1
926 silly packumentCache full:https://registry.npmjs.org/prelude-ls cache-miss
927 http cache https://registry.npmjs.org/shebang-command 42ms (cache hit)
928 silly packumentCache full:https://registry.npmjs.org/shebang-command set size:8525 disposed:false
929 silly fetch manifest deep-is@^0.1.3
930 silly packumentCache full:https://registry.npmjs.org/deep-is cache-miss
931 http cache https://registry.npmjs.org/locate-path 34ms (cache hit)
932 silly packumentCache full:https://registry.npmjs.org/locate-path set size:31329 disposed:false
933 silly fetch manifest word-wrap@^1.2.5
934 silly packumentCache full:https://registry.npmjs.org/word-wrap cache-miss
935 http cache https://registry.npmjs.org/flat-cache 38ms (cache hit)
936 silly packumentCache full:https://registry.npmjs.org/flat-cache set size:169582 disposed:false
937 silly fetch manifest type-check@^0.4.0
938 silly packumentCache full:https://registry.npmjs.org/type-check cache-miss
939 http cache https://registry.npmjs.org/path-exists 36ms (cache hit)
940 silly packumentCache full:https://registry.npmjs.org/path-exists set size:13704 disposed:false
941 silly fetch manifest fast-levenshtein@^2.0.6
942 silly packumentCache full:https://registry.npmjs.org/fast-levenshtein cache-miss
943 http cache https://registry.npmjs.org/is-extglob 34ms (cache hit)
944 silly packumentCache full:https://registry.npmjs.org/is-extglob set size:11766 disposed:false
945 silly fetch manifest ansi-regex@^5.0.1
946 silly packumentCache full:https://registry.npmjs.org/ansi-regex cache-miss
947 http cache https://registry.npmjs.org/type-fest 38ms (cache hit)
948 silly packumentCache full:https://registry.npmjs.org/type-fest set size:560517 disposed:false
949 http cache https://registry.npmjs.org/argparse 39ms (cache hit)
950 silly packumentCache full:https://registry.npmjs.org/argparse set size:49266 disposed:false
951 http cache https://registry.npmjs.org/type-check 35ms (cache hit)
952 silly packumentCache full:https://registry.npmjs.org/type-check set size:21221 disposed:false
953 http cache https://registry.npmjs.org/brace-expansion 31ms (cache hit)
954 silly packumentCache full:https://registry.npmjs.org/brace-expansion set size:65768 disposed:false
955 http cache https://registry.npmjs.org/prelude-ls 40ms (cache hit)
956 silly packumentCache full:https://registry.npmjs.org/prelude-ls set size:25777 disposed:false
957 http cache https://registry.npmjs.org/deep-is 33ms (cache hit)
958 silly packumentCache full:https://registry.npmjs.org/deep-is set size:10205 disposed:false
959 http cache https://registry.npmjs.org/type-check 30ms (cache hit)
960 silly packumentCache full:https://registry.npmjs.org/type-check set size:21221 disposed:false
961 silly packumentCache full:https://registry.npmjs.org/type-check dispose
962 http cache https://registry.npmjs.org/prelude-ls 36ms (cache hit)
963 silly packumentCache full:https://registry.npmjs.org/prelude-ls set size:25777 disposed:false
964 silly packumentCache full:https://registry.npmjs.org/prelude-ls dispose
965 http cache https://registry.npmjs.org/word-wrap 33ms (cache hit)
966 silly packumentCache full:https://registry.npmjs.org/word-wrap set size:37835 disposed:false
967 http cache https://registry.npmjs.org/ansi-regex 28ms (cache hit)
968 silly packumentCache full:https://registry.npmjs.org/ansi-regex set size:43572 disposed:false
969 http cache https://registry.npmjs.org/fast-levenshtein 31ms (cache hit)
970 silly packumentCache full:https://registry.npmjs.org/fast-levenshtein set size:39317 disposed:false
971 silly placeDep ROOT import-fresh@3.3.1 OK for: @eslint/eslintrc@2.1.4 want: ^3.2.1
972 silly placeDep ROOT strip-json-comments@3.1.1 OK for: @eslint/eslintrc@2.1.4 want: ^3.1.1
973 silly fetch manifest resolve-from@^4.0.0
974 silly packumentCache full:https://registry.npmjs.org/resolve-from cache-miss
975 silly fetch manifest parent-module@^1.0.0
976 silly packumentCache full:https://registry.npmjs.org/parent-module cache-miss
977 http cache https://registry.npmjs.org/parent-module 7ms (cache hit)
978 silly packumentCache full:https://registry.npmjs.org/parent-module set size:18255 disposed:false
979 http cache https://registry.npmjs.org/resolve-from 8ms (cache hit)
980 silly packumentCache full:https://registry.npmjs.org/resolve-from set size:12911 disposed:false
981 silly placeDep ROOT @humanwhocodes/object-schema@2.0.3 OK for: @humanwhocodes/config-array@0.13.0 want: ^2.0.3
982 silly placeDep ROOT @nodelib/fs.scandir@2.1.5 OK for: @nodelib/fs.walk@1.2.8 want: 2.1.5
983 silly placeDep ROOT fastq@1.20.1 OK for: @nodelib/fs.walk@1.2.8 want: ^1.6.0
984 silly fetch manifest run-parallel@^1.1.9
985 silly packumentCache full:https://registry.npmjs.org/run-parallel cache-miss
986 silly fetch manifest @nodelib/fs.stat@2.0.5
987 silly packumentCache full:https://registry.npmjs.org/@nodelib%2ffs.stat cache-miss
988 silly fetch manifest reusify@^1.0.4
989 silly packumentCache full:https://registry.npmjs.org/reusify cache-miss
990 http cache https://registry.npmjs.org/reusify 8ms (cache hit)
991 silly packumentCache full:https://registry.npmjs.org/reusify set size:14249 disposed:false
992 http cache https://registry.npmjs.org/@nodelib%2ffs.stat 10ms (cache hit)
993 silly packumentCache full:https://registry.npmjs.org/@nodelib%2ffs.stat set size:36993 disposed:false
994 http cache https://registry.npmjs.org/run-parallel 11ms (cache hit)
995 silly packumentCache full:https://registry.npmjs.org/run-parallel set size:35172 disposed:false
996 silly placeDep ROOT @nodelib/fs.stat@2.0.5 OK for: @nodelib/fs.scandir@2.1.5 want: 2.0.5
997 silly placeDep ROOT run-parallel@1.2.0 OK for: @nodelib/fs.scandir@2.1.5 want: ^1.1.9
998 silly fetch manifest queue-microtask@^1.2.2
999 silly packumentCache full:https://registry.npmjs.org/queue-microtask cache-miss
1000 http cache https://registry.npmjs.org/queue-microtask 6ms (cache hit)
1001 silly packumentCache full:https://registry.npmjs.org/queue-microtask set size:36088 disposed:false
1002 silly placeDep ROOT fast-json-stable-stringify@2.1.0 OK for: ajv@6.15.0 want: ^2.0.0
1003 silly placeDep ROOT json-schema-traverse@0.4.1 OK for: ajv@6.15.0 want: ^0.4.1
1004 silly placeDep ROOT uri-js@4.4.1 OK for: ajv@6.15.0 want: ^4.2.2
1005 silly fetch manifest punycode@^2.1.0
1006 silly packumentCache full:https://registry.npmjs.org/punycode cache-miss
1007 http cache https://registry.npmjs.org/punycode 7ms (cache hit)
1008 silly packumentCache full:https://registry.npmjs.org/punycode set size:61278 disposed:false
1009 silly placeDep ROOT ansi-styles@4.3.0 OK for: chalk@4.1.2 want: ^4.1.0
1010 silly placeDep ROOT supports-color@7.2.0 OK for: chalk@4.1.2 want: ^7.1.0
1011 silly fetch manifest color-convert@^2.0.1
1012 silly packumentCache full:https://registry.npmjs.org/color-convert cache-miss
1013 silly fetch manifest has-flag@^4.0.0
1014 silly packumentCache full:https://registry.npmjs.org/has-flag cache-miss
1015 http cache https://registry.npmjs.org/color-convert 7ms (cache hit)
1016 silly packumentCache full:https://registry.npmjs.org/color-convert set size:72663 disposed:false
1017 http cache https://registry.npmjs.org/has-flag 8ms (cache hit)
1018 silly packumentCache full:https://registry.npmjs.org/has-flag set size:15180 disposed:false
1019 silly placeDep ROOT color-convert@2.0.1 OK for: ansi-styles@4.3.0 want: ^2.0.1
1020 silly fetch manifest color-name@~1.1.4
1021 silly packumentCache full:https://registry.npmjs.org/color-name cache-miss
1022 http cache https://registry.npmjs.org/color-name 6ms (cache hit)
1023 silly packumentCache full:https://registry.npmjs.org/color-name set size:19467 disposed:false
1024 silly placeDep ROOT color-name@1.1.4 OK for: color-convert@2.0.1 want: ~1.1.4
1025 silly placeDep ROOT path-key@3.1.1 OK for: cross-spawn@7.0.6 want: ^3.1.0
1026 silly placeDep ROOT shebang-command@2.0.0 OK for: cross-spawn@7.0.6 want: ^2.0.0
1027 silly placeDep ROOT which@2.0.2 OK for: cross-spawn@7.0.6 want: ^2.0.1
1028 silly fetch manifest shebang-regex@^3.0.0
1029 silly packumentCache full:https://registry.npmjs.org/shebang-regex cache-miss
1030 silly fetch manifest isexe@^2.0.0
1031 silly packumentCache full:https://registry.npmjs.org/isexe cache-miss
1032 http cache https://registry.npmjs.org/shebang-regex 6ms (cache hit)
1033 silly packumentCache full:https://registry.npmjs.org/shebang-regex set size:9763 disposed:false
1034 http cache https://registry.npmjs.org/isexe 7ms (cache hit)
1035 silly packumentCache full:https://registry.npmjs.org/isexe set size:31756 disposed:false
1036 silly placeDep ROOT array-includes@3.1.9 OK for: eslint-plugin-react@7.37.5 want: ^3.1.8
1037 silly placeDep ROOT array.prototype.findlast@1.2.5 OK for: eslint-plugin-react@7.37.5 want: ^1.2.5
1038 silly placeDep ROOT array.prototype.flatmap@1.3.3 OK for: eslint-plugin-react@7.37.5 want: ^1.3.3
1039 silly placeDep ROOT array.prototype.tosorted@1.1.4 OK for: eslint-plugin-react@7.37.5 want: ^1.1.4
1040 silly placeDep node_modules/eslint-plugin-react doctrine@2.1.0 OK for: eslint-plugin-react@7.37.5 want: ^2.1.0
1041 silly placeDep ROOT es-iterator-helpers@1.3.2 OK for: eslint-plugin-react@7.37.5 want: ^1.2.1
1042 silly placeDep ROOT estraverse@5.3.0 OK for: eslint-plugin-react@7.37.5 want: ^5.3.0
1043 silly placeDep ROOT hasown@2.0.3 OK for: eslint-plugin-react@7.37.5 want: ^2.0.2
1044 silly placeDep ROOT jsx-ast-utils@3.3.5 OK for: eslint-plugin-react@7.37.5 want: ^2.4.1 || ^3.0.0
1045 silly placeDep ROOT object.entries@1.1.9 OK for: eslint-plugin-react@7.37.5 want: ^1.1.9
1046 silly placeDep ROOT object.fromentries@2.0.8 OK for: eslint-plugin-react@7.37.5 want: ^2.0.8
1047 silly placeDep ROOT object.values@1.2.1 OK for: eslint-plugin-react@7.37.5 want: ^1.2.1
1048 silly placeDep ROOT prop-types@15.8.1 OK for: eslint-plugin-react@7.37.5 want: ^15.8.1
1049 silly placeDep ROOT resolve@2.0.0-next.6 OK for: eslint-plugin-react@7.37.5 want: ^2.0.0-next.5
1050 silly placeDep ROOT string.prototype.matchall@4.0.12 OK for: eslint-plugin-react@7.37.5 want: ^4.0.12
1051 silly placeDep ROOT string.prototype.repeat@1.0.0 OK for: eslint-plugin-react@7.37.5 want: ^1.0.0
1052 silly fetch manifest call-bind@^1.0.8
1053 silly packumentCache full:https://registry.npmjs.org/call-bind cache-miss
1054 silly fetch manifest call-bound@^1.0.4
1055 silly packumentCache full:https://registry.npmjs.org/call-bound cache-miss
1056 silly fetch manifest define-properties@^1.2.1
1057 silly packumentCache full:https://registry.npmjs.org/define-properties cache-miss
1058 silly fetch manifest es-abstract@^1.24.0
1059 silly packumentCache full:https://registry.npmjs.org/es-abstract cache-miss
1060 silly fetch manifest es-object-atoms@^1.1.1
1061 silly packumentCache full:https://registry.npmjs.org/es-object-atoms cache-miss
1062 silly fetch manifest get-intrinsic@^1.3.0
1063 silly packumentCache full:https://registry.npmjs.org/get-intrinsic cache-miss
1064 silly fetch manifest is-string@^1.1.1
1065 silly packumentCache full:https://registry.npmjs.org/is-string cache-miss
1066 silly fetch manifest math-intrinsics@^1.1.0
1067 silly packumentCache full:https://registry.npmjs.org/math-intrinsics cache-miss
1068 silly fetch manifest call-bind@^1.0.7
1069 silly packumentCache full:https://registry.npmjs.org/call-bind cache-miss
1070 silly fetch manifest define-properties@^1.2.1
1071 silly packumentCache full:https://registry.npmjs.org/define-properties cache-miss
1072 silly fetch manifest es-abstract@^1.23.2
1073 silly packumentCache full:https://registry.npmjs.org/es-abstract cache-miss
1074 http cache https://registry.npmjs.org/call-bind 29ms (cache hit)
1075 silly packumentCache full:https://registry.npmjs.org/call-bind set size:32985 disposed:false
1076 silly fetch manifest es-errors@^1.3.0
1077 silly packumentCache full:https://registry.npmjs.org/es-errors cache-miss
1078 http cache https://registry.npmjs.org/define-properties 30ms (cache hit)
1079 silly packumentCache full:https://registry.npmjs.org/define-properties set size:31491 disposed:false
1080 silly fetch manifest es-object-atoms@^1.0.0
1081 silly packumentCache full:https://registry.npmjs.org/es-object-atoms cache-miss
1082 http cache https://registry.npmjs.org/es-object-atoms 31ms (cache hit)
1083 silly packumentCache full:https://registry.npmjs.org/es-object-atoms set size:15304 disposed:false
1084 silly fetch manifest es-shim-unscopables@^1.0.2
1085 silly packumentCache full:https://registry.npmjs.org/es-shim-unscopables cache-miss
1086 http cache https://registry.npmjs.org/is-string 33ms (cache hit)
1087 silly packumentCache full:https://registry.npmjs.org/is-string set size:29636 disposed:false
1088 silly fetch manifest es-abstract@^1.23.5
1089 silly packumentCache full:https://registry.npmjs.org/es-abstract cache-miss
1090 http cache https://registry.npmjs.org/es-abstract 34ms (cache hit)
1091 silly packumentCache full:https://registry.npmjs.org/es-abstract set size:384124 disposed:false
1092 silly fetch manifest es-shim-unscopables@^1.0.2
1093 silly packumentCache full:https://registry.npmjs.org/es-shim-unscopables cache-miss
1094 http cache https://registry.npmjs.org/call-bound 41ms (cache hit)
1095 silly packumentCache full:https://registry.npmjs.org/call-bound set size:15317 disposed:false
1096 silly fetch manifest call-bind@^1.0.7
1097 silly packumentCache full:https://registry.npmjs.org/call-bind cache-hit
1098 silly fetch manifest es-abstract@^1.23.3
1099 silly packumentCache full:https://registry.npmjs.org/es-abstract cache-hit
1100 silly fetch manifest es-errors@^1.3.0
1101 silly packumentCache full:https://registry.npmjs.org/es-errors cache-miss
1102 http cache https://registry.npmjs.org/es-abstract 41ms (cache hit)
1103 silly packumentCache full:https://registry.npmjs.org/es-abstract set size:384124 disposed:false
1104 silly packumentCache full:https://registry.npmjs.org/es-abstract dispose
1105 silly fetch manifest es-shim-unscopables@^1.0.2
1106 silly packumentCache full:https://registry.npmjs.org/es-shim-unscopables cache-miss
1107 http cache https://registry.npmjs.org/define-properties 44ms (cache hit)
1108 silly packumentCache full:https://registry.npmjs.org/define-properties set size:31491 disposed:false
1109 silly packumentCache full:https://registry.npmjs.org/define-properties dispose
1110 silly fetch manifest call-bind@^1.0.9
1111 silly packumentCache full:https://registry.npmjs.org/call-bind cache-hit
1112 silly fetch manifest es-abstract@^1.24.2
1113 silly packumentCache full:https://registry.npmjs.org/es-abstract cache-hit
1114 silly fetch manifest es-errors@^1.3.0
1115 silly packumentCache full:https://registry.npmjs.org/es-errors cache-miss
1116 http cache https://registry.npmjs.org/math-intrinsics 47ms (cache hit)
1117 silly packumentCache full:https://registry.npmjs.org/math-intrinsics set size:9265 disposed:false
1118 silly fetch manifest function-bind@^1.1.2
1119 silly packumentCache full:https://registry.npmjs.org/function-bind cache-miss
1120 http cache https://registry.npmjs.org/call-bind 51ms (cache hit)
1121 silly packumentCache full:https://registry.npmjs.org/call-bind set size:32985 disposed:false
1122 silly packumentCache full:https://registry.npmjs.org/call-bind dispose
1123 silly fetch manifest get-intrinsic@^1.3.0
1124 silly packumentCache full:https://registry.npmjs.org/get-intrinsic cache-miss
1125 http cache https://registry.npmjs.org/get-intrinsic 53ms (cache hit)
1126 silly packumentCache full:https://registry.npmjs.org/get-intrinsic set size:60985 disposed:false
1127 silly fetch manifest globalthis@^1.0.4
1128 silly packumentCache full:https://registry.npmjs.org/globalthis cache-miss
1129 http cache https://registry.npmjs.org/es-object-atoms 38ms (cache hit)
1130 silly packumentCache full:https://registry.npmjs.org/es-object-atoms set size:15304 disposed:false
1131 silly packumentCache full:https://registry.npmjs.org/es-object-atoms dispose
1132 silly fetch manifest gopd@^1.2.0
1133 silly packumentCache full:https://registry.npmjs.org/gopd cache-miss
1134 http cache https://registry.npmjs.org/es-shim-unscopables 38ms (cache hit)
1135 silly packumentCache full:https://registry.npmjs.org/es-shim-unscopables set size:13965 disposed:false
1136 silly fetch manifest has-property-descriptors@^1.0.2
1137 silly packumentCache full:https://registry.npmjs.org/has-property-descriptors cache-miss
1138 http cache https://registry.npmjs.org/es-shim-unscopables 35ms (cache hit)
1139 silly packumentCache full:https://registry.npmjs.org/es-shim-unscopables set size:13965 disposed:false
1140 silly packumentCache full:https://registry.npmjs.org/es-shim-unscopables dispose
1141 silly fetch manifest has-proto@^1.2.0
1142 silly packumentCache full:https://registry.npmjs.org/has-proto cache-miss
1143 http cache https://registry.npmjs.org/es-abstract 42ms (cache hit)
1144 silly packumentCache full:https://registry.npmjs.org/es-abstract set size:384124 disposed:true
1145 silly packumentCache full:https://registry.npmjs.org/es-abstract dispose
1146 silly fetch manifest has-symbols@^1.1.0
1147 silly packumentCache full:https://registry.npmjs.org/has-symbols cache-miss
1148 http cache https://registry.npmjs.org/es-errors 50ms (cache hit)
1149 silly packumentCache full:https://registry.npmjs.org/es-errors set size:16918 disposed:false
1150 silly fetch manifest internal-slot@^1.1.0
1151 silly packumentCache full:https://registry.npmjs.org/internal-slot cache-miss
1152 http cache https://registry.npmjs.org/es-shim-unscopables 36ms (cache hit)
1153 silly packumentCache full:https://registry.npmjs.org/es-shim-unscopables set size:13965 disposed:true
1154 silly packumentCache full:https://registry.npmjs.org/es-shim-unscopables dispose
1155 silly fetch manifest iterator.prototype@^1.1.5
1156 silly packumentCache full:https://registry.npmjs.org/iterator.prototype cache-miss
1157 http cache https://registry.npmjs.org/es-errors 42ms (cache hit)
1158 silly packumentCache full:https://registry.npmjs.org/es-errors set size:16918 disposed:false
1159 silly packumentCache full:https://registry.npmjs.org/es-errors dispose
1160 silly fetch manifest function-bind@^1.1.2
1161 silly packumentCache full:https://registry.npmjs.org/function-bind cache-miss
1162 http cache https://registry.npmjs.org/es-errors 38ms (cache hit)
1163 silly packumentCache full:https://registry.npmjs.org/es-errors set size:16918 disposed:true
1164 silly packumentCache full:https://registry.npmjs.org/es-errors dispose
1165 silly fetch manifest array.prototype.flat@^1.3.1
1166 silly packumentCache full:https://registry.npmjs.org/array.prototype.flat cache-miss
1167 http cache https://registry.npmjs.org/function-bind 38ms (cache hit)
1168 silly packumentCache full:https://registry.npmjs.org/function-bind set size:15733 disposed:false
1169 silly fetch manifest object.assign@^4.1.4
1170 silly packumentCache full:https://registry.npmjs.org/object.assign cache-miss
1171 http cache https://registry.npmjs.org/globalthis 32ms (cache hit)
1172 silly packumentCache full:https://registry.npmjs.org/globalthis set size:22522 disposed:false
1173 silly fetch manifest object.values@^1.1.6
1174 silly packumentCache full:https://registry.npmjs.org/object.values cache-hit
1175 silly fetch manifest call-bound@^1.0.3
1176 silly packumentCache full:https://registry.npmjs.org/call-bound cache-hit
1177 silly fetch manifest loose-envify@^1.4.0
1178 silly packumentCache full:https://registry.npmjs.org/loose-envify cache-hit
1179 silly fetch manifest object-assign@^4.1.1
1180 silly packumentCache full:https://registry.npmjs.org/object-assign cache-miss
1181 http cache https://registry.npmjs.org/get-intrinsic 38ms (cache hit)
1182 silly packumentCache full:https://registry.npmjs.org/get-intrinsic set size:60985 disposed:false
1183 silly packumentCache full:https://registry.npmjs.org/get-intrinsic dispose
1184 silly fetch manifest react-is@^16.13.1
1185 silly packumentCache full:https://registry.npmjs.org/react-is cache-miss
1186 http cache https://registry.npmjs.org/has-property-descriptors 33ms (cache hit)
1187 silly packumentCache full:https://registry.npmjs.org/has-property-descriptors set size:12452 disposed:false
1188 silly fetch manifest path-parse@^1.0.7
1189 silly packumentCache full:https://registry.npmjs.org/path-parse cache-miss
1190 http cache https://registry.npmjs.org/gopd 39ms (cache hit)
1191 silly packumentCache full:https://registry.npmjs.org/gopd set size:11458 disposed:false
1192 silly fetch manifest object-keys@^1.1.1
1193 silly packumentCache full:https://registry.npmjs.org/object-keys cache-miss
1194 http cache https://registry.npmjs.org/has-symbols 33ms (cache hit)
1195 silly packumentCache full:https://registry.npmjs.org/has-symbols set size:21550 disposed:false
1196 silly fetch manifest is-core-module@^2.16.1
1197 silly packumentCache full:https://registry.npmjs.org/is-core-module cache-miss
1198 http cache https://registry.npmjs.org/internal-slot 33ms (cache hit)
1199 silly packumentCache full:https://registry.npmjs.org/internal-slot set size:30267 disposed:false
1200 silly fetch manifest node-exports-info@^1.6.0
1201 silly packumentCache full:https://registry.npmjs.org/node-exports-info cache-miss
1202 http cache https://registry.npmjs.org/has-proto 41ms (cache hit)
1203 silly packumentCache full:https://registry.npmjs.org/has-proto set size:21527 disposed:false
1204 silly fetch manifest supports-preserve-symlinks-flag@^1.0.0
1205 silly packumentCache full:https://registry.npmjs.org/supports-preserve-symlinks-flag cache-miss
1206 http cache https://registry.npmjs.org/function-bind 35ms (cache hit)
1207 silly packumentCache full:https://registry.npmjs.org/function-bind set size:15733 disposed:false
1208 silly packumentCache full:https://registry.npmjs.org/function-bind dispose
1209 silly fetch manifest es-abstract@^1.23.6
1210 silly packumentCache full:https://registry.npmjs.org/es-abstract cache-hit
1211 silly fetch manifest get-intrinsic@^1.2.6
1212 silly packumentCache full:https://registry.npmjs.org/get-intrinsic cache-hit
1213 silly fetch manifest regexp.prototype.flags@^1.5.3
1214 silly packumentCache full:https://registry.npmjs.org/regexp.prototype.flags cache-miss
1215 http cache https://registry.npmjs.org/iterator.prototype 39ms (cache hit)
1216 silly packumentCache full:https://registry.npmjs.org/iterator.prototype set size:26870 disposed:false
1217 silly fetch manifest set-function-name@^2.0.2
1218 silly packumentCache full:https://registry.npmjs.org/set-function-name cache-miss
1219 http cache https://registry.npmjs.org/object.assign 39ms (cache hit)
1220 silly packumentCache full:https://registry.npmjs.org/object.assign set size:85907 disposed:false
1221 silly fetch manifest side-channel@^1.1.0
1222 silly packumentCache full:https://registry.npmjs.org/side-channel cache-miss
1223 http cache https://registry.npmjs.org/array.prototype.flat 43ms (cache hit)
1224 silly packumentCache full:https://registry.npmjs.org/array.prototype.flat set size:38327 disposed:false
1225 silly fetch manifest define-properties@^1.1.3
1226 silly packumentCache full:https://registry.npmjs.org/define-properties cache-hit
1227 silly fetch manifest es-abstract@^1.17.5
1228 silly packumentCache full:https://registry.npmjs.org/es-abstract cache-hit
1229 http cache https://registry.npmjs.org/react-is 49ms (cache hit)
1230 silly packumentCache full:https://registry.npmjs.org/react-is set size:5364656 disposed:false
1231 http cache https://registry.npmjs.org/object-assign 77ms (cache hit)
1232 silly packumentCache full:https://registry.npmjs.org/object-assign set size:28988 disposed:false
1233 http cache https://registry.npmjs.org/object-keys 68ms (cache hit)
1234 silly packumentCache full:https://registry.npmjs.org/object-keys set size:67744 disposed:false
1235 http cache https://registry.npmjs.org/path-parse 72ms (cache hit)
1236 silly packumentCache full:https://registry.npmjs.org/path-parse set size:14523 disposed:false
1237 http cache https://registry.npmjs.org/is-core-module 68ms (cache hit)
1238 silly packumentCache full:https://registry.npmjs.org/is-core-module set size:71788 disposed:false
1239 http cache https://registry.npmjs.org/node-exports-info 70ms (cache hit)
1240 silly packumentCache full:https://registry.npmjs.org/node-exports-info set size:58723 disposed:false
1241 http cache https://registry.npmjs.org/supports-preserve-symlinks-flag 68ms (cache hit)
1242 silly packumentCache full:https://registry.npmjs.org/supports-preserve-symlinks-flag set size:6802 disposed:false
1243 http cache https://registry.npmjs.org/set-function-name 64ms (cache hit)
1244 silly packumentCache full:https://registry.npmjs.org/set-function-name set size:13766 disposed:false
1245 http cache https://registry.npmjs.org/regexp.prototype.flags 68ms (cache hit)
1246 silly packumentCache full:https://registry.npmjs.org/regexp.prototype.flags set size:60621 disposed:false
1247 http cache https://registry.npmjs.org/side-channel 63ms (cache hit)
1248 silly packumentCache full:https://registry.npmjs.org/side-channel set size:24660 disposed:false
1249 silly placeDep ROOT call-bind@1.0.9 OK for: array-includes@3.1.9 want: ^1.0.8
1250 silly placeDep ROOT call-bound@1.0.4 OK for: array-includes@3.1.9 want: ^1.0.4
1251 silly placeDep ROOT define-properties@1.2.1 OK for: array-includes@3.1.9 want: ^1.2.1
1252 silly placeDep ROOT es-abstract@1.24.2 OK for: array-includes@3.1.9 want: ^1.24.0
1253 silly placeDep ROOT es-object-atoms@1.1.1 OK for: array-includes@3.1.9 want: ^1.1.1
1254 silly placeDep ROOT get-intrinsic@1.3.0 OK for: array-includes@3.1.9 want: ^1.3.0
1255 silly placeDep ROOT is-string@1.1.1 OK for: array-includes@3.1.9 want: ^1.1.1
1256 silly placeDep ROOT math-intrinsics@1.1.0 OK for: array-includes@3.1.9 want: ^1.1.0
1257 silly fetch manifest call-bind-apply-helpers@^1.0.2
1258 silly packumentCache full:https://registry.npmjs.org/call-bind-apply-helpers cache-miss
1259 silly fetch manifest es-define-property@^1.0.1
1260 silly packumentCache full:https://registry.npmjs.org/es-define-property cache-miss
1261 silly fetch manifest set-function-length@^1.2.2
1262 silly packumentCache full:https://registry.npmjs.org/set-function-length cache-miss
1263 silly fetch manifest call-bind-apply-helpers@^1.0.2
1264 silly packumentCache full:https://registry.npmjs.org/call-bind-apply-helpers cache-miss
1265 silly fetch manifest define-data-property@^1.0.1
1266 silly packumentCache full:https://registry.npmjs.org/define-data-property cache-miss
1267 silly fetch manifest has-property-descriptors@^1.0.0
1268 silly packumentCache full:https://registry.npmjs.org/has-property-descriptors cache-hit
1269 silly fetch manifest array-buffer-byte-length@^1.0.2
1270 silly packumentCache full:https://registry.npmjs.org/array-buffer-byte-length cache-miss
1271 silly fetch manifest arraybuffer.prototype.slice@^1.0.4
1272 silly packumentCache full:https://registry.npmjs.org/arraybuffer.prototype.slice cache-miss
1273 silly fetch manifest available-typed-arrays@^1.0.7
1274 silly packumentCache full:https://registry.npmjs.org/available-typed-arrays cache-miss
1275 silly fetch manifest data-view-buffer@^1.0.2
1276 silly packumentCache full:https://registry.npmjs.org/data-view-buffer cache-miss
1277 silly fetch manifest data-view-byte-length@^1.0.2
1278 silly packumentCache full:https://registry.npmjs.org/data-view-byte-length cache-miss
1279 silly fetch manifest data-view-byte-offset@^1.0.1
1280 silly packumentCache full:https://registry.npmjs.org/data-view-byte-offset cache-miss
1281 http cache https://registry.npmjs.org/array-buffer-byte-length 42ms (cache hit)
1282 silly packumentCache full:https://registry.npmjs.org/array-buffer-byte-length set size:13099 disposed:false
1283 silly fetch manifest es-define-property@^1.0.1
1284 silly packumentCache full:https://registry.npmjs.org/es-define-property cache-miss
1285 http cache https://registry.npmjs.org/set-function-length 44ms (cache hit)
1286 silly packumentCache full:https://registry.npmjs.org/set-function-length set size:24261 disposed:false
1287 silly fetch manifest es-to-primitive@^1.3.0
1288 silly packumentCache full:https://registry.npmjs.org/es-to-primitive cache-miss
1289 http cache https://registry.npmjs.org/es-define-property 47ms (cache hit)
1290 silly packumentCache full:https://registry.npmjs.org/es-define-property set size:8542 disposed:false
1291 silly fetch manifest function.prototype.name@^1.1.8
1292 silly packumentCache full:https://registry.npmjs.org/function.prototype.name cache-miss
1293 http cache https://registry.npmjs.org/call-bind-apply-helpers 48ms (cache hit)
1294 silly packumentCache full:https://registry.npmjs.org/call-bind-apply-helpers set size:12744 disposed:false
1295 silly fetch manifest get-proto@^1.0.1
1296 silly packumentCache full:https://registry.npmjs.org/get-proto cache-miss
1297 http cache https://registry.npmjs.org/call-bind-apply-helpers 50ms (cache hit)
1298 silly packumentCache full:https://registry.npmjs.org/call-bind-apply-helpers set size:12744 disposed:false
1299 silly packumentCache full:https://registry.npmjs.org/call-bind-apply-helpers dispose
1300 silly fetch manifest get-symbol-description@^1.1.0
1301 silly packumentCache full:https://registry.npmjs.org/get-symbol-description cache-miss
1302 http cache https://registry.npmjs.org/available-typed-arrays 49ms (cache hit)
1303 silly packumentCache full:https://registry.npmjs.org/available-typed-arrays set size:31390 disposed:false
1304 silly fetch manifest is-array-buffer@^3.0.5
1305 silly packumentCache full:https://registry.npmjs.org/is-array-buffer cache-miss
1306 http cache https://registry.npmjs.org/arraybuffer.prototype.slice 55ms (cache hit)
1307 silly packumentCache full:https://registry.npmjs.org/arraybuffer.prototype.slice set size:20917 disposed:false
1308 silly fetch manifest is-callable@^1.2.7
1309 silly packumentCache full:https://registry.npmjs.org/is-callable cache-miss
1310 http cache https://registry.npmjs.org/define-data-property 57ms (cache hit)
1311 silly packumentCache full:https://registry.npmjs.org/define-data-property set size:28048 disposed:false
1312 silly fetch manifest is-data-view@^1.0.2
1313 silly packumentCache full:https://registry.npmjs.org/is-data-view cache-miss
1314 http cache https://registry.npmjs.org/data-view-byte-length 55ms (cache hit)
1315 silly packumentCache full:https://registry.npmjs.org/data-view-byte-length set size:12269 disposed:false
1316 silly fetch manifest is-negative-zero@^2.0.3
1317 silly packumentCache full:https://registry.npmjs.org/is-negative-zero cache-miss
1318 http cache https://registry.npmjs.org/data-view-buffer 57ms (cache hit)
1319 silly packumentCache full:https://registry.npmjs.org/data-view-buffer set size:11789 disposed:false
1320 silly fetch manifest is-regex@^1.2.1
1321 silly packumentCache full:https://registry.npmjs.org/is-regex cache-miss
1322 http cache https://registry.npmjs.org/data-view-byte-offset 57ms (cache hit)
1323 silly packumentCache full:https://registry.npmjs.org/data-view-byte-offset set size:9200 disposed:false
1324 silly fetch manifest is-set@^2.0.3
1325 silly packumentCache full:https://registry.npmjs.org/is-set cache-miss
1326 http cache https://registry.npmjs.org/es-define-property 36ms (cache hit)
1327 silly packumentCache full:https://registry.npmjs.org/es-define-property set size:8542 disposed:false
1328 silly packumentCache full:https://registry.npmjs.org/es-define-property dispose
1329 silly fetch manifest is-shared-array-buffer@^1.0.4
1330 silly packumentCache full:https://registry.npmjs.org/is-shared-array-buffer cache-miss
1331 http cache https://registry.npmjs.org/es-to-primitive 36ms (cache hit)
1332 silly packumentCache full:https://registry.npmjs.org/es-to-primitive set size:22465 disposed:false
1333 silly fetch manifest is-typed-array@^1.1.15
1334 silly packumentCache full:https://registry.npmjs.org/is-typed-array cache-miss
1335 http cache https://registry.npmjs.org/get-proto 33ms (cache hit)
1336 silly packumentCache full:https://registry.npmjs.org/get-proto set size:8300 disposed:false
1337 silly fetch manifest is-weakref@^1.1.1
1338 silly packumentCache full:https://registry.npmjs.org/is-weakref cache-miss
1339 http cache https://registry.npmjs.org/get-symbol-description 34ms (cache hit)
1340 silly packumentCache full:https://registry.npmjs.org/get-symbol-description set size:15540 disposed:false
1341 silly fetch manifest object-inspect@^1.13.4
1342 silly packumentCache full:https://registry.npmjs.org/object-inspect cache-miss
1343 http cache https://registry.npmjs.org/function.prototype.name 40ms (cache hit)
1344 silly packumentCache full:https://registry.npmjs.org/function.prototype.name set size:44756 disposed:false
1345 silly fetch manifest object.assign@^4.1.7
1346 silly packumentCache full:https://registry.npmjs.org/object.assign cache-hit
1347 silly fetch manifest own-keys@^1.0.1
1348 silly packumentCache full:https://registry.npmjs.org/own-keys cache-miss
1349 http cache https://registry.npmjs.org/is-callable 34ms (cache hit)
1350 silly packumentCache full:https://registry.npmjs.org/is-callable set size:66606 disposed:false
1351 silly fetch manifest regexp.prototype.flags@^1.5.4
1352 silly packumentCache full:https://registry.npmjs.org/regexp.prototype.flags cache-hit
1353 silly fetch manifest safe-array-concat@^1.1.3
1354 silly packumentCache full:https://registry.npmjs.org/safe-array-concat cache-miss
1355 http cache https://registry.npmjs.org/is-array-buffer 39ms (cache hit)
1356 silly packumentCache full:https://registry.npmjs.org/is-array-buffer set size:33562 disposed:false
1357 silly fetch manifest safe-push-apply@^1.0.0
1358 silly packumentCache full:https://registry.npmjs.org/safe-push-apply cache-miss
1359 http cache https://registry.npmjs.org/is-data-view 40ms (cache hit)
1360 silly packumentCache full:https://registry.npmjs.org/is-data-view set size:13756 disposed:false
1361 silly fetch manifest safe-regex-test@^1.1.0
1362 silly packumentCache full:https://registry.npmjs.org/safe-regex-test cache-miss
1363 http cache https://registry.npmjs.org/is-negative-zero 41ms (cache hit)
1364 silly packumentCache full:https://registry.npmjs.org/is-negative-zero set size:22152 disposed:false
1365 silly fetch manifest set-proto@^1.0.0
1366 silly packumentCache full:https://registry.npmjs.org/set-proto cache-miss
1367 http cache https://registry.npmjs.org/is-regex 41ms (cache hit)
1368 silly packumentCache full:https://registry.npmjs.org/is-regex set size:42924 disposed:false
1369 silly fetch manifest stop-iteration-iterator@^1.1.0
1370 silly packumentCache full:https://registry.npmjs.org/stop-iteration-iterator cache-miss
1371 http cache https://registry.npmjs.org/is-set 43ms (cache hit)
1372 silly packumentCache full:https://registry.npmjs.org/is-set set size:16614 disposed:false
1373 silly fetch manifest string.prototype.trim@^1.2.10
1374 silly packumentCache full:https://registry.npmjs.org/string.prototype.trim cache-miss
1375 http cache https://registry.npmjs.org/is-typed-array 41ms (cache hit)
1376 silly packumentCache full:https://registry.npmjs.org/is-typed-array set size:79965 disposed:false
1377 silly fetch manifest string.prototype.trimend@^1.0.9
1378 silly packumentCache full:https://registry.npmjs.org/string.prototype.trimend cache-miss
1379 http cache https://registry.npmjs.org/is-shared-array-buffer 45ms (cache hit)
1380 silly packumentCache full:https://registry.npmjs.org/is-shared-array-buffer set size:19880 disposed:false
1381 silly fetch manifest string.prototype.trimstart@^1.0.8
1382 silly packumentCache full:https://registry.npmjs.org/string.prototype.trimstart cache-miss
1383 http cache https://registry.npmjs.org/is-weakref 42ms (cache hit)
1384 silly packumentCache full:https://registry.npmjs.org/is-weakref set size:18473 disposed:false
1385 silly fetch manifest typed-array-buffer@^1.0.3
1386 silly packumentCache full:https://registry.npmjs.org/typed-array-buffer cache-miss
1387 http cache https://registry.npmjs.org/object-inspect 41ms (cache hit)
1388 silly packumentCache full:https://registry.npmjs.org/object-inspect set size:101912 disposed:false
1389 silly fetch manifest typed-array-byte-length@^1.0.3
1390 silly packumentCache full:https://registry.npmjs.org/typed-array-byte-length cache-miss
1391 http cache https://registry.npmjs.org/safe-array-concat 37ms (cache hit)
1392 silly packumentCache full:https://registry.npmjs.org/safe-array-concat set size:25516 disposed:false
1393 silly fetch manifest typed-array-byte-offset@^1.0.4
1394 silly packumentCache full:https://registry.npmjs.org/typed-array-byte-offset cache-miss
1395 http cache https://registry.npmjs.org/own-keys 44ms (cache hit)
1396 silly packumentCache full:https://registry.npmjs.org/own-keys set size:8735 disposed:false
1397 silly fetch manifest typed-array-length@^1.0.7
1398 silly packumentCache full:https://registry.npmjs.org/typed-array-length cache-miss
1399 http cache https://registry.npmjs.org/safe-push-apply 41ms (cache hit)
1400 silly packumentCache full:https://registry.npmjs.org/safe-push-apply set size:5759 disposed:false
1401 silly fetch manifest unbox-primitive@^1.1.0
1402 silly packumentCache full:https://registry.npmjs.org/unbox-primitive cache-miss
1403 http cache https://registry.npmjs.org/safe-regex-test 39ms (cache hit)
1404 silly packumentCache full:https://registry.npmjs.org/safe-regex-test set size:17412 disposed:false
1405 silly fetch manifest which-typed-array@^1.1.19
1406 silly packumentCache full:https://registry.npmjs.org/which-typed-array cache-miss
1407 http cache https://registry.npmjs.org/set-proto 38ms (cache hit)
1408 silly packumentCache full:https://registry.npmjs.org/set-proto set size:5334 disposed:false
1409 silly fetch manifest has-tostringtag@^1.0.2
1410 silly packumentCache full:https://registry.npmjs.org/has-tostringtag cache-miss
1411 http cache https://registry.npmjs.org/string.prototype.trim 36ms (cache hit)
1412 silly packumentCache full:https://registry.npmjs.org/string.prototype.trim set size:54116 disposed:false
1413 http cache https://registry.npmjs.org/stop-iteration-iterator 38ms (cache hit)
1414 silly packumentCache full:https://registry.npmjs.org/stop-iteration-iterator set size:9160 disposed:false
1415 http cache https://registry.npmjs.org/string.prototype.trimend 30ms (cache hit)
1416 silly packumentCache full:https://registry.npmjs.org/string.prototype.trimend set size:41090 disposed:false
1417 http cache https://registry.npmjs.org/string.prototype.trimstart 32ms (cache hit)
1418 silly packumentCache full:https://registry.npmjs.org/string.prototype.trimstart set size:38291 disposed:false
1419 http cache https://registry.npmjs.org/typed-array-byte-length 30ms (cache hit)
1420 silly packumentCache full:https://registry.npmjs.org/typed-array-byte-length set size:18382 disposed:false
1421 http cache https://registry.npmjs.org/typed-array-buffer 33ms (cache hit)
1422 silly packumentCache full:https://registry.npmjs.org/typed-array-buffer set size:14045 disposed:false
1423 http cache https://registry.npmjs.org/typed-array-byte-offset 31ms (cache hit)
1424 silly packumentCache full:https://registry.npmjs.org/typed-array-byte-offset set size:21714 disposed:false
1425 http cache https://registry.npmjs.org/typed-array-length 29ms (cache hit)
1426 silly packumentCache full:https://registry.npmjs.org/typed-array-length set size:32113 disposed:false
1427 http cache https://registry.npmjs.org/unbox-primitive 27ms (cache hit)
1428 silly packumentCache full:https://registry.npmjs.org/unbox-primitive set size:15669 disposed:false
1429 http cache https://registry.npmjs.org/which-typed-array 26ms (cache hit)
1430 silly packumentCache full:https://registry.npmjs.org/which-typed-array set size:93605 disposed:false
1431 http cache https://registry.npmjs.org/has-tostringtag 26ms (cache hit)
1432 silly packumentCache full:https://registry.npmjs.org/has-tostringtag set size:13945 disposed:false
1433 silly placeDep ROOT es-errors@1.3.0 OK for: array.prototype.findlast@1.2.5 want: ^1.3.0
1434 silly placeDep ROOT es-shim-unscopables@1.1.0 OK for: array.prototype.findlast@1.2.5 want: ^1.0.2
1435 silly placeDep ROOT call-bind-apply-helpers@1.0.2 OK for: call-bind@1.0.9 want: ^1.0.2
1436 silly placeDep ROOT es-define-property@1.0.1 OK for: call-bind@1.0.9 want: ^1.0.1
1437 silly placeDep ROOT set-function-length@1.2.2 OK for: call-bind@1.0.9 want: ^1.2.2
1438 silly fetch manifest define-data-property@^1.1.4
1439 silly packumentCache full:https://registry.npmjs.org/define-data-property cache-hit
1440 silly fetch manifest gopd@^1.0.1
1441 silly packumentCache full:https://registry.npmjs.org/gopd cache-hit
1442 silly placeDep ROOT function-bind@1.1.2 OK for: call-bind-apply-helpers@1.0.2 want: ^1.1.2
1443 silly placeDep ROOT define-data-property@1.1.4 OK for: define-properties@1.2.1 want: ^1.0.1
1444 silly placeDep ROOT has-property-descriptors@1.0.2 OK for: define-properties@1.2.1 want: ^1.0.0
1445 silly placeDep ROOT object-keys@1.1.1 OK for: define-properties@1.2.1 want: ^1.1.1
1446 silly placeDep ROOT gopd@1.2.0 OK for: define-data-property@1.1.4 want: ^1.0.1
1447 silly placeDep ROOT array-buffer-byte-length@1.0.2 OK for: es-abstract@1.24.2 want: ^1.0.2
1448 silly placeDep ROOT arraybuffer.prototype.slice@1.0.4 OK for: es-abstract@1.24.2 want: ^1.0.4
1449 silly placeDep ROOT available-typed-arrays@1.0.7 OK for: es-abstract@1.24.2 want: ^1.0.7
1450 silly placeDep ROOT data-view-buffer@1.0.2 OK for: es-abstract@1.24.2 want: ^1.0.2
1451 silly placeDep ROOT data-view-byte-length@1.0.2 OK for: es-abstract@1.24.2 want: ^1.0.2
1452 silly placeDep ROOT data-view-byte-offset@1.0.1 OK for: es-abstract@1.24.2 want: ^1.0.1
1453 silly placeDep ROOT es-set-tostringtag@2.1.0 OK for: es-abstract@1.24.2 want: ^2.1.0
1454 silly placeDep ROOT es-to-primitive@1.3.0 OK for: es-abstract@1.24.2 want: ^1.3.0
1455 silly placeDep ROOT function.prototype.name@1.1.8 OK for: es-abstract@1.24.2 want: ^1.1.8
1456 silly placeDep ROOT get-proto@1.0.1 OK for: es-abstract@1.24.2 want: ^1.0.1
1457 silly placeDep ROOT get-symbol-description@1.1.0 OK for: es-abstract@1.24.2 want: ^1.1.0
1458 silly placeDep ROOT globalthis@1.0.4 OK for: es-abstract@1.24.2 want: ^1.0.4
1459 silly placeDep ROOT has-proto@1.2.0 OK for: es-abstract@1.24.2 want: ^1.2.0
1460 silly placeDep ROOT has-symbols@1.1.0 OK for: es-abstract@1.24.2 want: ^1.1.0
1461 silly placeDep ROOT internal-slot@1.1.0 OK for: es-abstract@1.24.2 want: ^1.1.0
1462 silly placeDep ROOT is-array-buffer@3.0.5 OK for: es-abstract@1.24.2 want: ^3.0.5
1463 silly placeDep ROOT is-callable@1.2.7 OK for: es-abstract@1.24.2 want: ^1.2.7
1464 silly placeDep ROOT is-data-view@1.0.2 OK for: es-abstract@1.24.2 want: ^1.0.2
1465 silly placeDep ROOT is-negative-zero@2.0.3 OK for: es-abstract@1.24.2 want: ^2.0.3
1466 silly placeDep ROOT is-regex@1.2.1 OK for: es-abstract@1.24.2 want: ^1.2.1
1467 silly placeDep ROOT is-set@2.0.3 OK for: es-abstract@1.24.2 want: ^2.0.3
1468 silly placeDep ROOT is-shared-array-buffer@1.0.4 OK for: es-abstract@1.24.2 want: ^1.0.4
1469 silly placeDep ROOT is-typed-array@1.1.15 OK for: es-abstract@1.24.2 want: ^1.1.15
1470 silly placeDep ROOT is-weakref@1.1.1 OK for: es-abstract@1.24.2 want: ^1.1.1
1471 silly placeDep ROOT object-inspect@1.13.4 OK for: es-abstract@1.24.2 want: ^1.13.4
1472 silly placeDep ROOT object.assign@4.1.7 OK for: es-abstract@1.24.2 want: ^4.1.7
1473 silly placeDep ROOT own-keys@1.0.1 OK for: es-abstract@1.24.2 want: ^1.0.1
1474 silly placeDep ROOT regexp.prototype.flags@1.5.4 OK for: es-abstract@1.24.2 want: ^1.5.4
1475 silly placeDep ROOT safe-array-concat@1.1.4 OK for: es-abstract@1.24.2 want: ^1.1.3
1476 silly placeDep ROOT safe-push-apply@1.0.0 OK for: es-abstract@1.24.2 want: ^1.0.0
1477 silly placeDep ROOT safe-regex-test@1.1.0 OK for: es-abstract@1.24.2 want: ^1.1.0
1478 silly placeDep ROOT set-proto@1.0.0 OK for: es-abstract@1.24.2 want: ^1.0.0
1479 silly placeDep ROOT stop-iteration-iterator@1.1.0 OK for: es-abstract@1.24.2 want: ^1.1.0
1480 silly placeDep ROOT string.prototype.trim@1.2.10 OK for: es-abstract@1.24.2 want: ^1.2.10
1481 silly placeDep ROOT string.prototype.trimend@1.0.9 OK for: es-abstract@1.24.2 want: ^1.0.9
1482 silly placeDep ROOT string.prototype.trimstart@1.0.8 OK for: es-abstract@1.24.2 want: ^1.0.8
1483 silly placeDep ROOT typed-array-buffer@1.0.3 OK for: es-abstract@1.24.2 want: ^1.0.3
1484 silly placeDep ROOT typed-array-byte-length@1.0.3 OK for: es-abstract@1.24.2 want: ^1.0.3
1485 silly placeDep ROOT typed-array-byte-offset@1.0.4 OK for: es-abstract@1.24.2 want: ^1.0.4
1486 silly placeDep ROOT typed-array-length@1.0.7 OK for: es-abstract@1.24.2 want: ^1.0.7
1487 silly placeDep ROOT unbox-primitive@1.1.0 OK for: es-abstract@1.24.2 want: ^1.1.0
1488 silly placeDep ROOT which-typed-array@1.1.20 OK for: es-abstract@1.24.2 want: ^1.1.19
1489 silly fetch manifest is-array-buffer@^3.0.4
1490 silly packumentCache full:https://registry.npmjs.org/is-array-buffer cache-hit
1491 silly fetch manifest possible-typed-array-names@^1.0.0
1492 silly packumentCache full:https://registry.npmjs.org/possible-typed-array-names cache-miss
1493 silly fetch manifest is-data-view@^1.0.1
1494 silly packumentCache full:https://registry.npmjs.org/is-data-view cache-hit
1495 silly fetch manifest is-date-object@^1.0.5
1496 silly packumentCache full:https://registry.npmjs.org/is-date-object cache-miss
1497 silly fetch manifest is-symbol@^1.0.4
1498 silly packumentCache full:https://registry.npmjs.org/is-symbol cache-miss
1499 silly fetch manifest functions-have-names@^1.2.3
1500 silly packumentCache full:https://registry.npmjs.org/functions-have-names cache-miss
1501 silly fetch manifest dunder-proto@^1.0.1
1502 silly packumentCache full:https://registry.npmjs.org/dunder-proto cache-miss
1503 silly fetch manifest dunder-proto@^1.0.0
1504 silly packumentCache full:https://registry.npmjs.org/dunder-proto cache-miss
1505 silly fetch manifest is-typed-array@^1.1.13
1506 silly packumentCache full:https://registry.npmjs.org/is-typed-array cache-hit
1507 silly fetch manifest which-typed-array@^1.1.16
1508 silly packumentCache full:https://registry.npmjs.org/which-typed-array cache-hit
1509 silly fetch manifest isarray@^2.0.5
1510 silly packumentCache full:https://registry.npmjs.org/isarray cache-miss
1511 silly fetch manifest isarray@^2.0.5
1512 silly packumentCache full:https://registry.npmjs.org/isarray cache-miss
1513 silly fetch manifest dunder-proto@^1.0.1
1514 silly packumentCache full:https://registry.npmjs.org/dunder-proto cache-miss
1515 silly fetch manifest for-each@^0.3.3
1516 silly packumentCache full:https://registry.npmjs.org/for-each cache-miss
1517 silly fetch manifest for-each@^0.3.3
1518 silly packumentCache full:https://registry.npmjs.org/for-each cache-miss
1519 http cache https://registry.npmjs.org/functions-have-names 47ms (cache hit)
1520 silly packumentCache full:https://registry.npmjs.org/functions-have-names set size:24196 disposed:false
1521 silly fetch manifest reflect.getprototypeof@^1.0.9
1522 silly packumentCache full:https://registry.npmjs.org/reflect.getprototypeof cache-miss
1523 http cache https://registry.npmjs.org/is-symbol 48ms (cache hit)
1524 silly packumentCache full:https://registry.npmjs.org/is-symbol set size:22675 disposed:false
1525 silly fetch manifest for-each@^0.3.3
1526 silly packumentCache full:https://registry.npmjs.org/for-each cache-miss
1527 http cache https://registry.npmjs.org/isarray 39ms (cache hit)
1528 silly packumentCache full:https://registry.npmjs.org/isarray set size:17392 disposed:false
1529 silly fetch manifest possible-typed-array-names@^1.0.0
1530 silly packumentCache full:https://registry.npmjs.org/possible-typed-array-names cache-miss
1531 http cache https://registry.npmjs.org/possible-typed-array-names 50ms (cache hit)
1532 silly packumentCache full:https://registry.npmjs.org/possible-typed-array-names set size:9167 disposed:false
1533 silly fetch manifest reflect.getprototypeof@^1.0.6
1534 silly packumentCache full:https://registry.npmjs.org/reflect.getprototypeof cache-miss
1535 http cache https://registry.npmjs.org/dunder-proto 41ms (cache hit)
1536 silly packumentCache full:https://registry.npmjs.org/dunder-proto set size:8256 disposed:false
1537 silly fetch manifest has-bigints@^1.0.2
1538 silly packumentCache full:https://registry.npmjs.org/has-bigints cache-miss
1539 http cache https://registry.npmjs.org/is-date-object 51ms (cache hit)
1540 silly packumentCache full:https://registry.npmjs.org/is-date-object set size:25050 disposed:false
1541 silly fetch manifest which-boxed-primitive@^1.1.1
1542 silly packumentCache full:https://registry.npmjs.org/which-boxed-primitive cache-miss
1543 http cache https://registry.npmjs.org/isarray 43ms (cache hit)
1544 silly packumentCache full:https://registry.npmjs.org/isarray set size:17392 disposed:false
1545 silly packumentCache full:https://registry.npmjs.org/isarray dispose
1546 silly fetch manifest for-each@^0.3.5
1547 silly packumentCache full:https://registry.npmjs.org/for-each cache-miss
1548 http cache https://registry.npmjs.org/dunder-proto 52ms (cache hit)
1549 silly packumentCache full:https://registry.npmjs.org/dunder-proto set size:8256 disposed:false
1550 silly packumentCache full:https://registry.npmjs.org/dunder-proto dispose
1551 http cache https://registry.npmjs.org/for-each 43ms (cache hit)
1552 silly packumentCache full:https://registry.npmjs.org/for-each set size:14327 disposed:false
1553 http cache https://registry.npmjs.org/for-each 46ms (cache hit)
1554 silly packumentCache full:https://registry.npmjs.org/for-each set size:14327 disposed:false
1555 silly packumentCache full:https://registry.npmjs.org/for-each dispose
1556 http cache https://registry.npmjs.org/dunder-proto 51ms (cache hit)
1557 silly packumentCache full:https://registry.npmjs.org/dunder-proto set size:8256 disposed:true
1558 silly packumentCache full:https://registry.npmjs.org/dunder-proto dispose
1559 http cache https://registry.npmjs.org/reflect.getprototypeof 17ms (cache hit)
1560 silly packumentCache full:https://registry.npmjs.org/reflect.getprototypeof set size:44083 disposed:false
1561 http cache https://registry.npmjs.org/possible-typed-array-names 20ms (cache hit)
1562 silly packumentCache full:https://registry.npmjs.org/possible-typed-array-names set size:9167 disposed:false
1563 silly packumentCache full:https://registry.npmjs.org/possible-typed-array-names dispose
1564 http cache https://registry.npmjs.org/for-each 21ms (cache hit)
1565 silly packumentCache full:https://registry.npmjs.org/for-each set size:14327 disposed:true
1566 silly packumentCache full:https://registry.npmjs.org/for-each dispose
1567 http cache https://registry.npmjs.org/reflect.getprototypeof 23ms (cache hit)
1568 silly packumentCache full:https://registry.npmjs.org/reflect.getprototypeof set size:44083 disposed:false
1569 silly packumentCache full:https://registry.npmjs.org/reflect.getprototypeof dispose
1570 http cache https://registry.npmjs.org/which-boxed-primitive 19ms (cache hit)
1571 silly packumentCache full:https://registry.npmjs.org/which-boxed-primitive set size:19407 disposed:false
1572 http cache https://registry.npmjs.org/for-each 19ms (cache hit)
1573 silly packumentCache full:https://registry.npmjs.org/for-each set size:14327 disposed:true
1574 silly packumentCache full:https://registry.npmjs.org/for-each dispose
1575 http cache https://registry.npmjs.org/has-bigints 21ms (cache hit)
1576 silly packumentCache full:https://registry.npmjs.org/has-bigints set size:14176 disposed:false
1577 silly placeDep ROOT possible-typed-array-names@1.1.0 OK for: available-typed-arrays@1.0.7 want: ^1.0.0
1578 silly placeDep ROOT iterator.prototype@1.1.5 OK for: es-iterator-helpers@1.3.2 want: ^1.1.5
1579 silly placeDep ROOT has-tostringtag@1.0.2 OK for: es-set-tostringtag@2.1.0 want: ^1.0.2
1580 silly placeDep ROOT is-date-object@1.1.0 OK for: es-to-primitive@1.3.0 want: ^1.0.5
1581 silly placeDep ROOT is-symbol@1.1.1 OK for: es-to-primitive@1.3.0 want: ^1.0.4
1582 silly placeDep ROOT esrecurse@4.3.0 OK for: eslint-scope@7.2.2 want: ^4.3.0
1583 silly placeDep ROOT acorn@8.16.0 OK for: espree@9.6.1 want: ^8.9.0
1584 silly placeDep ROOT acorn-jsx@5.3.2 OK for: espree@9.6.1 want: ^5.3.2
1585 silly placeDep ROOT reusify@1.1.0 OK for: fastq@1.20.1 want: ^1.0.4
1586 silly placeDep ROOT flat-cache@3.2.0 OK for: file-entry-cache@6.0.1 want: ^3.0.4
1587 silly fetch manifest keyv@^4.5.3
1588 silly packumentCache full:https://registry.npmjs.org/keyv cache-miss
1589 silly fetch manifest rimraf@^3.0.2
1590 silly packumentCache full:https://registry.npmjs.org/rimraf cache-miss
1591 silly fetch manifest flatted@^3.2.9
1592 silly packumentCache full:https://registry.npmjs.org/flatted cache-miss
1593 http cache https://registry.npmjs.org/rimraf 9ms (cache hit)
1594 silly packumentCache full:https://registry.npmjs.org/rimraf set size:212626 disposed:false
1595 http cache https://registry.npmjs.org/keyv 14ms (cache hit)
1596 silly packumentCache full:https://registry.npmjs.org/keyv set size:215840 disposed:false
1597 http cache https://registry.npmjs.org/flatted 15ms (cache hit)
1598 silly packumentCache full:https://registry.npmjs.org/flatted set size:137347 disposed:false
1599 silly placeDep ROOT locate-path@6.0.0 OK for: find-up@5.0.0 want: ^6.0.0
1600 silly placeDep ROOT path-exists@4.0.0 OK for: find-up@5.0.0 want: ^4.0.0
1601 silly fetch manifest p-locate@^5.0.0
1602 silly packumentCache full:https://registry.npmjs.org/p-locate cache-miss
1603 http cache https://registry.npmjs.org/p-locate 9ms (cache hit)
1604 silly packumentCache full:https://registry.npmjs.org/p-locate set size:22488 disposed:false
1605 silly placeDep ROOT flatted@3.4.2 OK for: flat-cache@3.2.0 want: ^3.2.9
1606 silly placeDep ROOT keyv@4.5.4 OK for: flat-cache@3.2.0 want: ^4.5.3
1607 silly placeDep ROOT rimraf@3.0.2 OK for: flat-cache@3.2.0 want: ^3.0.2
1608 silly fetch manifest json-buffer@3.0.1
1609 silly packumentCache full:https://registry.npmjs.org/json-buffer cache-miss
1610 silly fetch manifest glob@^7.1.3
1611 silly packumentCache full:https://registry.npmjs.org/glob cache-miss
1612 http cache https://registry.npmjs.org/json-buffer 9ms (cache hit)
1613 silly packumentCache full:https://registry.npmjs.org/json-buffer set size:23474 disposed:false
1614 http cache https://registry.npmjs.org/glob 10ms (cache hit)
1615 silly packumentCache full:https://registry.npmjs.org/glob set size:469465 disposed:false
1616 silly placeDep ROOT asynckit@0.4.0 OK for: form-data@4.0.5 want: ^0.4.0
1617 silly placeDep ROOT combined-stream@1.0.8 OK for: form-data@4.0.5 want: ^1.0.8
1618 silly placeDep ROOT mime-types@2.1.35 OK for: form-data@4.0.5 want: ^2.1.12
1619 silly fetch manifest delayed-stream@~1.0.0
1620 silly packumentCache full:https://registry.npmjs.org/delayed-stream cache-miss
1621 silly fetch manifest mime-db@1.52.0
1622 silly packumentCache full:https://registry.npmjs.org/mime-db cache-miss
1623 http cache https://registry.npmjs.org/delayed-stream 9ms (cache hit)
1624 silly packumentCache full:https://registry.npmjs.org/delayed-stream set size:15820 disposed:false
1625 http cache https://registry.npmjs.org/mime-db 11ms (cache hit)
1626 silly packumentCache full:https://registry.npmjs.org/mime-db set size:164953 disposed:false
1627 silly placeDep ROOT delayed-stream@1.0.0 OK for: combined-stream@1.0.8 want: ~1.0.0
1628 silly placeDep ROOT functions-have-names@1.2.3 OK for: function.prototype.name@1.1.8 want: ^1.2.3
1629 silly placeDep ROOT dunder-proto@1.0.1 OK for: get-proto@1.0.1 want: ^1.0.1
1630 silly placeDep ROOT type-fest@0.20.2 OK for: globals@13.24.0 want: ^0.20.2
1631 silly placeDep ROOT parent-module@1.0.1 OK for: import-fresh@3.3.1 want: ^1.0.0
1632 silly placeDep ROOT resolve-from@4.0.0 OK for: import-fresh@3.3.1 want: ^4.0.0
1633 silly fetch manifest callsites@^3.0.0
1634 silly packumentCache full:https://registry.npmjs.org/callsites cache-miss
1635 http cache https://registry.npmjs.org/callsites 7ms (cache hit)
1636 silly packumentCache full:https://registry.npmjs.org/callsites set size:21349 disposed:false
1637 silly placeDep ROOT side-channel@1.1.0 OK for: internal-slot@1.1.0 want: ^1.1.0
1638 silly fetch manifest side-channel-list@^1.0.0
1639 silly packumentCache full:https://registry.npmjs.org/side-channel-list cache-miss
1640 silly fetch manifest side-channel-map@^1.0.1
1641 silly packumentCache full:https://registry.npmjs.org/side-channel-map cache-miss
1642 silly fetch manifest side-channel-weakmap@^1.0.2
1643 silly packumentCache full:https://registry.npmjs.org/side-channel-weakmap cache-miss
1644 http cache https://registry.npmjs.org/side-channel-list 7ms (cache hit)
1645 silly packumentCache full:https://registry.npmjs.org/side-channel-list set size:9021 disposed:false
1646 http cache https://registry.npmjs.org/side-channel-weakmap 8ms (cache hit)
1647 silly packumentCache full:https://registry.npmjs.org/side-channel-weakmap set size:12620 disposed:false
1648 http cache https://registry.npmjs.org/side-channel-map 9ms (cache hit)
1649 silly packumentCache full:https://registry.npmjs.org/side-channel-map set size:9126 disposed:false
1650 silly placeDep ROOT is-extglob@2.1.1 OK for: is-glob@4.0.3 want: ^2.1.1
1651 silly placeDep ROOT set-function-name@2.0.2 OK for: iterator.prototype@1.1.5 want: ^2.0.2
1652 silly placeDep ROOT argparse@2.0.1 OK for: js-yaml@4.1.1 want: ^2.0.1
1653 silly placeDep ROOT array.prototype.flat@1.3.3 OK for: jsx-ast-utils@3.3.5 want: ^1.3.1
1654 silly placeDep ROOT json-buffer@3.0.1 OK for: keyv@4.5.4 want: 3.0.1
1655 silly placeDep ROOT prelude-ls@1.2.1 OK for: levn@0.4.1 want: ^1.2.1
1656 silly placeDep ROOT type-check@0.4.0 OK for: levn@0.4.1 want: ~0.4.0
1657 silly placeDep ROOT p-locate@5.0.0 OK for: locate-path@6.0.0 want: ^5.0.0
1658 silly fetch manifest p-limit@^3.0.2
1659 silly packumentCache full:https://registry.npmjs.org/p-limit cache-miss
1660 http cache https://registry.npmjs.org/p-limit 7ms (cache hit)
1661 silly packumentCache full:https://registry.npmjs.org/p-limit set size:61867 disposed:false
1662 silly placeDep ROOT yallist@3.1.1 OK for: lru-cache@5.1.1 want: ^3.0.2
1663 silly placeDep ROOT mime-db@1.52.0 OK for: mime-types@2.1.35 want: 1.52.0
1664 silly placeDep ROOT brace-expansion@1.1.14 OK for: minimatch@3.1.5 want: ^1.1.7
1665 silly fetch manifest concat-map@0.0.1
1666 silly packumentCache full:https://registry.npmjs.org/concat-map cache-miss
1667 silly fetch manifest balanced-match@^1.0.0
1668 silly packumentCache full:https://registry.npmjs.org/balanced-match cache-miss
1669 http cache https://registry.npmjs.org/concat-map 8ms (cache hit)
1670 silly packumentCache full:https://registry.npmjs.org/concat-map set size:9290 disposed:false
1671 http cache https://registry.npmjs.org/balanced-match 8ms (cache hit)
1672 silly packumentCache full:https://registry.npmjs.org/balanced-match set size:39082 disposed:false
1673 silly placeDep ROOT balanced-match@1.0.2 OK for: brace-expansion@1.1.14 want: ^1.0.0
1674 silly placeDep ROOT concat-map@0.0.1 OK for: brace-expansion@1.1.14 want: 0.0.1
1675 silly placeDep ROOT deep-is@0.1.4 OK for: optionator@0.9.4 want: ^0.1.3
1676 silly placeDep ROOT fast-levenshtein@2.0.6 OK for: optionator@0.9.4 want: ^2.0.6
1677 silly placeDep ROOT word-wrap@1.2.5 OK for: optionator@0.9.4 want: ^1.2.5
1678 silly placeDep ROOT p-limit@3.1.0 OK for: p-locate@5.0.0 want: ^3.0.2
1679 silly fetch manifest yocto-queue@^0.1.0
1680 silly packumentCache full:https://registry.npmjs.org/yocto-queue cache-miss
1681 http cache https://registry.npmjs.org/yocto-queue 6ms (cache hit)
1682 silly packumentCache full:https://registry.npmjs.org/yocto-queue set size:20256 disposed:false
1683 silly placeDep ROOT yocto-queue@0.1.0 OK for: p-limit@3.1.0 want: ^0.1.0
1684 silly placeDep ROOT callsites@3.1.0 OK for: parent-module@1.0.1 want: ^3.0.0
1685 silly placeDep ROOT nanoid@3.3.11 OK for: postcss@8.5.12 want: ^3.3.11
1686 silly placeDep ROOT source-map-js@1.2.1 OK for: postcss@8.5.12 want: ^1.2.1
1687 silly placeDep ROOT loose-envify@1.4.0 OK for: prop-types@15.8.1 want: ^1.4.0
1688 silly placeDep ROOT object-assign@4.1.1 OK for: prop-types@15.8.1 want: ^4.1.1
1689 silly placeDep ROOT react-is@16.13.1 OK for: prop-types@15.8.1 want: ^16.13.1
1690 silly placeDep ROOT scheduler@0.23.2 OK for: react-dom@18.3.1 want: ^0.23.2
1691 silly fetch manifest react@>=16.8
1692 silly packumentCache full:https://registry.npmjs.org/react cache-miss
1693 http cache https://registry.npmjs.org/react 18ms (cache hit)
1694 silly packumentCache full:https://registry.npmjs.org/react set size:6629670 disposed:false
1695 silly placeDep ROOT @remix-run/router@1.23.2 OK for: react-router-dom@6.30.3 want: 1.23.2
1696 silly placeDep ROOT react-router@6.30.3 OK for: react-router-dom@6.30.3 want: 6.30.3
1697 silly placeDep ROOT is-core-module@2.16.1 OK for: resolve@2.0.0-next.6 want: ^2.16.1
1698 silly placeDep ROOT node-exports-info@1.6.0 OK for: resolve@2.0.0-next.6 want: ^1.6.0
1699 silly placeDep ROOT path-parse@1.0.7 OK for: resolve@2.0.0-next.6 want: ^1.0.7
1700 silly placeDep ROOT supports-preserve-symlinks-flag@1.0.0 OK for: resolve@2.0.0-next.6 want: ^1.0.0
1701 silly placeDep ROOT glob@7.2.3 OK for: rimraf@3.0.2 want: ^7.1.3
1702 silly fetch manifest once@^1.3.0
1703 silly packumentCache full:https://registry.npmjs.org/once cache-miss
1704 silly fetch manifest inflight@^1.0.4
1705 silly packumentCache full:https://registry.npmjs.org/inflight cache-miss
1706 silly fetch manifest inherits@2
1707 silly packumentCache full:https://registry.npmjs.org/inherits cache-miss
1708 silly fetch manifest fs.realpath@^1.0.0
1709 silly packumentCache full:https://registry.npmjs.org/fs.realpath cache-miss
1710 silly fetch manifest path-is-absolute@^1.0.0
1711 silly packumentCache full:https://registry.npmjs.org/path-is-absolute cache-miss
1712 http cache https://registry.npmjs.org/once 12ms (cache hit)
1713 silly packumentCache full:https://registry.npmjs.org/once set size:11752 disposed:false
1714 http cache https://registry.npmjs.org/fs.realpath 11ms (cache hit)
1715 silly packumentCache full:https://registry.npmjs.org/fs.realpath set size:4806 disposed:false
1716 http cache https://registry.npmjs.org/inflight 13ms (cache hit)
1717 silly packumentCache full:https://registry.npmjs.org/inflight set size:13140 disposed:false
1718 http cache https://registry.npmjs.org/inherits 12ms (cache hit)
1719 silly packumentCache full:https://registry.npmjs.org/inherits set size:12925 disposed:false
1720 http cache https://registry.npmjs.org/path-is-absolute 13ms (cache hit)
1721 silly packumentCache full:https://registry.npmjs.org/path-is-absolute set size:8253 disposed:false
1722 silly placeDep ROOT fs.realpath@1.0.0 OK for: glob@7.2.3 want: ^1.0.0
1723 silly placeDep ROOT inflight@1.0.6 OK for: glob@7.2.3 want: ^1.0.4
1724 silly placeDep ROOT inherits@2.0.4 OK for: glob@7.2.3 want: 2
1725 silly placeDep ROOT once@1.4.0 OK for: glob@7.2.3 want: ^1.3.0
1726 silly placeDep ROOT path-is-absolute@1.0.1 OK for: glob@7.2.3 want: ^1.0.0
1727 silly fetch manifest wrappy@1
1728 silly packumentCache full:https://registry.npmjs.org/wrappy cache-miss
1729 silly fetch manifest wrappy@1
1730 silly packumentCache full:https://registry.npmjs.org/wrappy cache-miss
1731 http cache https://registry.npmjs.org/wrappy 9ms (cache hit)
1732 silly packumentCache full:https://registry.npmjs.org/wrappy set size:7682 disposed:false
1733 http cache https://registry.npmjs.org/wrappy 17ms (cache hit)
1734 silly packumentCache full:https://registry.npmjs.org/wrappy set size:7682 disposed:false
1735 silly packumentCache full:https://registry.npmjs.org/wrappy dispose
1736 silly placeDep ROOT wrappy@1.0.2 OK for: inflight@1.0.6 want: 1
1737 silly placeDep ROOT queue-microtask@1.2.3 OK for: run-parallel@1.2.0 want: ^1.2.2
1738 silly placeDep ROOT isarray@2.0.5 OK for: safe-array-concat@1.1.4 want: ^2.0.5
1739 silly placeDep ROOT shebang-regex@3.0.0 OK for: shebang-command@2.0.0 want: ^3.0.0
1740 silly placeDep ROOT side-channel-list@1.0.1 OK for: side-channel@1.1.0 want: ^1.0.0
1741 silly placeDep ROOT side-channel-map@1.0.1 OK for: side-channel@1.1.0 want: ^1.0.1
1742 silly placeDep ROOT side-channel-weakmap@1.0.2 OK for: side-channel@1.1.0 want: ^1.0.2
1743 silly placeDep ROOT ansi-regex@5.0.1 OK for: strip-ansi@6.0.1 want: ^5.0.1
1744 silly placeDep ROOT has-flag@4.0.0 OK for: supports-color@7.2.0 want: ^4.0.0
1745 silly fetch manifest postcss@^8.4.47
1746 silly packumentCache full:https://registry.npmjs.org/postcss cache-hit
1747 silly fetch manifest tsx@^4.8.1
1748 silly packumentCache full:https://registry.npmjs.org/tsx cache-miss
1749 http cache https://registry.npmjs.org/tsx 7ms (cache hit)
1750 silly packumentCache full:https://registry.npmjs.org/tsx set size:289592 disposed:false
1751 silly fetch manifest yaml@^2.4.2
1752 silly packumentCache full:https://registry.npmjs.org/yaml cache-miss
1753 http cache https://registry.npmjs.org/yaml 7ms (cache hit)
1754 silly packumentCache full:https://registry.npmjs.org/yaml set size:375230 disposed:false
1755 silly placeDep ROOT @alloc/quick-lru@5.2.0 OK for: tailwindcss@3.4.19 want: ^5.2.0
1756 silly placeDep ROOT arg@5.0.2 OK for: tailwindcss@3.4.19 want: ^5.0.2
1757 silly placeDep ROOT chokidar@3.6.0 OK for: tailwindcss@3.4.19 want: ^3.6.0
1758 silly placeDep ROOT didyoumean@1.2.2 OK for: tailwindcss@3.4.19 want: ^1.2.2
1759 silly placeDep ROOT dlv@1.1.3 OK for: tailwindcss@3.4.19 want: ^1.1.3
1760 silly placeDep ROOT fast-glob@3.3.3 OK for: tailwindcss@3.4.19 want: ^3.3.2
1761 silly placeDep ROOT jiti@1.21.7 OK for: tailwindcss@3.4.19 want: ^1.21.7
1762 silly placeDep ROOT lilconfig@3.1.3 OK for: tailwindcss@3.4.19 want: ^3.1.3
1763 silly placeDep ROOT micromatch@4.0.8 OK for: tailwindcss@3.4.19 want: ^4.0.8
1764 silly placeDep ROOT normalize-path@3.0.0 OK for: tailwindcss@3.4.19 want: ^3.0.0
1765 silly placeDep ROOT object-hash@3.0.0 OK for: tailwindcss@3.4.19 want: ^3.0.0
1766 silly placeDep ROOT postcss-import@15.1.0 OK for: tailwindcss@3.4.19 want: ^15.1.0
1767 silly placeDep ROOT postcss-js@4.1.0 OK for: tailwindcss@3.4.19 want: ^4.0.1
1768 silly placeDep ROOT postcss-load-config@6.0.1 OK for: tailwindcss@3.4.19 want: ^4.0.2 || ^5.0 || ^6.0
1769 silly placeDep ROOT postcss-nested@6.2.0 OK for: tailwindcss@3.4.19 want: ^6.2.0
1770 silly placeDep ROOT postcss-selector-parser@6.1.2 OK for: tailwindcss@3.4.19 want: ^6.1.2
1771 silly placeDep node_modules/tailwindcss resolve@1.22.12 OK for: tailwindcss@3.4.19 want: ^1.22.8
1772 silly placeDep ROOT sucrase@3.35.1 OK for: tailwindcss@3.4.19 want: ^3.35.0
1773 silly fetch manifest braces@~3.0.2
1774 silly packumentCache full:https://registry.npmjs.org/braces cache-miss
1775 silly fetch manifest anymatch@~3.1.2
1776 silly packumentCache full:https://registry.npmjs.org/anymatch cache-miss
1777 silly fetch manifest readdirp@~3.6.0
1778 silly packumentCache full:https://registry.npmjs.org/readdirp cache-miss
1779 silly fetch manifest glob-parent@~5.1.2
1780 silly packumentCache full:https://registry.npmjs.org/glob-parent cache-hit
1781 silly fetch manifest is-binary-path@~2.1.0
1782 silly packumentCache full:https://registry.npmjs.org/is-binary-path cache-miss
1783 silly fetch manifest normalize-path@~3.0.0
1784 silly packumentCache full:https://registry.npmjs.org/normalize-path cache-hit
1785 silly fetch manifest fsevents@~2.3.2
1786 silly packumentCache full:https://registry.npmjs.org/fsevents cache-hit
1787 silly fetch manifest glob-parent@^5.1.2
1788 silly packumentCache full:https://registry.npmjs.org/glob-parent cache-hit
1789 silly fetch manifest merge2@^1.3.0
1790 silly packumentCache full:https://registry.npmjs.org/merge2 cache-miss
1791 silly fetch manifest braces@^3.0.3
1792 silly packumentCache full:https://registry.npmjs.org/braces cache-miss
1793 silly fetch manifest picomatch@^2.3.1
1794 silly packumentCache full:https://registry.npmjs.org/picomatch cache-miss
1795 silly fetch manifest resolve@^1.1.7
1796 silly packumentCache full:https://registry.npmjs.org/resolve cache-hit
1797 silly fetch manifest read-cache@^1.0.0
1798 silly packumentCache full:https://registry.npmjs.org/read-cache cache-miss
1799 silly fetch manifest camelcase-css@^2.0.1
1800 silly packumentCache full:https://registry.npmjs.org/camelcase-css cache-miss
1801 silly fetch manifest postcss-selector-parser@^6.1.1
1802 silly packumentCache full:https://registry.npmjs.org/postcss-selector-parser cache-hit
1803 silly fetch manifest cssesc@^3.0.0
1804 silly packumentCache full:https://registry.npmjs.org/cssesc cache-miss
1805 silly fetch manifest util-deprecate@^1.0.2
1806 silly packumentCache full:https://registry.npmjs.org/util-deprecate cache-miss
1807 http cache https://registry.npmjs.org/readdirp 35ms (cache hit)
1808 silly packumentCache full:https://registry.npmjs.org/readdirp set size:107589 disposed:false
1809 silly fetch manifest commander@^4.0.0
1810 silly packumentCache full:https://registry.npmjs.org/commander cache-miss
1811 http cache https://registry.npmjs.org/merge2 38ms (cache hit)
1812 silly packumentCache full:https://registry.npmjs.org/merge2 set size:46159 disposed:false
1813 silly fetch manifest lines-and-columns@^1.1.6
1814 silly packumentCache full:https://registry.npmjs.org/lines-and-columns cache-miss
1815 http cache https://registry.npmjs.org/braces 43ms (cache hit)
1816 silly packumentCache full:https://registry.npmjs.org/braces set size:114529 disposed:false
1817 silly fetch manifest mz@^2.7.0
1818 silly packumentCache full:https://registry.npmjs.org/mz cache-miss
1819 http cache https://registry.npmjs.org/picomatch 42ms (cache hit)
1820 silly packumentCache full:https://registry.npmjs.org/picomatch set size:126376 disposed:false
1821 silly fetch manifest pirates@^4.0.1
1822 silly packumentCache full:https://registry.npmjs.org/pirates cache-miss
1823 http cache https://registry.npmjs.org/is-binary-path 49ms (cache hit)
1824 silly packumentCache full:https://registry.npmjs.org/is-binary-path set size:13475 disposed:false
1825 silly fetch manifest tinyglobby@^0.2.11
1826 silly packumentCache full:https://registry.npmjs.org/tinyglobby cache-miss
1827 http cache https://registry.npmjs.org/read-cache 45ms (cache hit)
1828 silly packumentCache full:https://registry.npmjs.org/read-cache set size:3003 disposed:false
1829 silly fetch manifest ts-interface-checker@^0.1.9
1830 silly packumentCache full:https://registry.npmjs.org/ts-interface-checker cache-miss
1831 http cache https://registry.npmjs.org/camelcase-css 46ms (cache hit)
1832 silly packumentCache full:https://registry.npmjs.org/camelcase-css set size:9392 disposed:false
1833 http cache https://registry.npmjs.org/anymatch 52ms (cache hit)
1834 silly packumentCache full:https://registry.npmjs.org/anymatch set size:42974 disposed:false
1835 http cache https://registry.npmjs.org/braces 52ms (cache hit)
1836 silly packumentCache full:https://registry.npmjs.org/braces set size:114529 disposed:false
1837 silly packumentCache full:https://registry.npmjs.org/braces dispose
1838 http cache https://registry.npmjs.org/cssesc 50ms (cache hit)
1839 silly packumentCache full:https://registry.npmjs.org/cssesc set size:18815 disposed:false
1840 http cache https://registry.npmjs.org/util-deprecate 50ms (cache hit)
1841 silly packumentCache full:https://registry.npmjs.org/util-deprecate set size:6674 disposed:false
1842 http cache https://registry.npmjs.org/mz 22ms (cache hit)
1843 silly packumentCache full:https://registry.npmjs.org/mz set size:42731 disposed:false
1844 http cache https://registry.npmjs.org/lines-and-columns 28ms (cache hit)
1845 silly packumentCache full:https://registry.npmjs.org/lines-and-columns set size:73796 disposed:false
1846 http cache https://registry.npmjs.org/commander 34ms (cache hit)
1847 silly packumentCache full:https://registry.npmjs.org/commander set size:306301 disposed:false
1848 http cache https://registry.npmjs.org/pirates 29ms (cache hit)
1849 silly packumentCache full:https://registry.npmjs.org/pirates set size:51327 disposed:false
1850 http cache https://registry.npmjs.org/ts-interface-checker 29ms (cache hit)
1851 silly packumentCache full:https://registry.npmjs.org/ts-interface-checker set size:58946 disposed:false
1852 http cache https://registry.npmjs.org/tinyglobby 36ms (cache hit)
1853 silly packumentCache full:https://registry.npmjs.org/tinyglobby set size:52660 disposed:false
1854 silly placeDep ROOT anymatch@3.1.3 OK for: chokidar@3.6.0 want: ~3.1.2
1855 silly placeDep ROOT braces@3.0.3 OK for: chokidar@3.6.0 want: ~3.0.2
1856 silly placeDep ROOT fsevents@2.3.3 OK for: chokidar@3.6.0 want: ~2.3.2
1857 silly placeDep node_modules/chokidar glob-parent@5.1.2 OK for: chokidar@3.6.0 want: ~5.1.2
1858 silly placeDep ROOT is-binary-path@2.1.0 OK for: chokidar@3.6.0 want: ~2.1.0
1859 silly placeDep ROOT readdirp@3.6.0 OK for: chokidar@3.6.0 want: ~3.6.0
1860 silly fetch manifest picomatch@^2.0.4
1861 silly packumentCache full:https://registry.npmjs.org/picomatch cache-hit
1862 silly fetch manifest fill-range@^7.1.1
1863 silly packumentCache full:https://registry.npmjs.org/fill-range cache-miss
1864 silly fetch manifest binary-extensions@^2.0.0
1865 silly packumentCache full:https://registry.npmjs.org/binary-extensions cache-miss
1866 silly fetch manifest picomatch@^2.2.1
1867 silly packumentCache full:https://registry.npmjs.org/picomatch cache-hit
1868 http cache https://registry.npmjs.org/fill-range 10ms (cache hit)
1869 silly packumentCache full:https://registry.npmjs.org/fill-range set size:90212 disposed:false
1870 http cache https://registry.npmjs.org/binary-extensions 10ms (cache hit)
1871 silly packumentCache full:https://registry.npmjs.org/binary-extensions set size:51551 disposed:false
1872 silly placeDep ROOT picomatch@2.3.2 OK for: anymatch@3.1.3 want: ^2.0.4
1873 silly placeDep ROOT fill-range@7.1.1 OK for: braces@3.0.3 want: ^7.1.1
1874 silly fetch manifest to-regex-range@^5.0.1
1875 silly packumentCache full:https://registry.npmjs.org/to-regex-range cache-miss
1876 http cache https://registry.npmjs.org/to-regex-range 7ms (cache hit)
1877 silly packumentCache full:https://registry.npmjs.org/to-regex-range set size:61569 disposed:false
1878 silly placeDep node_modules/fast-glob glob-parent@5.1.2 OK for: fast-glob@3.3.3 want: ^5.1.2
1879 silly placeDep ROOT merge2@1.4.1 OK for: fast-glob@3.3.3 want: ^1.3.0
1880 silly placeDep ROOT to-regex-range@5.0.1 OK for: fill-range@7.1.1 want: ^5.0.1
1881 silly fetch manifest is-number@^7.0.0
1882 silly packumentCache full:https://registry.npmjs.org/is-number cache-miss
1883 http cache https://registry.npmjs.org/is-number 7ms (cache hit)
1884 silly packumentCache full:https://registry.npmjs.org/is-number set size:36183 disposed:false
1885 silly placeDep ROOT binary-extensions@2.3.0 OK for: is-binary-path@2.1.0 want: ^2.0.0
1886 silly placeDep ROOT read-cache@1.0.0 OK for: postcss-import@15.1.0 want: ^1.0.0
1887 silly placeDep node_modules/postcss-import resolve@1.22.12 OK for: postcss-import@15.1.0 want: ^1.1.7
1888 silly fetch manifest pify@^2.3.0
1889 silly packumentCache full:https://registry.npmjs.org/pify cache-miss
1890 http cache https://registry.npmjs.org/pify 7ms (cache hit)
1891 silly packumentCache full:https://registry.npmjs.org/pify set size:33583 disposed:false
1892 silly placeDep ROOT camelcase-css@2.0.1 OK for: postcss-js@4.1.0 want: ^2.0.1
1893 silly placeDep ROOT cssesc@3.0.0 OK for: postcss-selector-parser@6.1.2 want: ^3.0.0
1894 silly placeDep ROOT util-deprecate@1.0.2 OK for: postcss-selector-parser@6.1.2 want: ^1.0.2
1895 silly placeDep ROOT pify@2.3.0 OK for: read-cache@1.0.0 want: ^2.3.0
1896 silly placeDep ROOT commander@4.1.1 OK for: sucrase@3.35.1 want: ^4.0.0
1897 silly placeDep ROOT lines-and-columns@1.2.4 OK for: sucrase@3.35.1 want: ^1.1.6
1898 silly placeDep ROOT mz@2.7.0 OK for: sucrase@3.35.1 want: ^2.7.0
1899 silly placeDep ROOT pirates@4.0.7 OK for: sucrase@3.35.1 want: ^4.0.1
1900 silly placeDep ROOT tinyglobby@0.2.16 OK for: sucrase@3.35.1 want: ^0.2.11
1901 silly placeDep ROOT ts-interface-checker@0.1.13 OK for: sucrase@3.35.1 want: ^0.1.9
1902 silly fetch manifest any-promise@^1.0.0
1903 silly packumentCache full:https://registry.npmjs.org/any-promise cache-miss
1904 silly fetch manifest thenify-all@^1.0.0
1905 silly packumentCache full:https://registry.npmjs.org/thenify-all cache-miss
1906 silly fetch manifest fdir@^6.5.0
1907 silly packumentCache full:https://registry.npmjs.org/fdir cache-miss
1908 silly fetch manifest picomatch@^4.0.4
1909 silly packumentCache full:https://registry.npmjs.org/picomatch cache-hit
1910 http cache https://registry.npmjs.org/fdir 9ms (cache hit)
1911 silly packumentCache full:https://registry.npmjs.org/fdir set size:136182 disposed:false
1912 http cache https://registry.npmjs.org/thenify-all 11ms (cache hit)
1913 silly packumentCache full:https://registry.npmjs.org/thenify-all set size:18488 disposed:false
1914 http cache https://registry.npmjs.org/any-promise 13ms (cache hit)
1915 silly packumentCache full:https://registry.npmjs.org/any-promise set size:20233 disposed:false
1916 silly placeDep ROOT any-promise@1.3.0 OK for: mz@2.7.0 want: ^1.0.0
1917 silly placeDep ROOT thenify-all@1.6.0 OK for: mz@2.7.0 want: ^1.0.0
1918 silly fetch manifest thenify@>= 3.1.0 < 4
1919 silly packumentCache full:https://registry.npmjs.org/thenify cache-miss
1920 http cache https://registry.npmjs.org/thenify 10ms (cache hit)
1921 silly packumentCache full:https://registry.npmjs.org/thenify set size:21379 disposed:false
1922 silly placeDep ROOT thenify@3.3.1 OK for: thenify-all@1.6.0 want: >= 3.1.0 < 4
1923 silly placeDep node_modules/tinyglobby fdir@6.5.0 OK for: tinyglobby@0.2.16 want: ^6.5.0
1924 silly placeDep node_modules/tinyglobby picomatch@4.0.4 OK for: fdir@6.5.0 want: ^3 || ^4
1925 silly placeDep ROOT is-number@7.0.0 OK for: to-regex-range@5.0.1 want: ^7.0.0
1926 silly placeDep ROOT for-each@0.3.5 OK for: typed-array-byte-length@1.0.3 want: ^0.3.3
1927 silly placeDep ROOT reflect.getprototypeof@1.0.10 OK for: typed-array-byte-offset@1.0.4 want: ^1.0.9
1928 silly fetch manifest which-builtin-type@^1.2.1
1929 silly packumentCache full:https://registry.npmjs.org/which-builtin-type cache-miss
1930 http cache https://registry.npmjs.org/which-builtin-type 7ms (cache hit)
1931 silly packumentCache full:https://registry.npmjs.org/which-builtin-type set size:39107 disposed:false
1932 silly placeDep ROOT which-builtin-type@1.2.1 OK for: reflect.getprototypeof@1.0.10 want: ^1.2.1
1933 silly fetch manifest is-async-function@^2.0.0
1934 silly packumentCache full:https://registry.npmjs.org/is-async-function cache-miss
1935 silly fetch manifest is-finalizationregistry@^1.1.0
1936 silly packumentCache full:https://registry.npmjs.org/is-finalizationregistry cache-miss
1937 silly fetch manifest is-generator-function@^1.0.10
1938 silly packumentCache full:https://registry.npmjs.org/is-generator-function cache-miss
1939 silly fetch manifest which-boxed-primitive@^1.1.0
1940 silly packumentCache full:https://registry.npmjs.org/which-boxed-primitive cache-hit
1941 silly fetch manifest which-collection@^1.0.2
1942 silly packumentCache full:https://registry.npmjs.org/which-collection cache-miss
1943 http cache https://registry.npmjs.org/which-collection 8ms (cache hit)
1944 silly packumentCache full:https://registry.npmjs.org/which-collection set size:13607 disposed:false
1945 http cache https://registry.npmjs.org/is-finalizationregistry 10ms (cache hit)
1946 silly packumentCache full:https://registry.npmjs.org/is-finalizationregistry set size:19800 disposed:false
1947 http cache https://registry.npmjs.org/is-generator-function 11ms (cache hit)
1948 silly packumentCache full:https://registry.npmjs.org/is-generator-function set size:44643 disposed:false
1949 http cache https://registry.npmjs.org/is-async-function 13ms (cache hit)
1950 silly packumentCache full:https://registry.npmjs.org/is-async-function set size:51614 disposed:false
1951 silly placeDep ROOT has-bigints@1.1.0 OK for: unbox-primitive@1.1.0 want: ^1.0.2
1952 silly placeDep ROOT which-boxed-primitive@1.1.1 OK for: unbox-primitive@1.1.0 want: ^1.1.1
1953 silly fetch manifest is-bigint@^1.1.0
1954 silly packumentCache full:https://registry.npmjs.org/is-bigint cache-miss
1955 silly fetch manifest is-boolean-object@^1.2.1
1956 silly packumentCache full:https://registry.npmjs.org/is-boolean-object cache-miss
1957 silly fetch manifest is-number-object@^1.1.1
1958 silly packumentCache full:https://registry.npmjs.org/is-number-object cache-miss
1959 http cache https://registry.npmjs.org/is-bigint 9ms (cache hit)
1960 silly packumentCache full:https://registry.npmjs.org/is-bigint set size:20283 disposed:false
1961 http cache https://registry.npmjs.org/is-number-object 10ms (cache hit)
1962 silly packumentCache full:https://registry.npmjs.org/is-number-object set size:31189 disposed:false
1963 http cache https://registry.npmjs.org/is-boolean-object 11ms (cache hit)
1964 silly packumentCache full:https://registry.npmjs.org/is-boolean-object set size:31341 disposed:false
1965 silly placeDep ROOT escalade@3.2.0 OK for: update-browserslist-db@1.2.3 want: ^3.2.0
1966 silly placeDep ROOT punycode@2.3.1 OK for: uri-js@4.4.1 want: ^2.1.0
1967 silly placeDep ROOT esbuild@0.21.5 OK for: vite@5.4.21 want: ^0.21.3
1968 silly placeDep ROOT rollup@4.60.2 OK for: vite@5.4.21 want: ^4.20.0
1969 silly fetch manifest @esbuild/aix-ppc64@0.21.5
1970 silly packumentCache full:https://registry.npmjs.org/@esbuild%2faix-ppc64 cache-miss
1971 silly fetch manifest @esbuild/linux-arm@0.21.5
1972 silly packumentCache full:https://registry.npmjs.org/@esbuild%2flinux-arm cache-miss
1973 silly fetch manifest @esbuild/linux-x64@0.21.5
1974 silly packumentCache full:https://registry.npmjs.org/@esbuild%2flinux-x64 cache-miss
1975 silly fetch manifest @esbuild/sunos-x64@0.21.5
1976 silly packumentCache full:https://registry.npmjs.org/@esbuild%2fsunos-x64 cache-miss
1977 silly fetch manifest @esbuild/win32-x64@0.21.5
1978 silly packumentCache full:https://registry.npmjs.org/@esbuild%2fwin32-x64 cache-miss
1979 silly fetch manifest @esbuild/darwin-x64@0.21.5
1980 silly packumentCache full:https://registry.npmjs.org/@esbuild%2fdarwin-x64 cache-miss
1981 silly fetch manifest @esbuild/linux-ia32@0.21.5
1982 silly packumentCache full:https://registry.npmjs.org/@esbuild%2flinux-ia32 cache-miss
1983 silly fetch manifest @esbuild/netbsd-x64@0.21.5
1984 silly packumentCache full:https://registry.npmjs.org/@esbuild%2fnetbsd-x64 cache-miss
1985 silly fetch manifest @esbuild/win32-ia32@0.21.5
1986 silly packumentCache full:https://registry.npmjs.org/@esbuild%2fwin32-ia32 cache-miss
1987 silly fetch manifest @esbuild/android-arm@0.21.5
1988 silly packumentCache full:https://registry.npmjs.org/@esbuild%2fandroid-arm cache-miss
1989 silly fetch manifest @esbuild/android-x64@0.21.5
1990 silly packumentCache full:https://registry.npmjs.org/@esbuild%2fandroid-x64 cache-miss
1991 http cache https://registry.npmjs.org/@esbuild%2flinux-ia32 19ms (cache hit)
1992 silly packumentCache full:https://registry.npmjs.org/@esbuild%2flinux-ia32 set size:196150 disposed:false
1993 silly fetch manifest @esbuild/freebsd-x64@0.21.5
1994 silly packumentCache full:https://registry.npmjs.org/@esbuild%2ffreebsd-x64 cache-miss
1995 http cache https://registry.npmjs.org/@esbuild%2flinux-x64 25ms (cache hit)
1996 silly packumentCache full:https://registry.npmjs.org/@esbuild%2flinux-x64 set size:195479 disposed:false
1997 silly fetch manifest @esbuild/linux-arm64@0.21.5
1998 silly packumentCache full:https://registry.npmjs.org/@esbuild%2flinux-arm64 cache-miss
1999 http cache https://registry.npmjs.org/@esbuild%2fdarwin-x64 29ms (cache hit)
2000 silly packumentCache full:https://registry.npmjs.org/@esbuild%2fdarwin-x64 set size:196195 disposed:false
2001 silly fetch manifest @esbuild/linux-ppc64@0.21.5
2002 silly packumentCache full:https://registry.npmjs.org/@esbuild%2flinux-ppc64 cache-miss
2003 http cache https://registry.npmjs.org/@esbuild%2fwin32-x64 32ms (cache hit)
2004 silly packumentCache full:https://registry.npmjs.org/@esbuild%2fwin32-x64 set size:194073 disposed:false
2005 silly fetch manifest @esbuild/linux-s390x@0.21.5
2006 silly packumentCache full:https://registry.npmjs.org/@esbuild%2flinux-s390x cache-miss
2007 http cache https://registry.npmjs.org/@esbuild%2faix-ppc64 35ms (cache hit)
2008 silly packumentCache full:https://registry.npmjs.org/@esbuild%2faix-ppc64 set size:64314 disposed:false
2009 silly fetch manifest @esbuild/openbsd-x64@0.21.5
2010 silly packumentCache full:https://registry.npmjs.org/@esbuild%2fopenbsd-x64 cache-miss
2011 http cache https://registry.npmjs.org/@esbuild%2fsunos-x64 38ms (cache hit)
2012 silly packumentCache full:https://registry.npmjs.org/@esbuild%2fsunos-x64 set size:195721 disposed:false
2013 silly fetch manifest @esbuild/win32-arm64@0.21.5
2014 silly packumentCache full:https://registry.npmjs.org/@esbuild%2fwin32-arm64 cache-miss
2015 http cache https://registry.npmjs.org/@esbuild%2flinux-arm 39ms (cache hit)
2016 silly packumentCache full:https://registry.npmjs.org/@esbuild%2flinux-arm set size:195140 disposed:false
2017 silly fetch manifest @esbuild/darwin-arm64@0.21.5
2018 silly packumentCache full:https://registry.npmjs.org/@esbuild%2fdarwin-arm64 cache-miss
2019 http cache https://registry.npmjs.org/@esbuild%2fwin32-ia32 40ms (cache hit)
2020 silly packumentCache full:https://registry.npmjs.org/@esbuild%2fwin32-ia32 set size:196374 disposed:false
2021 silly fetch manifest @esbuild/android-arm64@0.21.5
2022 silly packumentCache full:https://registry.npmjs.org/@esbuild%2fandroid-arm64 cache-miss
2023 http cache https://registry.npmjs.org/@esbuild%2fandroid-arm 42ms (cache hit)
2024 silly packumentCache full:https://registry.npmjs.org/@esbuild%2fandroid-arm set size:221749 disposed:false
2025 silly fetch manifest @esbuild/freebsd-arm64@0.21.5
2026 silly packumentCache full:https://registry.npmjs.org/@esbuild%2ffreebsd-arm64 cache-miss
2027 http cache https://registry.npmjs.org/@esbuild%2fnetbsd-x64 44ms (cache hit)
2028 silly packumentCache full:https://registry.npmjs.org/@esbuild%2fnetbsd-x64 set size:193883 disposed:false
2029 silly fetch manifest @esbuild/linux-loong64@0.21.5
2030 silly packumentCache full:https://registry.npmjs.org/@esbuild%2flinux-loong64 cache-miss
2031 http cache https://registry.npmjs.org/@esbuild%2fandroid-x64 47ms (cache hit)
2032 silly packumentCache full:https://registry.npmjs.org/@esbuild%2fandroid-x64 set size:195551 disposed:false
2033 silly fetch manifest @esbuild/linux-riscv64@0.21.5
2034 silly packumentCache full:https://registry.npmjs.org/@esbuild%2flinux-riscv64 cache-miss
2035 http cache https://registry.npmjs.org/@esbuild%2ffreebsd-x64 43ms (cache hit)
2036 silly packumentCache full:https://registry.npmjs.org/@esbuild%2ffreebsd-x64 set size:197070 disposed:false
2037 silly fetch manifest @esbuild/linux-mips64el@0.21.5
2038 silly packumentCache full:https://registry.npmjs.org/@esbuild%2flinux-mips64el cache-miss
2039 http cache https://registry.npmjs.org/@esbuild%2flinux-arm64 41ms (cache hit)
2040 silly packumentCache full:https://registry.npmjs.org/@esbuild%2flinux-arm64 set size:197274 disposed:false
2041 silly fetch manifest @types/estree@1.0.8
2042 silly packumentCache full:https://registry.npmjs.org/@types%2festree cache-miss
2043 http cache https://registry.npmjs.org/@esbuild%2flinux-ppc64 40ms (cache hit)
2044 silly packumentCache full:https://registry.npmjs.org/@esbuild%2flinux-ppc64 set size:199310 disposed:false
2045 silly fetch manifest @rollup/rollup-darwin-arm64@4.60.2
2046 silly packumentCache full:https://registry.npmjs.org/@rollup%2frollup-darwin-arm64 cache-miss
2047 http cache https://registry.npmjs.org/@esbuild%2flinux-s390x 39ms (cache hit)
2048 silly packumentCache full:https://registry.npmjs.org/@esbuild%2flinux-s390x set size:198784 disposed:false
2049 silly fetch manifest @rollup/rollup-android-arm64@4.60.2
2050 silly packumentCache full:https://registry.npmjs.org/@rollup%2frollup-android-arm64 cache-miss
2051 http cache https://registry.npmjs.org/@esbuild%2fopenbsd-x64 39ms (cache hit)
2052 silly packumentCache full:https://registry.npmjs.org/@esbuild%2fopenbsd-x64 set size:197080 disposed:false
2053 silly fetch manifest @rollup/rollup-win32-arm64-msvc@4.60.2
2054 silly packumentCache full:https://registry.npmjs.org/@rollup%2frollup-win32-arm64-msvc cache-miss
2055 http cache https://registry.npmjs.org/@esbuild%2fdarwin-arm64 39ms (cache hit)
2056 silly packumentCache full:https://registry.npmjs.org/@esbuild%2fdarwin-arm64 set size:197958 disposed:false
2057 silly fetch manifest @rollup/rollup-freebsd-arm64@4.60.2
2058 silly packumentCache full:https://registry.npmjs.org/@rollup%2frollup-freebsd-arm64 cache-miss
2059 http cache https://registry.npmjs.org/@esbuild%2fandroid-arm64 39ms (cache hit)
2060 silly packumentCache full:https://registry.npmjs.org/@esbuild%2fandroid-arm64 set size:200684 disposed:false
2061 silly fetch manifest @rollup/rollup-linux-arm64-gnu@4.60.2
2062 silly packumentCache full:https://registry.npmjs.org/@rollup%2frollup-linux-arm64-gnu cache-miss
2063 http cache https://registry.npmjs.org/@esbuild%2fwin32-arm64 45ms (cache hit)
2064 silly packumentCache full:https://registry.npmjs.org/@esbuild%2fwin32-arm64 set size:197504 disposed:false
2065 silly fetch manifest @rollup/rollup-linux-arm64-musl@4.60.2
2066 silly packumentCache full:https://registry.npmjs.org/@rollup%2frollup-linux-arm64-musl cache-miss
2067 http cache https://registry.npmjs.org/@esbuild%2flinux-loong64 39ms (cache hit)
2068 silly packumentCache full:https://registry.npmjs.org/@esbuild%2flinux-loong64 set size:252211 disposed:false
2069 silly fetch manifest @rollup/rollup-android-arm-eabi@4.60.2
2070 silly packumentCache full:https://registry.npmjs.org/@rollup%2frollup-android-arm-eabi cache-miss
2071 http cache https://registry.npmjs.org/@esbuild%2flinux-riscv64 39ms (cache hit)
2072 silly packumentCache full:https://registry.npmjs.org/@esbuild%2flinux-riscv64 set size:198981 disposed:false
2073 silly fetch manifest @rollup/rollup-linux-arm-gnueabihf@4.60.2
2074 silly packumentCache full:https://registry.npmjs.org/@rollup%2frollup-linux-arm-gnueabihf cache-miss
2075 http cache https://registry.npmjs.org/@esbuild%2ffreebsd-arm64 45ms (cache hit)
2076 silly packumentCache full:https://registry.npmjs.org/@esbuild%2ffreebsd-arm64 set size:198853 disposed:false
2077 silly fetch manifest @rollup/rollup-linux-arm-musleabihf@4.60.2
2078 silly packumentCache full:https://registry.npmjs.org/@rollup%2frollup-linux-arm-musleabihf cache-miss
2079 http cache https://registry.npmjs.org/@esbuild%2flinux-mips64el 36ms (cache hit)
2080 silly packumentCache full:https://registry.npmjs.org/@esbuild%2flinux-mips64el set size:201062 disposed:false
2081 silly fetch manifest @rollup/rollup-win32-ia32-msvc@4.60.2
2082 silly packumentCache full:https://registry.npmjs.org/@rollup%2frollup-win32-ia32-msvc cache-miss
2083 http cache https://registry.npmjs.org/@rollup%2frollup-darwin-arm64 35ms (cache hit)
2084 silly packumentCache full:https://registry.npmjs.org/@rollup%2frollup-darwin-arm64 set size:334013 disposed:false
2085 silly fetch manifest @rollup/rollup-linux-loong64-gnu@4.60.2
2086 silly packumentCache full:https://registry.npmjs.org/@rollup%2frollup-linux-loong64-gnu cache-miss
2087 http cache https://registry.npmjs.org/@types%2festree 43ms (cache hit)
2088 silly packumentCache full:https://registry.npmjs.org/@types%2festree set size:74091 disposed:false
2089 silly fetch manifest @rollup/rollup-linux-loong64-musl@4.60.2
2090 silly packumentCache full:https://registry.npmjs.org/@rollup%2frollup-linux-loong64-musl cache-miss
2091 http cache https://registry.npmjs.org/@rollup%2frollup-android-arm64 43ms (cache hit)
2092 silly packumentCache full:https://registry.npmjs.org/@rollup%2frollup-android-arm64 set size:335499 disposed:false
2093 silly fetch manifest @rollup/rollup-linux-riscv64-gnu@4.60.2
2094 silly packumentCache full:https://registry.npmjs.org/@rollup%2frollup-linux-riscv64-gnu cache-miss
2095 http cache https://registry.npmjs.org/@rollup%2frollup-win32-arm64-msvc 45ms (cache hit)
2096 silly packumentCache full:https://registry.npmjs.org/@rollup%2frollup-win32-arm64-msvc set size:338858 disposed:false
2097 silly fetch manifest @rollup/rollup-linux-riscv64-musl@4.60.2
2098 silly packumentCache full:https://registry.npmjs.org/@rollup%2frollup-linux-riscv64-musl cache-miss
2099 http cache https://registry.npmjs.org/@rollup%2frollup-freebsd-arm64 47ms (cache hit)
2100 silly packumentCache full:https://registry.npmjs.org/@rollup%2frollup-freebsd-arm64 set size:183704 disposed:false
2101 silly fetch manifest @rollup/rollup-linux-ppc64-gnu@4.60.2
2102 silly packumentCache full:https://registry.npmjs.org/@rollup%2frollup-linux-ppc64-gnu cache-miss
2103 http cache https://registry.npmjs.org/@rollup%2frollup-linux-arm64-gnu 48ms (cache hit)
2104 silly packumentCache full:https://registry.npmjs.org/@rollup%2frollup-linux-arm64-gnu set size:341084 disposed:false
2105 silly fetch manifest @rollup/rollup-linux-ppc64-musl@4.60.2
2106 silly packumentCache full:https://registry.npmjs.org/@rollup%2frollup-linux-ppc64-musl cache-miss
2107 http cache https://registry.npmjs.org/@rollup%2frollup-linux-arm64-musl 49ms (cache hit)
2108 silly packumentCache full:https://registry.npmjs.org/@rollup%2frollup-linux-arm64-musl set size:296459 disposed:false
2109 silly fetch manifest @rollup/rollup-linux-s390x-gnu@4.60.2
2110 silly packumentCache full:https://registry.npmjs.org/@rollup%2frollup-linux-s390x-gnu cache-miss
2111 http cache https://registry.npmjs.org/@rollup%2frollup-linux-arm-musleabihf 47ms (cache hit)
2112 silly packumentCache full:https://registry.npmjs.org/@rollup%2frollup-linux-arm-musleabihf set size:238694 disposed:false
2113 silly fetch manifest @rollup/rollup-darwin-x64@4.60.2
2114 silly packumentCache full:https://registry.npmjs.org/@rollup%2frollup-darwin-x64 cache-miss
2115 http cache https://registry.npmjs.org/@rollup%2frollup-android-arm-eabi 52ms (cache hit)
2116 silly packumentCache full:https://registry.npmjs.org/@rollup%2frollup-android-arm-eabi set size:338865 disposed:false
2117 silly fetch manifest @rollup/rollup-win32-x64-gnu@4.60.2
2118 silly packumentCache full:https://registry.npmjs.org/@rollup%2frollup-win32-x64-gnu cache-miss
2119 http cache https://registry.npmjs.org/@rollup%2frollup-linux-arm-gnueabihf 52ms (cache hit)
2120 silly packumentCache full:https://registry.npmjs.org/@rollup%2frollup-linux-arm-gnueabihf set size:344529 disposed:false
2121 silly fetch manifest @rollup/rollup-win32-x64-msvc@4.60.2
2122 silly packumentCache full:https://registry.npmjs.org/@rollup%2frollup-win32-x64-msvc cache-miss
2123 http cache https://registry.npmjs.org/@rollup%2frollup-linux-loong64-gnu 48ms (cache hit)
2124 silly packumentCache full:https://registry.npmjs.org/@rollup%2frollup-linux-loong64-gnu set size:65514 disposed:false
2125 silly fetch manifest @rollup/rollup-freebsd-x64@4.60.2
2126 silly packumentCache full:https://registry.npmjs.org/@rollup%2frollup-freebsd-x64 cache-miss
2127 http cache https://registry.npmjs.org/@rollup%2frollup-win32-ia32-msvc 58ms (cache hit)
2128 silly packumentCache full:https://registry.npmjs.org/@rollup%2frollup-win32-ia32-msvc set size:337389 disposed:false
2129 silly fetch manifest @rollup/rollup-linux-x64-gnu@4.60.2
2130 silly packumentCache full:https://registry.npmjs.org/@rollup%2frollup-linux-x64-gnu cache-miss
2131 http cache https://registry.npmjs.org/@rollup%2frollup-linux-loong64-musl 55ms (cache hit)
2132 silly packumentCache full:https://registry.npmjs.org/@rollup%2frollup-linux-loong64-musl set size:27506 disposed:false
2133 silly fetch manifest @rollup/rollup-linux-x64-musl@4.60.2
2134 silly packumentCache full:https://registry.npmjs.org/@rollup%2frollup-linux-x64-musl cache-miss
2135 http cache https://registry.npmjs.org/@rollup%2frollup-linux-riscv64-gnu 53ms (cache hit)
2136 silly packumentCache full:https://registry.npmjs.org/@rollup%2frollup-linux-riscv64-gnu set size:267201 disposed:false
2137 silly fetch manifest @rollup/rollup-openbsd-x64@4.60.2
2138 silly packumentCache full:https://registry.npmjs.org/@rollup%2frollup-openbsd-x64 cache-miss
2139 http cache https://registry.npmjs.org/@rollup%2frollup-linux-ppc64-gnu 57ms (cache hit)
2140 silly packumentCache full:https://registry.npmjs.org/@rollup%2frollup-linux-ppc64-gnu set size:85764 disposed:false
2141 silly fetch manifest @rollup/rollup-openharmony-arm64@4.60.2
2142 silly packumentCache full:https://registry.npmjs.org/@rollup%2frollup-openharmony-arm64 cache-miss
2143 http cache https://registry.npmjs.org/@rollup%2frollup-linux-riscv64-musl 63ms (cache hit)
2144 silly packumentCache full:https://registry.npmjs.org/@rollup%2frollup-linux-riscv64-musl set size:113171 disposed:false
2145 http cache https://registry.npmjs.org/@rollup%2frollup-linux-ppc64-musl 56ms (cache hit)
2146 silly packumentCache full:https://registry.npmjs.org/@rollup%2frollup-linux-ppc64-musl set size:27278 disposed:false
2147 http cache https://registry.npmjs.org/@rollup%2frollup-darwin-x64 52ms (cache hit)
2148 silly packumentCache full:https://registry.npmjs.org/@rollup%2frollup-darwin-x64 set size:329247 disposed:false
2149 http cache https://registry.npmjs.org/@rollup%2frollup-win32-x64-gnu 53ms (cache hit)
2150 silly packumentCache full:https://registry.npmjs.org/@rollup%2frollup-win32-x64-gnu set size:57152 disposed:false
2151 http cache https://registry.npmjs.org/@rollup%2frollup-linux-s390x-gnu 58ms (cache hit)
2152 silly packumentCache full:https://registry.npmjs.org/@rollup%2frollup-linux-s390x-gnu set size:240933 disposed:false
2153 http cache https://registry.npmjs.org/@rollup%2frollup-win32-x64-msvc 55ms (cache hit)
2154 silly packumentCache full:https://registry.npmjs.org/@rollup%2frollup-win32-x64-msvc set size:334053 disposed:false
2155 http cache https://registry.npmjs.org/@rollup%2frollup-freebsd-x64 47ms (cache hit)
2156 silly packumentCache full:https://registry.npmjs.org/@rollup%2frollup-freebsd-x64 set size:181830 disposed:false
2157 http cache https://registry.npmjs.org/@rollup%2frollup-linux-x64-gnu 43ms (cache hit)
2158 silly packumentCache full:https://registry.npmjs.org/@rollup%2frollup-linux-x64-gnu set size:336253 disposed:false
2159 http cache https://registry.npmjs.org/@rollup%2frollup-linux-x64-musl 44ms (cache hit)
2160 silly packumentCache full:https://registry.npmjs.org/@rollup%2frollup-linux-x64-musl set size:335593 disposed:false
2161 http cache https://registry.npmjs.org/@rollup%2frollup-openharmony-arm64 29ms (cache hit)
2162 silly packumentCache full:https://registry.npmjs.org/@rollup%2frollup-openharmony-arm64 set size:66417 disposed:false
2163 http cache https://registry.npmjs.org/@rollup%2frollup-openbsd-x64 44ms (cache hit)
2164 silly packumentCache full:https://registry.npmjs.org/@rollup%2frollup-openbsd-x64 set size:26573 disposed:false
2165 silly placeDep ROOT @esbuild/aix-ppc64@0.21.5 OK for: esbuild@0.21.5 want: 0.21.5
2166 silly placeDep ROOT @esbuild/android-arm@0.21.5 OK for: esbuild@0.21.5 want: 0.21.5
2167 silly placeDep ROOT @esbuild/android-arm64@0.21.5 OK for: esbuild@0.21.5 want: 0.21.5
2168 silly placeDep ROOT @esbuild/android-x64@0.21.5 OK for: esbuild@0.21.5 want: 0.21.5
2169 silly placeDep ROOT @esbuild/darwin-arm64@0.21.5 OK for: esbuild@0.21.5 want: 0.21.5
2170 silly placeDep ROOT @esbuild/darwin-x64@0.21.5 OK for: esbuild@0.21.5 want: 0.21.5
2171 silly placeDep ROOT @esbuild/freebsd-arm64@0.21.5 OK for: esbuild@0.21.5 want: 0.21.5
2172 silly placeDep ROOT @esbuild/freebsd-x64@0.21.5 OK for: esbuild@0.21.5 want: 0.21.5
2173 silly placeDep ROOT @esbuild/linux-arm@0.21.5 OK for: esbuild@0.21.5 want: 0.21.5
2174 silly placeDep ROOT @esbuild/linux-arm64@0.21.5 OK for: esbuild@0.21.5 want: 0.21.5
2175 silly placeDep ROOT @esbuild/linux-ia32@0.21.5 OK for: esbuild@0.21.5 want: 0.21.5
2176 silly placeDep ROOT @esbuild/linux-loong64@0.21.5 OK for: esbuild@0.21.5 want: 0.21.5
2177 silly placeDep ROOT @esbuild/linux-mips64el@0.21.5 OK for: esbuild@0.21.5 want: 0.21.5
2178 silly placeDep ROOT @esbuild/linux-ppc64@0.21.5 OK for: esbuild@0.21.5 want: 0.21.5
2179 silly placeDep ROOT @esbuild/linux-riscv64@0.21.5 OK for: esbuild@0.21.5 want: 0.21.5
2180 silly placeDep ROOT @esbuild/linux-s390x@0.21.5 OK for: esbuild@0.21.5 want: 0.21.5
2181 silly placeDep ROOT @esbuild/linux-x64@0.21.5 OK for: esbuild@0.21.5 want: 0.21.5
2182 silly placeDep ROOT @esbuild/netbsd-x64@0.21.5 OK for: esbuild@0.21.5 want: 0.21.5
2183 silly placeDep ROOT @esbuild/openbsd-x64@0.21.5 OK for: esbuild@0.21.5 want: 0.21.5
2184 silly placeDep ROOT @esbuild/sunos-x64@0.21.5 OK for: esbuild@0.21.5 want: 0.21.5
2185 silly placeDep ROOT @esbuild/win32-arm64@0.21.5 OK for: esbuild@0.21.5 want: 0.21.5
2186 silly placeDep ROOT @esbuild/win32-ia32@0.21.5 OK for: esbuild@0.21.5 want: 0.21.5
2187 silly placeDep ROOT @esbuild/win32-x64@0.21.5 OK for: esbuild@0.21.5 want: 0.21.5
2188 silly placeDep ROOT @rollup/rollup-android-arm-eabi@4.60.2 OK for: rollup@4.60.2 want: 4.60.2
2189 silly placeDep ROOT @rollup/rollup-android-arm64@4.60.2 OK for: rollup@4.60.2 want: 4.60.2
2190 silly placeDep ROOT @rollup/rollup-darwin-arm64@4.60.2 OK for: rollup@4.60.2 want: 4.60.2
2191 silly placeDep ROOT @rollup/rollup-darwin-x64@4.60.2 OK for: rollup@4.60.2 want: 4.60.2
2192 silly placeDep ROOT @rollup/rollup-freebsd-arm64@4.60.2 OK for: rollup@4.60.2 want: 4.60.2
2193 silly placeDep ROOT @rollup/rollup-freebsd-x64@4.60.2 OK for: rollup@4.60.2 want: 4.60.2
2194 silly placeDep ROOT @rollup/rollup-linux-arm-gnueabihf@4.60.2 OK for: rollup@4.60.2 want: 4.60.2
2195 silly placeDep ROOT @rollup/rollup-linux-arm-musleabihf@4.60.2 OK for: rollup@4.60.2 want: 4.60.2
2196 silly placeDep ROOT @rollup/rollup-linux-arm64-gnu@4.60.2 OK for: rollup@4.60.2 want: 4.60.2
2197 silly placeDep ROOT @rollup/rollup-linux-arm64-musl@4.60.2 OK for: rollup@4.60.2 want: 4.60.2
2198 silly placeDep ROOT @rollup/rollup-linux-loong64-gnu@4.60.2 OK for: rollup@4.60.2 want: 4.60.2
2199 silly placeDep ROOT @rollup/rollup-linux-loong64-musl@4.60.2 OK for: rollup@4.60.2 want: 4.60.2
2200 silly placeDep ROOT @rollup/rollup-linux-ppc64-gnu@4.60.2 OK for: rollup@4.60.2 want: 4.60.2
2201 silly placeDep ROOT @rollup/rollup-linux-ppc64-musl@4.60.2 OK for: rollup@4.60.2 want: 4.60.2
2202 silly placeDep ROOT @rollup/rollup-linux-riscv64-gnu@4.60.2 OK for: rollup@4.60.2 want: 4.60.2
2203 silly placeDep ROOT @rollup/rollup-linux-riscv64-musl@4.60.2 OK for: rollup@4.60.2 want: 4.60.2
2204 silly placeDep ROOT @rollup/rollup-linux-s390x-gnu@4.60.2 OK for: rollup@4.60.2 want: 4.60.2
2205 silly placeDep ROOT @rollup/rollup-linux-x64-gnu@4.60.2 OK for: rollup@4.60.2 want: 4.60.2
2206 silly placeDep ROOT @rollup/rollup-linux-x64-musl@4.60.2 OK for: rollup@4.60.2 want: 4.60.2
2207 silly placeDep ROOT @rollup/rollup-openbsd-x64@4.60.2 OK for: rollup@4.60.2 want: 4.60.2
2208 silly placeDep ROOT @rollup/rollup-openharmony-arm64@4.60.2 OK for: rollup@4.60.2 want: 4.60.2
2209 silly placeDep ROOT @rollup/rollup-win32-arm64-msvc@4.60.2 OK for: rollup@4.60.2 want: 4.60.2
2210 silly placeDep ROOT @rollup/rollup-win32-ia32-msvc@4.60.2 OK for: rollup@4.60.2 want: 4.60.2
2211 silly placeDep ROOT @rollup/rollup-win32-x64-gnu@4.60.2 OK for: rollup@4.60.2 want: 4.60.2
2212 silly placeDep ROOT @rollup/rollup-win32-x64-msvc@4.60.2 OK for: rollup@4.60.2 want: 4.60.2
2213 silly placeDep ROOT @types/estree@1.0.8 OK for: rollup@4.60.2 want: 1.0.8
2214 silly placeDep ROOT isexe@2.0.0 OK for: which@2.0.2 want: ^2.0.0
2215 silly placeDep ROOT is-bigint@1.1.0 OK for: which-boxed-primitive@1.1.1 want: ^1.1.0
2216 silly placeDep ROOT is-boolean-object@1.2.2 OK for: which-boxed-primitive@1.1.1 want: ^1.2.1
2217 silly placeDep ROOT is-number-object@1.1.1 OK for: which-boxed-primitive@1.1.1 want: ^1.1.1
2218 silly placeDep ROOT is-async-function@2.1.1 OK for: which-builtin-type@1.2.1 want: ^2.0.0
2219 silly placeDep ROOT is-finalizationregistry@1.1.1 OK for: which-builtin-type@1.2.1 want: ^1.1.0
2220 silly placeDep ROOT is-generator-function@1.1.2 OK for: which-builtin-type@1.2.1 want: ^1.0.10
2221 silly placeDep ROOT which-collection@1.0.2 OK for: which-builtin-type@1.2.1 want: ^1.0.2
2222 silly fetch manifest async-function@^1.0.0
2223 silly packumentCache full:https://registry.npmjs.org/async-function cache-miss
2224 silly fetch manifest generator-function@^2.0.0
2225 silly packumentCache full:https://registry.npmjs.org/generator-function cache-miss
2226 silly fetch manifest is-map@^2.0.3
2227 silly packumentCache full:https://registry.npmjs.org/is-map cache-miss
2228 silly fetch manifest is-weakmap@^2.0.2
2229 silly packumentCache full:https://registry.npmjs.org/is-weakmap cache-miss
2230 silly fetch manifest is-weakset@^2.0.3
2231 silly packumentCache full:https://registry.npmjs.org/is-weakset cache-miss
2232 http cache https://registry.npmjs.org/is-weakset 13ms (cache hit)
2233 silly packumentCache full:https://registry.npmjs.org/is-weakset set size:21965 disposed:false
2234 http cache https://registry.npmjs.org/async-function 16ms (cache hit)
2235 silly packumentCache full:https://registry.npmjs.org/async-function set size:7150 disposed:false
2236 http cache https://registry.npmjs.org/generator-function 15ms (cache hit)
2237 silly packumentCache full:https://registry.npmjs.org/generator-function set size:10401 disposed:false
2238 http cache https://registry.npmjs.org/is-weakmap 16ms (cache hit)
2239 silly packumentCache full:https://registry.npmjs.org/is-weakmap set size:15163 disposed:false
2240 http cache https://registry.npmjs.org/is-map 17ms (cache hit)
2241 silly packumentCache full:https://registry.npmjs.org/is-map set size:18079 disposed:false
2242 silly placeDep ROOT async-function@1.0.0 OK for: is-async-function@2.1.1 want: ^1.0.0
2243 silly placeDep ROOT generator-function@2.0.1 OK for: is-generator-function@1.1.2 want: ^2.0.0
2244 silly placeDep ROOT is-map@2.0.3 OK for: which-collection@1.0.2 want: ^2.0.3
2245 silly placeDep ROOT is-weakmap@2.0.2 OK for: which-collection@1.0.2 want: ^2.0.2
2246 silly placeDep ROOT is-weakset@2.0.4 OK for: which-collection@1.0.2 want: ^2.0.3
2247 silly reify mark retired [
2247 silly reify   'C:\\Users\\digbi\\OneDrive\\Desktop\\Academics\\PROJECTS\\BTP_VI\\frontend\\node_modules\\postcss-import'
2247 silly reify ]
2248 silly reify mark retired [
2248 silly reify   'C:\\Users\\digbi\\OneDrive\\Desktop\\Academics\\PROJECTS\\BTP_VI\\frontend\\node_modules\\tailwindcss'
2248 silly reify ]
2249 silly reify moves {
2249 silly reify   'C:\\Users\\digbi\\OneDrive\\Desktop\\Academics\\PROJECTS\\BTP_VI\\frontend\\node_modules\\postcss-import': 'C:\\Users\\digbi\\OneDrive\\Desktop\\Academics\\PROJECTS\\BTP_VI\\frontend\\node_modules\\.postcss-import-8qGV9r9K',
2249 silly reify   'C:\\Users\\digbi\\OneDrive\\Desktop\\Academics\\PROJECTS\\BTP_VI\\frontend\\node_modules\\tailwindcss': 'C:\\Users\\digbi\\OneDrive\\Desktop\\Academics\\PROJECTS\\BTP_VI\\frontend\\node_modules\\.tailwindcss-GtGNEeNh'
2249 silly reify }
2250 silly audit bulk request {
2250 silly audit   '@types/react': [ '18.3.28' ],
2250 silly audit   '@types/react-dom': [ '18.3.7' ],
2250 silly audit   '@vitejs/plugin-react': [ '4.7.0' ],
2250 silly audit   vite: [ '5.4.21' ],
2250 silly audit   autoprefixer: [ '10.5.0' ],
2250 silly audit   postcss: [ '8.5.12' ],
2250 silly audit   axios: [ '1.15.2' ],
2250 silly audit   eslint: [ '8.57.1' ],
2250 silly audit   'eslint-plugin-react': [ '7.37.5' ],
2250 silly audit   'eslint-plugin-react-hooks': [ '4.6.2' ],
2250 silly audit   'eslint-plugin-react-refresh': [ '0.4.26' ],
2250 silly audit   'lucide-react': [ '0.344.0' ],
2250 silly audit   react: [ '18.3.1' ],
2250 silly audit   'react-dom': [ '18.3.1' ],
2250 silly audit   'react-router-dom': [ '6.30.3' ],
2250 silly audit   tailwindcss: [ '3.4.19' ],
2250 silly audit   '@types/prop-types': [ '15.7.15' ],
2250 silly audit   csstype: [ '3.2.3' ],
2250 silly audit   '@babel/core': [ '7.29.0' ],
2250 silly audit   '@babel/plugin-transform-react-jsx-self': [ '7.27.1' ],
2250 silly audit   '@babel/plugin-transform-react-jsx-source': [ '7.27.1' ],
2250 silly audit   '@rolldown/pluginutils': [ '1.0.0-beta.27' ],
2250 silly audit   '@types/babel__core': [ '7.20.5' ],
2250 silly audit   'react-refresh': [ '0.17.0' ],
2250 silly audit   '@babel/code-frame': [ '7.29.0' ],
2250 silly audit   '@babel/generator': [ '7.29.1' ],
2250 silly audit   '@babel/helper-compilation-targets': [ '7.28.6' ],
2250 silly audit   '@babel/helper-module-transforms': [ '7.28.6' ],
2250 silly audit   '@babel/helpers': [ '7.29.2' ],
2250 silly audit   '@babel/parser': [ '7.29.2' ],
2250 silly audit   '@babel/template': [ '7.28.6' ],
2250 silly audit   '@babel/traverse': [ '7.29.0' ],
2250 silly audit   '@babel/types': [ '7.29.0' ],
2250 silly audit   '@jridgewell/remapping': [ '2.3.5' ],
2250 silly audit   'convert-source-map': [ '2.0.0' ],
2250 silly audit   debug: [ '4.4.3' ],
2250 silly audit   gensync: [ '1.0.0-beta.2' ],
2250 silly audit   json5: [ '2.2.3' ],
2250 silly audit   semver: [ '6.3.1' ],
2250 silly audit   '@babel/helper-validator-identifier': [ '7.28.5' ],
2250 silly audit   'js-tokens': [ '4.0.0' ],
2250 silly audit   picocolors: [ '1.1.1' ],
2250 silly audit   '@jridgewell/gen-mapping': [ '0.3.13' ],
2250 silly audit   '@jridgewell/trace-mapping': [ '0.3.31' ],
2250 silly audit   jsesc: [ '3.1.0' ],
2250 silly audit   '@babel/compat-data': [ '7.29.0' ],
2250 silly audit   '@babel/helper-validator-option': [ '7.27.1' ],
2250 silly audit   browserslist: [ '4.28.2' ],
2250 silly audit   'lru-cache': [ '5.1.1' ],
2250 silly audit   '@babel/helper-module-imports': [ '7.28.6' ],
2250 silly audit   '@babel/helper-plugin-utils': [ '7.28.6' ],
2250 silly audit   '@babel/helper-globals': [ '7.28.0' ],
2250 silly audit   '@babel/helper-string-parser': [ '7.27.1' ],
2250 silly audit   '@jridgewell/sourcemap-codec': [ '1.5.5' ],
2250 silly audit   '@jridgewell/resolve-uri': [ '3.1.2' ],
2250 silly audit   '@types/babel__generator': [ '7.27.0' ],
2250 silly audit   '@types/babel__template': [ '7.4.4' ],
2250 silly audit   '@types/babel__traverse': [ '7.28.0' ],
2250 silly audit   'caniuse-lite': [ '1.0.30001791' ],
2250 silly audit   'fraction.js': [ '5.3.4' ],
2250 silly audit   'postcss-value-parser': [ '4.2.0' ],
2250 silly audit   'follow-redirects': [ '1.16.0' ],
2250 silly audit   'form-data': [ '4.0.5' ],
2250 silly audit   'proxy-from-env': [ '2.1.0' ],
2250 silly audit   'baseline-browser-mapping': [ '2.10.24' ],
2250 silly audit   'electron-to-chromium': [ '1.5.345' ],
2250 silly audit   'node-releases': [ '2.0.38' ],
2250 silly audit   'update-browserslist-db': [ '1.2.3' ],
2250 silly audit   ms: [ '2.1.3' ],
2250 silly audit   '@eslint-community/eslint-utils': [ '4.9.1' ],
2250 silly audit   '@eslint-community/regexpp': [ '4.12.2' ],
2250 silly audit   '@eslint/eslintrc': [ '2.1.4' ],
2250 silly audit   '@eslint/js': [ '8.57.1' ],
2250 silly audit   '@humanwhocodes/config-array': [ '0.13.0' ],
2250 silly audit   '@humanwhocodes/module-importer': [ '1.0.1' ],
2250 silly audit   '@nodelib/fs.walk': [ '1.2.8' ],
2250 silly audit   '@ungap/structured-clone': [ '1.3.0' ],
2250 silly audit   ajv: [ '6.15.0' ],
2250 silly audit   chalk: [ '4.1.2' ],
2250 silly audit   'cross-spawn': [ '7.0.6' ],
2250 silly audit   doctrine: [ '3.0.0', '2.1.0' ],
2250 silly audit   'escape-string-regexp': [ '4.0.0' ],
2250 silly audit   'eslint-scope': [ '7.2.2' ],
2250 silly audit   'eslint-visitor-keys': [ '3.4.3' ],
2250 silly audit   espree: [ '9.6.1' ],
2250 silly audit   esquery: [ '1.7.0' ],
2250 silly audit   esutils: [ '2.0.3' ],
2250 silly audit   'fast-deep-equal': [ '3.1.3' ],
2250 silly audit   'file-entry-cache': [ '6.0.1' ],
2250 silly audit   'find-up': [ '5.0.0' ],
2250 silly audit   'glob-parent': [ '6.0.2', '5.1.2' ],
2250 silly audit   globals: [ '13.24.0' ],
2250 silly audit   graphemer: [ '1.4.0' ],
2250 silly audit   ignore: [ '5.3.2' ],
2250 silly audit   imurmurhash: [ '0.1.4' ],
2250 silly audit   'is-glob': [ '4.0.3' ],
2250 silly audit   'is-path-inside': [ '3.0.3' ],
2250 silly audit   'js-yaml': [ '4.1.1' ],
2250 silly audit   'json-stable-stringify-without-jsonify': [ '1.0.1' ],
2250 silly audit   levn: [ '0.4.1' ],
2250 silly audit   'lodash.merge': [ '4.6.2' ],
2250 silly audit   minimatch: [ '3.1.5' ],
2250 silly audit   'natural-compare': [ '1.4.0' ],
2250 silly audit   optionator: [ '0.9.4' ],
2250 silly audit   'strip-ansi': [ '6.0.1' ],
2250 silly audit   'text-table': [ '0.2.0' ],
2250 silly audit   'import-fresh': [ '3.3.1' ],
2250 silly audit   'strip-json-comments': [ '3.1.1' ],
2250 silly audit   '@humanwhocodes/object-schema': [ '2.0.3' ],
2250 silly audit   '@nodelib/fs.scandir': [ '2.1.5' ],
2250 silly audit   fastq: [ '1.20.1' ],
2250 silly audit   '@nodelib/fs.stat': [ '2.0.5' ],
2250 silly audit   'run-parallel': [ '1.2.0' ],
2250 silly audit   'fast-json-stable-stringify': [ '2.1.0' ],
2250 silly audit   'json-schema-traverse': [ '0.4.1' ],
2250 silly audit   'uri-js': [ '4.4.1' ],
2250 silly audit   'ansi-styles': [ '4.3.0' ],
2250 silly audit   'supports-color': [ '7.2.0' ],
2250 silly audit   'color-convert': [ '2.0.1' ],
2250 silly audit   'color-name': [ '1.1.4' ],
2250 silly audit   'path-key': [ '3.1.1' ],
2250 silly audit   'shebang-command': [ '2.0.0' ],
2250 silly audit   which: [ '2.0.2' ],
2250 silly audit   'array-includes': [ '3.1.9' ],
2250 silly audit   'array.prototype.findlast': [ '1.2.5' ],
2250 silly audit   'array.prototype.flatmap': [ '1.3.3' ],
2250 silly audit   'array.prototype.tosorted': [ '1.1.4' ],
2250 silly audit   'es-iterator-helpers': [ '1.3.2' ],
2250 silly audit   estraverse: [ '5.3.0' ],
2250 silly audit   hasown: [ '2.0.3' ],
2250 silly audit   'jsx-ast-utils': [ '3.3.5' ],
2250 silly audit   'object.entries': [ '1.1.9' ],
2250 silly audit   'object.fromentries': [ '2.0.8' ],
2250 silly audit   'object.values': [ '1.2.1' ],
2250 silly audit   'prop-types': [ '15.8.1' ],
2250 silly audit   resolve: [ '2.0.0-next.6', '1.22.12' ],
2250 silly audit   'string.prototype.matchall': [ '4.0.12' ],
2250 silly audit   'string.prototype.repeat': [ '1.0.0' ],
2250 silly audit   'call-bind': [ '1.0.9' ],
2250 silly audit   'call-bound': [ '1.0.4' ],
2250 silly audit   'define-properties': [ '1.2.1' ],
2250 silly audit   'es-abstract': [ '1.24.2' ],
2250 silly audit   'es-object-atoms': [ '1.1.1' ],
2250 silly audit   'get-intrinsic': [ '1.3.0' ],
2250 silly audit   'is-string': [ '1.1.1' ],
2250 silly audit   'math-intrinsics': [ '1.1.0' ],
2250 silly audit   'es-errors': [ '1.3.0' ],
2250 silly audit   'es-shim-unscopables': [ '1.1.0' ],
2250 silly audit   'call-bind-apply-helpers': [ '1.0.2' ],
2250 silly audit   'es-define-property': [ '1.0.1' ],
2250 silly audit   'set-function-length': [ '1.2.2' ],
2250 silly audit   'function-bind': [ '1.1.2' ],
2250 silly audit   'define-data-property': [ '1.1.4' ],
2250 silly audit   'has-property-descriptors': [ '1.0.2' ],
2250 silly audit   'object-keys': [ '1.1.1' ],
2250 silly audit   gopd: [ '1.2.0' ],
2250 silly audit   'array-buffer-byte-length': [ '1.0.2' ],
2250 silly audit   'arraybuffer.prototype.slice': [ '1.0.4' ],
2250 silly audit   'available-typed-arrays': [ '1.0.7' ],
2250 silly audit   'data-view-buffer': [ '1.0.2' ],
2250 silly audit   'data-view-byte-length': [ '1.0.2' ],
2250 silly audit   'data-view-byte-offset': [ '1.0.1' ],
2250 silly audit   'es-set-tostringtag': [ '2.1.0' ],
2250 silly audit   'es-to-primitive': [ '1.3.0' ],
2250 silly audit   'function.prototype.name': [ '1.1.8' ],
2250 silly audit   'get-proto': [ '1.0.1' ],
2250 silly audit   'get-symbol-description': [ '1.1.0' ],
2250 silly audit   globalthis: [ '1.0.4' ],
2250 silly audit   'has-proto': [ '1.2.0' ],
2250 silly audit   'has-symbols': [ '1.1.0' ],
2250 silly audit   'internal-slot': [ '1.1.0' ],
2250 silly audit   'is-array-buffer': [ '3.0.5' ],
2250 silly audit   'is-callable': [ '1.2.7' ],
2250 silly audit   'is-data-view': [ '1.0.2' ],
2250 silly audit   'is-negative-zero': [ '2.0.3' ],
2250 silly audit   'is-regex': [ '1.2.1' ],
2250 silly audit   'is-set': [ '2.0.3' ],
2250 silly audit   'is-shared-array-buffer': [ '1.0.4' ],
2250 silly audit   'is-typed-array': [ '1.1.15' ],
2250 silly audit   'is-weakref': [ '1.1.1' ],
2250 silly audit   'object-inspect': [ '1.13.4' ],
2250 silly audit   'object.assign': [ '4.1.7' ],
2250 silly audit   'own-keys': [ '1.0.1' ],
2250 silly audit   'regexp.prototype.flags': [ '1.5.4' ],
2250 silly audit   'safe-array-concat': [ '1.1.4' ],
2250 silly audit   'safe-push-apply': [ '1.0.0' ],
2250 silly audit   'safe-regex-test': [ '1.1.0' ],
2250 silly audit   'set-proto': [ '1.0.0' ],
2250 silly audit   'stop-iteration-iterator': [ '1.1.0' ],
2250 silly audit   'string.prototype.trim': [ '1.2.10' ],
2250 silly audit   'string.prototype.trimend': [ '1.0.9' ],
2250 silly audit   'string.prototype.trimstart': [ '1.0.8' ],
2250 silly audit   'typed-array-buffer': [ '1.0.3' ],
2250 silly audit   'typed-array-byte-length': [ '1.0.3' ],
2250 silly audit   'typed-array-byte-offset': [ '1.0.4' ],
2250 silly audit   'typed-array-length': [ '1.0.7' ],
2250 silly audit   'unbox-primitive': [ '1.1.0' ],
2250 silly audit   'which-typed-array': [ '1.1.20' ],
2250 silly audit   'possible-typed-array-names': [ '1.1.0' ],
2250 silly audit   'iterator.prototype': [ '1.1.5' ],
2250 silly audit   'has-tostringtag': [ '1.0.2' ],
2250 silly audit   'is-date-object': [ '1.1.0' ],
2250 silly audit   'is-symbol': [ '1.1.1' ],
2250 silly audit   esrecurse: [ '4.3.0' ],
2250 silly audit   acorn: [ '8.16.0' ],
2250 silly audit   'acorn-jsx': [ '5.3.2' ],
2250 silly audit   reusify: [ '1.1.0' ],
2250 silly audit   'flat-cache': [ '3.2.0' ],
2250 silly audit   'locate-path': [ '6.0.0' ],
2250 silly audit   'path-exists': [ '4.0.0' ],
2250 silly audit   flatted: [ '3.4.2' ],
2250 silly audit   keyv: [ '4.5.4' ],
2250 silly audit   rimraf: [ '3.0.2' ],
2250 silly audit   asynckit: [ '0.4.0' ],
2250 silly audit   'combined-stream': [ '1.0.8' ],
2250 silly audit   'mime-types': [ '2.1.35' ],
2250 silly audit   'delayed-stream': [ '1.0.0' ],
2250 silly audit   'functions-have-names': [ '1.2.3' ],
2250 silly audit   'dunder-proto': [ '1.0.1' ],
2250 silly audit   'type-fest': [ '0.20.2' ],
2250 silly audit   'parent-module': [ '1.0.1' ],
2250 silly audit   'resolve-from': [ '4.0.0' ],
2250 silly audit   'side-channel': [ '1.1.0' ],
2250 silly audit   'is-extglob': [ '2.1.1' ],
2250 silly audit   'set-function-name': [ '2.0.2' ],
2250 silly audit   argparse: [ '2.0.1' ],
2250 silly audit   'array.prototype.flat': [ '1.3.3' ],
2250 silly audit   'json-buffer': [ '3.0.1' ],
2250 silly audit   'prelude-ls': [ '1.2.1' ],
2250 silly audit   'type-check': [ '0.4.0' ],
2250 silly audit   'p-locate': [ '5.0.0' ],
2250 silly audit   yallist: [ '3.1.1' ],
2250 silly audit   'mime-db': [ '1.52.0' ],
2250 silly audit   'brace-expansion': [ '1.1.14' ],
2250 silly audit   'balanced-match': [ '1.0.2' ],
2250 silly audit   'concat-map': [ '0.0.1' ],
2250 silly audit   'deep-is': [ '0.1.4' ],
2250 silly audit   'fast-levenshtein': [ '2.0.6' ],
2250 silly audit   'word-wrap': [ '1.2.5' ],
2250 silly audit   'p-limit': [ '3.1.0' ],
2250 silly audit   'yocto-queue': [ '0.1.0' ],
2250 silly audit   callsites: [ '3.1.0' ],
2250 silly audit   nanoid: [ '3.3.11' ],
2250 silly audit   'source-map-js': [ '1.2.1' ],
2250 silly audit   'loose-envify': [ '1.4.0' ],
2250 silly audit   'object-assign': [ '4.1.1' ],
2250 silly audit   'react-is': [ '16.13.1' ],
2250 silly audit   scheduler: [ '0.23.2' ],
2250 silly audit   '@remix-run/router': [ '1.23.2' ],
2250 silly audit   'react-router': [ '6.30.3' ],
2250 silly audit   'is-core-module': [ '2.16.1' ],
2250 silly audit   'node-exports-info': [ '1.6.0' ],
2250 silly audit   'path-parse': [ '1.0.7' ],
2250 silly audit   'supports-preserve-symlinks-flag': [ '1.0.0' ],
2250 silly audit   glob: [ '7.2.3' ],
2250 silly audit   'fs.realpath': [ '1.0.0' ],
2250 silly audit   inflight: [ '1.0.6' ],
2250 silly audit   inherits: [ '2.0.4' ],
2250 silly audit   once: [ '1.4.0' ],
2250 silly audit   'path-is-absolute': [ '1.0.1' ],
2250 silly audit   wrappy: [ '1.0.2' ],
2250 silly audit   'queue-microtask': [ '1.2.3' ],
2250 silly audit   isarray: [ '2.0.5' ],
2250 silly audit   'shebang-regex': [ '3.0.0' ],
2250 silly audit   'side-channel-list': [ '1.0.1' ],
2250 silly audit   'side-channel-map': [ '1.0.1' ],
2250 silly audit   'side-channel-weakmap': [ '1.0.2' ],
2250 silly audit   'ansi-regex': [ '5.0.1' ],
2250 silly audit   'has-flag': [ '4.0.0' ],
2250 silly audit   '@alloc/quick-lru': [ '5.2.0' ],
2250 silly audit   arg: [ '5.0.2' ],
2250 silly audit   chokidar: [ '3.6.0' ],
2250 silly audit   didyoumean: [ '1.2.2' ],
2250 silly audit   dlv: [ '1.1.3' ],
2250 silly audit   'fast-glob': [ '3.3.3' ],
2250 silly audit   jiti: [ '1.21.7' ],
2250 silly audit   lilconfig: [ '3.1.3' ],
2250 silly audit   micromatch: [ '4.0.8' ],
2250 silly audit   'normalize-path': [ '3.0.0' ],
2250 silly audit   'object-hash': [ '3.0.0' ],
2250 silly audit   'postcss-import': [ '15.1.0' ],
2250 silly audit   'postcss-js': [ '4.1.0' ],
2250 silly audit   'postcss-load-config': [ '6.0.1' ],
2250 silly audit   'postcss-nested': [ '6.2.0' ],
2250 silly audit   'postcss-selector-parser': [ '6.1.2' ],
2250 silly audit   sucrase: [ '3.35.1' ],
2250 silly audit   anymatch: [ '3.1.3' ],
2250 silly audit   braces: [ '3.0.3' ],
2250 silly audit   fsevents: [ '2.3.3' ],
2250 silly audit   'is-binary-path': [ '2.1.0' ],
2250 silly audit   readdirp: [ '3.6.0' ],
2250 silly audit   picomatch: [ '2.3.2', '4.0.4' ],
2250 silly audit   'fill-range': [ '7.1.1' ],
2250 silly audit   merge2: [ '1.4.1' ],
2250 silly audit   'to-regex-range': [ '5.0.1' ],
2250 silly audit   'binary-extensions': [ '2.3.0' ],
2250 silly audit   'read-cache': [ '1.0.0' ],
2250 silly audit   'camelcase-css': [ '2.0.1' ],
2250 silly audit   cssesc: [ '3.0.0' ],
2250 silly audit   'util-deprecate': [ '1.0.2' ],
2250 silly audit   pify: [ '2.3.0' ],
2250 silly audit   commander: [ '4.1.1' ],
2250 silly audit   'lines-and-columns': [ '1.2.4' ],
2250 silly audit   mz: [ '2.7.0' ],
2250 silly audit   pirates: [ '4.0.7' ],
2250 silly audit   tinyglobby: [ '0.2.16' ],
2250 silly audit   'ts-interface-checker': [ '0.1.13' ],
2250 silly audit   'any-promise': [ '1.3.0' ],
2250 silly audit   'thenify-all': [ '1.6.0' ],
2250 silly audit   thenify: [ '3.3.1' ],
2250 silly audit   fdir: [ '6.5.0' ],
2250 silly audit   'is-number': [ '7.0.0' ],
2250 silly audit   'for-each': [ '0.3.5' ],
2250 silly audit   'reflect.getprototypeof': [ '1.0.10' ],
2250 silly audit   'which-builtin-type': [ '1.2.1' ],
2250 silly audit   'has-bigints': [ '1.1.0' ],
2250 silly audit   'which-boxed-primitive': [ '1.1.1' ],
2250 silly audit   escalade: [ '3.2.0' ],
2250 silly audit   punycode: [ '2.3.1' ],
2250 silly audit   esbuild: [ '0.21.5' ],
2250 silly audit   rollup: [ '4.60.2' ],
2250 silly audit   '@esbuild/aix-ppc64': [ '0.21.5' ],
2250 silly audit   '@esbuild/android-arm': [ '0.21.5' ],
2250 silly audit   '@esbuild/android-arm64': [ '0.21.5' ],
2250 silly audit   '@esbuild/android-x64': [ '0.21.5' ],
2250 silly audit   '@esbuild/darwin-arm64': [ '0.21.5' ],
2250 silly audit   '@esbuild/darwin-x64': [ '0.21.5' ],
2250 silly audit   '@esbuild/freebsd-arm64': [ '0.21.5' ],
2250 silly audit   '@esbuild/freebsd-x64': [ '0.21.5' ],
2250 silly audit   '@esbuild/linux-arm': [ '0.21.5' ],
2250 silly audit   '@esbuild/linux-arm64': [ '0.21.5' ],
2250 silly audit   '@esbuild/linux-ia32': [ '0.21.5' ],
2250 silly audit   '@esbuild/linux-loong64': [ '0.21.5' ],
2250 silly audit   '@esbuild/linux-mips64el': [ '0.21.5' ],
2250 silly audit   '@esbuild/linux-ppc64': [ '0.21.5' ],
2250 silly audit   '@esbuild/linux-riscv64': [ '0.21.5' ],
2250 silly audit   '@esbuild/linux-s390x': [ '0.21.5' ],
2250 silly audit   '@esbuild/linux-x64': [ '0.21.5' ],
2250 silly audit   '@esbuild/netbsd-x64': [ '0.21.5' ],
2250 silly audit   '@esbuild/openbsd-x64': [ '0.21.5' ],
2250 silly audit   '@esbuild/sunos-x64': [ '0.21.5' ],
2250 silly audit   '@esbuild/win32-arm64': [ '0.21.5' ],
2250 silly audit   '@esbuild/win32-ia32': [ '0.21.5' ],
2250 silly audit   '@esbuild/win32-x64': [ '0.21.5' ],
2250 silly audit   '@rollup/rollup-android-arm-eabi': [ '4.60.2' ],
2250 silly audit   '@rollup/rollup-android-arm64': [ '4.60.2' ],
2250 silly audit   '@rollup/rollup-darwin-arm64': [ '4.60.2' ],
2250 silly audit   '@rollup/rollup-darwin-x64': [ '4.60.2' ],
2250 silly audit   '@rollup/rollup-freebsd-arm64': [ '4.60.2' ],
2250 silly audit   '@rollup/rollup-freebsd-x64': [ '4.60.2' ],
2250 silly audit   '@rollup/rollup-linux-arm-gnueabihf': [ '4.60.2' ],
2250 silly audit   '@rollup/rollup-linux-arm-musleabihf': [ '4.60.2' ],
2250 silly audit   '@rollup/rollup-linux-arm64-gnu': [ '4.60.2' ],
2250 silly audit   '@rollup/rollup-linux-arm64-musl': [ '4.60.2' ],
2250 silly audit   '@rollup/rollup-linux-loong64-gnu': [ '4.60.2' ],
2250 silly audit   '@rollup/rollup-linux-loong64-musl': [ '4.60.2' ],
2250 silly audit   '@rollup/rollup-linux-ppc64-gnu': [ '4.60.2' ],
2250 silly audit   '@rollup/rollup-linux-ppc64-musl': [ '4.60.2' ],
2250 silly audit   '@rollup/rollup-linux-riscv64-gnu': [ '4.60.2' ],
2250 silly audit   '@rollup/rollup-linux-riscv64-musl': [ '4.60.2' ],
2250 silly audit   '@rollup/rollup-linux-s390x-gnu': [ '4.60.2' ],
2250 silly audit   '@rollup/rollup-linux-x64-gnu': [ '4.60.2' ],
2250 silly audit   '@rollup/rollup-linux-x64-musl': [ '4.60.2' ],
2250 silly audit   '@rollup/rollup-openbsd-x64': [ '4.60.2' ],
2250 silly audit   '@rollup/rollup-openharmony-arm64': [ '4.60.2' ],
2250 silly audit   '@rollup/rollup-win32-arm64-msvc': [ '4.60.2' ],
2250 silly audit   '@rollup/rollup-win32-ia32-msvc': [ '4.60.2' ],
2250 silly audit   '@rollup/rollup-win32-x64-gnu': [ '4.60.2' ],
2250 silly audit   '@rollup/rollup-win32-x64-msvc': [ '4.60.2' ],
2250 silly audit   '@types/estree': [ '1.0.8' ],
2250 silly audit   isexe: [ '2.0.0' ],
2250 silly audit   'is-bigint': [ '1.1.0' ],
2250 silly audit   'is-boolean-object': [ '1.2.2' ],
2250 silly audit   'is-number-object': [ '1.1.1' ],
2250 silly audit   'is-async-function': [ '2.1.1' ],
2250 silly audit   'is-finalizationregistry': [ '1.1.1' ],
2250 silly audit   'is-generator-function': [ '1.1.2' ],
2250 silly audit   'which-collection': [ '1.0.2' ],
2250 silly audit   'async-function': [ '1.0.0' ],
2250 silly audit   'generator-function': [ '2.0.1' ],
2250 silly audit   'is-map': [ '2.0.3' ],
2250 silly audit   'is-weakmap': [ '2.0.2' ],
2250 silly audit   'is-weakset': [ '2.0.4' ]
2250 silly audit }
2251 verbose reify failed optional dependency C:\Users\digbi\OneDrive\Desktop\Academics\PROJECTS\BTP_VI\frontend\node_modules\@rollup\rollup-win32-ia32-msvc
2252 silly reify mark deleted [
2252 silly reify   'C:\\Users\\digbi\\OneDrive\\Desktop\\Academics\\PROJECTS\\BTP_VI\\frontend\\node_modules\\@rollup\\rollup-win32-ia32-msvc'
2252 silly reify ]
2253 verbose reify failed optional dependency C:\Users\digbi\OneDrive\Desktop\Academics\PROJECTS\BTP_VI\frontend\node_modules\@rollup\rollup-win32-arm64-msvc
2254 silly reify mark deleted [
2254 silly reify   'C:\\Users\\digbi\\OneDrive\\Desktop\\Academics\\PROJECTS\\BTP_VI\\frontend\\node_modules\\@rollup\\rollup-win32-arm64-msvc'
2254 silly reify ]
2255 verbose reify failed optional dependency C:\Users\digbi\OneDrive\Desktop\Academics\PROJECTS\BTP_VI\frontend\node_modules\@rollup\rollup-openharmony-arm64
2256 silly reify mark deleted [
2256 silly reify   'C:\\Users\\digbi\\OneDrive\\Desktop\\Academics\\PROJECTS\\BTP_VI\\frontend\\node_modules\\@rollup\\rollup-openharmony-arm64'
2256 silly reify ]
2257 verbose reify failed optional dependency C:\Users\digbi\OneDrive\Desktop\Academics\PROJECTS\BTP_VI\frontend\node_modules\@rollup\rollup-openbsd-x64
2258 silly reify mark deleted [
2258 silly reify   'C:\\Users\\digbi\\OneDrive\\Desktop\\Academics\\PROJECTS\\BTP_VI\\frontend\\node_modules\\@rollup\\rollup-openbsd-x64'
2258 silly reify ]
2259 verbose reify failed optional dependency C:\Users\digbi\OneDrive\Desktop\Academics\PROJECTS\BTP_VI\frontend\node_modules\@rollup\rollup-linux-x64-musl
2260 silly reify mark deleted [
2260 silly reify   'C:\\Users\\digbi\\OneDrive\\Desktop\\Academics\\PROJECTS\\BTP_VI\\frontend\\node_modules\\@rollup\\rollup-linux-x64-musl'
2260 silly reify ]
2261 verbose reify failed optional dependency C:\Users\digbi\OneDrive\Desktop\Academics\PROJECTS\BTP_VI\frontend\node_modules\@rollup\rollup-linux-x64-gnu
2262 silly reify mark deleted [
2262 silly reify   'C:\\Users\\digbi\\OneDrive\\Desktop\\Academics\\PROJECTS\\BTP_VI\\frontend\\node_modules\\@rollup\\rollup-linux-x64-gnu'
2262 silly reify ]
2263 verbose reify failed optional dependency C:\Users\digbi\OneDrive\Desktop\Academics\PROJECTS\BTP_VI\frontend\node_modules\@rollup\rollup-linux-s390x-gnu
2264 silly reify mark deleted [
2264 silly reify   'C:\\Users\\digbi\\OneDrive\\Desktop\\Academics\\PROJECTS\\BTP_VI\\frontend\\node_modules\\@rollup\\rollup-linux-s390x-gnu'
2264 silly reify ]
2265 verbose reify failed optional dependency C:\Users\digbi\OneDrive\Desktop\Academics\PROJECTS\BTP_VI\frontend\node_modules\@rollup\rollup-linux-riscv64-musl
2266 silly reify mark deleted [
2266 silly reify   'C:\\Users\\digbi\\OneDrive\\Desktop\\Academics\\PROJECTS\\BTP_VI\\frontend\\node_modules\\@rollup\\rollup-linux-riscv64-musl'
2266 silly reify ]
2267 verbose reify failed optional dependency C:\Users\digbi\OneDrive\Desktop\Academics\PROJECTS\BTP_VI\frontend\node_modules\@rollup\rollup-linux-riscv64-gnu
2268 silly reify mark deleted [
2268 silly reify   'C:\\Users\\digbi\\OneDrive\\Desktop\\Academics\\PROJECTS\\BTP_VI\\frontend\\node_modules\\@rollup\\rollup-linux-riscv64-gnu'
2268 silly reify ]
2269 verbose reify failed optional dependency C:\Users\digbi\OneDrive\Desktop\Academics\PROJECTS\BTP_VI\frontend\node_modules\@rollup\rollup-linux-ppc64-musl
2270 silly reify mark deleted [
2270 silly reify   'C:\\Users\\digbi\\OneDrive\\Desktop\\Academics\\PROJECTS\\BTP_VI\\frontend\\node_modules\\@rollup\\rollup-linux-ppc64-musl'
2270 silly reify ]
2271 verbose reify failed optional dependency C:\Users\digbi\OneDrive\Desktop\Academics\PROJECTS\BTP_VI\frontend\node_modules\@rollup\rollup-linux-ppc64-gnu
2272 silly reify mark deleted [
2272 silly reify   'C:\\Users\\digbi\\OneDrive\\Desktop\\Academics\\PROJECTS\\BTP_VI\\frontend\\node_modules\\@rollup\\rollup-linux-ppc64-gnu'
2272 silly reify ]
2273 verbose reify failed optional dependency C:\Users\digbi\OneDrive\Desktop\Academics\PROJECTS\BTP_VI\frontend\node_modules\@rollup\rollup-linux-loong64-musl
2274 silly reify mark deleted [
2274 silly reify   'C:\\Users\\digbi\\OneDrive\\Desktop\\Academics\\PROJECTS\\BTP_VI\\frontend\\node_modules\\@rollup\\rollup-linux-loong64-musl'
2274 silly reify ]
2275 verbose reify failed optional dependency C:\Users\digbi\OneDrive\Desktop\Academics\PROJECTS\BTP_VI\frontend\node_modules\@rollup\rollup-linux-loong64-gnu
2276 silly reify mark deleted [
2276 silly reify   'C:\\Users\\digbi\\OneDrive\\Desktop\\Academics\\PROJECTS\\BTP_VI\\frontend\\node_modules\\@rollup\\rollup-linux-loong64-gnu'
2276 silly reify ]
2277 verbose reify failed optional dependency C:\Users\digbi\OneDrive\Desktop\Academics\PROJECTS\BTP_VI\frontend\node_modules\@rollup\rollup-linux-arm64-musl
2278 silly reify mark deleted [
2278 silly reify   'C:\\Users\\digbi\\OneDrive\\Desktop\\Academics\\PROJECTS\\BTP_VI\\frontend\\node_modules\\@rollup\\rollup-linux-arm64-musl'
2278 silly reify ]
2279 verbose reify failed optional dependency C:\Users\digbi\OneDrive\Desktop\Academics\PROJECTS\BTP_VI\frontend\node_modules\@rollup\rollup-linux-arm64-gnu
2280 silly reify mark deleted [
2280 silly reify   'C:\\Users\\digbi\\OneDrive\\Desktop\\Academics\\PROJECTS\\BTP_VI\\frontend\\node_modules\\@rollup\\rollup-linux-arm64-gnu'
2280 silly reify ]
2281 verbose reify failed optional dependency C:\Users\digbi\OneDrive\Desktop\Academics\PROJECTS\BTP_VI\frontend\node_modules\@rollup\rollup-linux-arm-musleabihf
2282 silly reify mark deleted [
2282 silly reify   'C:\\Users\\digbi\\OneDrive\\Desktop\\Academics\\PROJECTS\\BTP_VI\\frontend\\node_modules\\@rollup\\rollup-linux-arm-musleabihf'
2282 silly reify ]
2283 verbose reify failed optional dependency C:\Users\digbi\OneDrive\Desktop\Academics\PROJECTS\BTP_VI\frontend\node_modules\@rollup\rollup-linux-arm-gnueabihf
2284 silly reify mark deleted [
2284 silly reify   'C:\\Users\\digbi\\OneDrive\\Desktop\\Academics\\PROJECTS\\BTP_VI\\frontend\\node_modules\\@rollup\\rollup-linux-arm-gnueabihf'
2284 silly reify ]
2285 verbose reify failed optional dependency C:\Users\digbi\OneDrive\Desktop\Academics\PROJECTS\BTP_VI\frontend\node_modules\@rollup\rollup-freebsd-x64
2286 silly reify mark deleted [
2286 silly reify   'C:\\Users\\digbi\\OneDrive\\Desktop\\Academics\\PROJECTS\\BTP_VI\\frontend\\node_modules\\@rollup\\rollup-freebsd-x64'
2286 silly reify ]
2287 verbose reify failed optional dependency C:\Users\digbi\OneDrive\Desktop\Academics\PROJECTS\BTP_VI\frontend\node_modules\@rollup\rollup-freebsd-arm64
2288 silly reify mark deleted [
2288 silly reify   'C:\\Users\\digbi\\OneDrive\\Desktop\\Academics\\PROJECTS\\BTP_VI\\frontend\\node_modules\\@rollup\\rollup-freebsd-arm64'
2288 silly reify ]
2289 verbose reify failed optional dependency C:\Users\digbi\OneDrive\Desktop\Academics\PROJECTS\BTP_VI\frontend\node_modules\@rollup\rollup-darwin-x64
2290 silly reify mark deleted [
2290 silly reify   'C:\\Users\\digbi\\OneDrive\\Desktop\\Academics\\PROJECTS\\BTP_VI\\frontend\\node_modules\\@rollup\\rollup-darwin-x64'
2290 silly reify ]
2291 verbose reify failed optional dependency C:\Users\digbi\OneDrive\Desktop\Academics\PROJECTS\BTP_VI\frontend\node_modules\@rollup\rollup-darwin-arm64
2292 silly reify mark deleted [
2292 silly reify   'C:\\Users\\digbi\\OneDrive\\Desktop\\Academics\\PROJECTS\\BTP_VI\\frontend\\node_modules\\@rollup\\rollup-darwin-arm64'
2292 silly reify ]
2293 verbose reify failed optional dependency C:\Users\digbi\OneDrive\Desktop\Academics\PROJECTS\BTP_VI\frontend\node_modules\@rollup\rollup-android-arm64
2294 silly reify mark deleted [
2294 silly reify   'C:\\Users\\digbi\\OneDrive\\Desktop\\Academics\\PROJECTS\\BTP_VI\\frontend\\node_modules\\@rollup\\rollup-android-arm64'
2294 silly reify ]
2295 verbose reify failed optional dependency C:\Users\digbi\OneDrive\Desktop\Academics\PROJECTS\BTP_VI\frontend\node_modules\@rollup\rollup-android-arm-eabi
2296 silly reify mark deleted [
2296 silly reify   'C:\\Users\\digbi\\OneDrive\\Desktop\\Academics\\PROJECTS\\BTP_VI\\frontend\\node_modules\\@rollup\\rollup-android-arm-eabi'
2296 silly reify ]
2297 verbose reify failed optional dependency C:\Users\digbi\OneDrive\Desktop\Academics\PROJECTS\BTP_VI\frontend\node_modules\@esbuild\win32-ia32
2298 silly reify mark deleted [
2298 silly reify   'C:\\Users\\digbi\\OneDrive\\Desktop\\Academics\\PROJECTS\\BTP_VI\\frontend\\node_modules\\@esbuild\\win32-ia32'
2298 silly reify ]
2299 verbose reify failed optional dependency C:\Users\digbi\OneDrive\Desktop\Academics\PROJECTS\BTP_VI\frontend\node_modules\@esbuild\win32-arm64
2300 silly reify mark deleted [
2300 silly reify   'C:\\Users\\digbi\\OneDrive\\Desktop\\Academics\\PROJECTS\\BTP_VI\\frontend\\node_modules\\@esbuild\\win32-arm64'
2300 silly reify ]
2301 verbose reify failed optional dependency C:\Users\digbi\OneDrive\Desktop\Academics\PROJECTS\BTP_VI\frontend\node_modules\@esbuild\sunos-x64
2302 silly reify mark deleted [
2302 silly reify   'C:\\Users\\digbi\\OneDrive\\Desktop\\Academics\\PROJECTS\\BTP_VI\\frontend\\node_modules\\@esbuild\\sunos-x64'
2302 silly reify ]
2303 verbose reify failed optional dependency C:\Users\digbi\OneDrive\Desktop\Academics\PROJECTS\BTP_VI\frontend\node_modules\@esbuild\openbsd-x64
2304 silly reify mark deleted [
2304 silly reify   'C:\\Users\\digbi\\OneDrive\\Desktop\\Academics\\PROJECTS\\BTP_VI\\frontend\\node_modules\\@esbuild\\openbsd-x64'
2304 silly reify ]
2305 verbose reify failed optional dependency C:\Users\digbi\OneDrive\Desktop\Academics\PROJECTS\BTP_VI\frontend\node_modules\@esbuild\netbsd-x64
2306 silly reify mark deleted [
2306 silly reify   'C:\\Users\\digbi\\OneDrive\\Desktop\\Academics\\PROJECTS\\BTP_VI\\frontend\\node_modules\\@esbuild\\netbsd-x64'
2306 silly reify ]
2307 verbose reify failed optional dependency C:\Users\digbi\OneDrive\Desktop\Academics\PROJECTS\BTP_VI\frontend\node_modules\@esbuild\linux-x64
2308 silly reify mark deleted [
2308 silly reify   'C:\\Users\\digbi\\OneDrive\\Desktop\\Academics\\PROJECTS\\BTP_VI\\frontend\\node_modules\\@esbuild\\linux-x64'
2308 silly reify ]
2309 verbose reify failed optional dependency C:\Users\digbi\OneDrive\Desktop\Academics\PROJECTS\BTP_VI\frontend\node_modules\@esbuild\linux-s390x
2310 silly reify mark deleted [
2310 silly reify   'C:\\Users\\digbi\\OneDrive\\Desktop\\Academics\\PROJECTS\\BTP_VI\\frontend\\node_modules\\@esbuild\\linux-s390x'
2310 silly reify ]
2311 verbose reify failed optional dependency C:\Users\digbi\OneDrive\Desktop\Academics\PROJECTS\BTP_VI\frontend\node_modules\@esbuild\linux-riscv64
2312 silly reify mark deleted [
2312 silly reify   'C:\\Users\\digbi\\OneDrive\\Desktop\\Academics\\PROJECTS\\BTP_VI\\frontend\\node_modules\\@esbuild\\linux-riscv64'
2312 silly reify ]
2313 verbose reify failed optional dependency C:\Users\digbi\OneDrive\Desktop\Academics\PROJECTS\BTP_VI\frontend\node_modules\@esbuild\linux-ppc64
2314 silly reify mark deleted [
2314 silly reify   'C:\\Users\\digbi\\OneDrive\\Desktop\\Academics\\PROJECTS\\BTP_VI\\frontend\\node_modules\\@esbuild\\linux-ppc64'
2314 silly reify ]
2315 verbose reify failed optional dependency C:\Users\digbi\OneDrive\Desktop\Academics\PROJECTS\BTP_VI\frontend\node_modules\@esbuild\linux-mips64el
2316 silly reify mark deleted [
2316 silly reify   'C:\\Users\\digbi\\OneDrive\\Desktop\\Academics\\PROJECTS\\BTP_VI\\frontend\\node_modules\\@esbuild\\linux-mips64el'
2316 silly reify ]
2317 verbose reify failed optional dependency C:\Users\digbi\OneDrive\Desktop\Academics\PROJECTS\BTP_VI\frontend\node_modules\@esbuild\linux-loong64
2318 silly reify mark deleted [
2318 silly reify   'C:\\Users\\digbi\\OneDrive\\Desktop\\Academics\\PROJECTS\\BTP_VI\\frontend\\node_modules\\@esbuild\\linux-loong64'
2318 silly reify ]
2319 verbose reify failed optional dependency C:\Users\digbi\OneDrive\Desktop\Academics\PROJECTS\BTP_VI\frontend\node_modules\@esbuild\linux-ia32
2320 silly reify mark deleted [
2320 silly reify   'C:\\Users\\digbi\\OneDrive\\Desktop\\Academics\\PROJECTS\\BTP_VI\\frontend\\node_modules\\@esbuild\\linux-ia32'
2320 silly reify ]
2321 verbose reify failed optional dependency C:\Users\digbi\OneDrive\Desktop\Academics\PROJECTS\BTP_VI\frontend\node_modules\@esbuild\linux-arm64
2322 silly reify mark deleted [
2322 silly reify   'C:\\Users\\digbi\\OneDrive\\Desktop\\Academics\\PROJECTS\\BTP_VI\\frontend\\node_modules\\@esbuild\\linux-arm64'
2322 silly reify ]
2323 verbose reify failed optional dependency C:\Users\digbi\OneDrive\Desktop\Academics\PROJECTS\BTP_VI\frontend\node_modules\@esbuild\linux-arm
2324 silly reify mark deleted [
2324 silly reify   'C:\\Users\\digbi\\OneDrive\\Desktop\\Academics\\PROJECTS\\BTP_VI\\frontend\\node_modules\\@esbuild\\linux-arm'
2324 silly reify ]
2325 verbose reify failed optional dependency C:\Users\digbi\OneDrive\Desktop\Academics\PROJECTS\BTP_VI\frontend\node_modules\@esbuild\freebsd-x64
2326 silly reify mark deleted [
2326 silly reify   'C:\\Users\\digbi\\OneDrive\\Desktop\\Academics\\PROJECTS\\BTP_VI\\frontend\\node_modules\\@esbuild\\freebsd-x64'
2326 silly reify ]
2327 verbose reify failed optional dependency C:\Users\digbi\OneDrive\Desktop\Academics\PROJECTS\BTP_VI\frontend\node_modules\@esbuild\freebsd-arm64
2328 silly reify mark deleted [
2328 silly reify   'C:\\Users\\digbi\\OneDrive\\Desktop\\Academics\\PROJECTS\\BTP_VI\\frontend\\node_modules\\@esbuild\\freebsd-arm64'
2328 silly reify ]
2329 verbose reify failed optional dependency C:\Users\digbi\OneDrive\Desktop\Academics\PROJECTS\BTP_VI\frontend\node_modules\@esbuild\darwin-x64
2330 silly reify mark deleted [
2330 silly reify   'C:\\Users\\digbi\\OneDrive\\Desktop\\Academics\\PROJECTS\\BTP_VI\\frontend\\node_modules\\@esbuild\\darwin-x64'
2330 silly reify ]
2331 verbose reify failed optional dependency C:\Users\digbi\OneDrive\Desktop\Academics\PROJECTS\BTP_VI\frontend\node_modules\@esbuild\darwin-arm64
2332 silly reify mark deleted [
2332 silly reify   'C:\\Users\\digbi\\OneDrive\\Desktop\\Academics\\PROJECTS\\BTP_VI\\frontend\\node_modules\\@esbuild\\darwin-arm64'
2332 silly reify ]
2333 verbose reify failed optional dependency C:\Users\digbi\OneDrive\Desktop\Academics\PROJECTS\BTP_VI\frontend\node_modules\@esbuild\android-x64
2334 silly reify mark deleted [
2334 silly reify   'C:\\Users\\digbi\\OneDrive\\Desktop\\Academics\\PROJECTS\\BTP_VI\\frontend\\node_modules\\@esbuild\\android-x64'
2334 silly reify ]
2335 verbose reify failed optional dependency C:\Users\digbi\OneDrive\Desktop\Academics\PROJECTS\BTP_VI\frontend\node_modules\@esbuild\android-arm64
2336 silly reify mark deleted [
2336 silly reify   'C:\\Users\\digbi\\OneDrive\\Desktop\\Academics\\PROJECTS\\BTP_VI\\frontend\\node_modules\\@esbuild\\android-arm64'
2336 silly reify ]
2337 verbose reify failed optional dependency C:\Users\digbi\OneDrive\Desktop\Academics\PROJECTS\BTP_VI\frontend\node_modules\@esbuild\android-arm
2338 silly reify mark deleted [
2338 silly reify   'C:\\Users\\digbi\\OneDrive\\Desktop\\Academics\\PROJECTS\\BTP_VI\\frontend\\node_modules\\@esbuild\\android-arm'
2338 silly reify ]
2339 verbose reify failed optional dependency C:\Users\digbi\OneDrive\Desktop\Academics\PROJECTS\BTP_VI\frontend\node_modules\@esbuild\aix-ppc64
2340 silly reify mark deleted [
2340 silly reify   'C:\\Users\\digbi\\OneDrive\\Desktop\\Academics\\PROJECTS\\BTP_VI\\frontend\\node_modules\\@esbuild\\aix-ppc64'
2340 silly reify ]
2341 verbose reify failed optional dependency C:\Users\digbi\OneDrive\Desktop\Academics\PROJECTS\BTP_VI\frontend\node_modules\fsevents
2342 silly reify mark deleted [
2342 silly reify   'C:\\Users\\digbi\\OneDrive\\Desktop\\Academics\\PROJECTS\\BTP_VI\\frontend\\node_modules\\fsevents'
2342 silly reify ]
2343 http cache async-function@https://registry.npmjs.org/async-function/-/async-function-1.0.0.tgz 0ms (cache hit)
2344 http cache is-weakmap@https://registry.npmjs.org/is-weakmap/-/is-weakmap-2.0.2.tgz 0ms (cache hit)
2345 http cache is-weakset@https://registry.npmjs.org/is-weakset/-/is-weakset-2.0.4.tgz 1ms (cache hit)
2346 http cache which-collection@https://registry.npmjs.org/which-collection/-/which-collection-1.0.2.tgz 0ms (cache hit)
2347 http cache generator-function@https://registry.npmjs.org/generator-function/-/generator-function-2.0.1.tgz 0ms (cache hit)
2348 http cache is-map@https://registry.npmjs.org/is-map/-/is-map-2.0.3.tgz 0ms (cache hit)
2349 http cache is-number-object@https://registry.npmjs.org/is-number-object/-/is-number-object-1.1.1.tgz 0ms (cache hit)
2350 http cache is-generator-function@https://registry.npmjs.org/is-generator-function/-/is-generator-function-1.1.2.tgz 0ms (cache hit)
2351 http cache @types/estree@https://registry.npmjs.org/@types/estree/-/estree-1.0.8.tgz 0ms (cache hit)
2352 http cache is-async-function@https://registry.npmjs.org/is-async-function/-/is-async-function-2.1.1.tgz 0ms (cache hit)
2353 http cache is-boolean-object@https://registry.npmjs.org/is-boolean-object/-/is-boolean-object-1.2.2.tgz 0ms (cache hit)
2354 http cache is-finalizationregistry@https://registry.npmjs.org/is-finalizationregistry/-/is-finalizationregistry-1.1.1.tgz 0ms (cache hit)
2355 http cache @rollup/rollup-win32-x64-msvc@https://registry.npmjs.org/@rollup/rollup-win32-x64-msvc/-/rollup-win32-x64-msvc-4.60.2.tgz 0ms (cache hit)
2356 http cache @rollup/rollup-win32-x64-gnu@https://registry.npmjs.org/@rollup/rollup-win32-x64-gnu/-/rollup-win32-x64-gnu-4.60.2.tgz 0ms (cache hit)
2357 http cache isexe@https://registry.npmjs.org/isexe/-/isexe-2.0.0.tgz 0ms (cache hit)
2358 http cache is-bigint@https://registry.npmjs.org/is-bigint/-/is-bigint-1.1.0.tgz 0ms (cache hit)
2359 http cache @esbuild/win32-x64@https://registry.npmjs.org/@esbuild/win32-x64/-/win32-x64-0.21.5.tgz 0ms (cache hit)
2360 http cache esbuild@https://registry.npmjs.org/esbuild/-/esbuild-0.21.5.tgz 0ms (cache hit)
2361 http cache punycode@https://registry.npmjs.org/punycode/-/punycode-2.3.1.tgz 0ms (cache hit)
2362 http cache rollup@https://registry.npmjs.org/rollup/-/rollup-4.60.2.tgz 0ms (cache hit)
2363 http cache has-bigints@https://registry.npmjs.org/has-bigints/-/has-bigints-1.1.0.tgz 0ms (cache hit)
2364 http cache escalade@https://registry.npmjs.org/escalade/-/escalade-3.2.0.tgz 0ms (cache hit)
2365 http cache is-number@https://registry.npmjs.org/is-number/-/is-number-7.0.0.tgz 0ms (cache hit)
2366 http cache for-each@https://registry.npmjs.org/for-each/-/for-each-0.3.5.tgz 0ms (cache hit)
2367 http cache which-boxed-primitive@https://registry.npmjs.org/which-boxed-primitive/-/which-boxed-primitive-1.1.1.tgz 0ms (cache hit)
2368 http cache reflect.getprototypeof@https://registry.npmjs.org/reflect.getprototypeof/-/reflect.getprototypeof-1.0.10.tgz 0ms (cache hit)
2369 http cache which-builtin-type@https://registry.npmjs.org/which-builtin-type/-/which-builtin-type-1.2.1.tgz 0ms (cache hit)
2370 http cache ts-interface-checker@https://registry.npmjs.org/ts-interface-checker/-/ts-interface-checker-0.1.13.tgz 0ms (cache hit)
2371 http cache thenify-all@https://registry.npmjs.org/thenify-all/-/thenify-all-1.6.0.tgz 0ms (cache hit)
2372 http cache tinyglobby@https://registry.npmjs.org/tinyglobby/-/tinyglobby-0.2.16.tgz 0ms (cache hit)
2373 http cache any-promise@https://registry.npmjs.org/any-promise/-/any-promise-1.3.0.tgz 0ms (cache hit)
2374 http cache thenify@https://registry.npmjs.org/thenify/-/thenify-3.3.1.tgz 0ms (cache hit)
2375 http cache lines-and-columns@https://registry.npmjs.org/lines-and-columns/-/lines-and-columns-1.2.4.tgz 0ms (cache hit)
2376 http cache pirates@https://registry.npmjs.org/pirates/-/pirates-4.0.7.tgz 0ms (cache hit)
2377 http cache pify@https://registry.npmjs.org/pify/-/pify-2.3.0.tgz 0ms (cache hit)
2378 http cache commander@https://registry.npmjs.org/commander/-/commander-4.1.1.tgz 0ms (cache hit)
2379 http cache cssesc@https://registry.npmjs.org/cssesc/-/cssesc-3.0.0.tgz 0ms (cache hit)
2380 http cache camelcase-css@https://registry.npmjs.org/camelcase-css/-/camelcase-css-2.0.1.tgz 0ms (cache hit)
2381 http cache util-deprecate@https://registry.npmjs.org/util-deprecate/-/util-deprecate-1.0.2.tgz 0ms (cache hit)
2382 http cache binary-extensions@https://registry.npmjs.org/binary-extensions/-/binary-extensions-2.3.0.tgz 0ms (cache hit)
2383 http cache read-cache@https://registry.npmjs.org/read-cache/-/read-cache-1.0.0.tgz 0ms (cache hit)
2384 http cache fill-range@https://registry.npmjs.org/fill-range/-/fill-range-7.1.1.tgz 0ms (cache hit)
2385 http cache merge2@https://registry.npmjs.org/merge2/-/merge2-1.4.1.tgz 0ms (cache hit)
2386 http cache to-regex-range@https://registry.npmjs.org/to-regex-range/-/to-regex-range-5.0.1.tgz 0ms (cache hit)
2387 http cache picomatch@https://registry.npmjs.org/picomatch/-/picomatch-2.3.2.tgz 0ms (cache hit)
2388 http cache readdirp@https://registry.npmjs.org/readdirp/-/readdirp-3.6.0.tgz 0ms (cache hit)
2389 http cache postcss-nested@https://registry.npmjs.org/postcss-nested/-/postcss-nested-6.2.0.tgz 0ms (cache hit)
2390 http cache is-binary-path@https://registry.npmjs.org/is-binary-path/-/is-binary-path-2.1.0.tgz 0ms (cache hit)
2391 http cache braces@https://registry.npmjs.org/braces/-/braces-3.0.3.tgz 0ms (cache hit)
2392 http cache anymatch@https://registry.npmjs.org/anymatch/-/anymatch-3.1.3.tgz 0ms (cache hit)
2393 http cache sucrase@https://registry.npmjs.org/sucrase/-/sucrase-3.35.1.tgz 0ms (cache hit)
2394 http cache postcss-selector-parser@https://registry.npmjs.org/postcss-selector-parser/-/postcss-selector-parser-6.1.2.tgz 0ms (cache hit)
2395 http cache normalize-path@https://registry.npmjs.org/normalize-path/-/normalize-path-3.0.0.tgz 0ms (cache hit)
2396 http cache postcss-js@https://registry.npmjs.org/postcss-js/-/postcss-js-4.1.0.tgz 0ms (cache hit)
2397 http cache micromatch@https://registry.npmjs.org/micromatch/-/micromatch-4.0.8.tgz 0ms (cache hit)
2398 http cache object-hash@https://registry.npmjs.org/object-hash/-/object-hash-3.0.0.tgz 0ms (cache hit)
2399 http cache postcss-load-config@https://registry.npmjs.org/postcss-load-config/-/postcss-load-config-6.0.1.tgz 0ms (cache hit)
2400 http cache lilconfig@https://registry.npmjs.org/lilconfig/-/lilconfig-3.1.3.tgz 0ms (cache hit)
2401 http cache jiti@https://registry.npmjs.org/jiti/-/jiti-1.21.7.tgz 0ms (cache hit)
2402 http cache didyoumean@https://registry.npmjs.org/didyoumean/-/didyoumean-1.2.2.tgz 0ms (cache hit)
2403 http cache chokidar@https://registry.npmjs.org/chokidar/-/chokidar-3.6.0.tgz 0ms (cache hit)
2404 http cache dlv@https://registry.npmjs.org/dlv/-/dlv-1.1.3.tgz 0ms (cache hit)
2405 http cache fast-glob@https://registry.npmjs.org/fast-glob/-/fast-glob-3.3.3.tgz 0ms (cache hit)
2406 http cache mz@https://registry.npmjs.org/mz/-/mz-2.7.0.tgz 0ms (cache hit)
2407 http cache arg@https://registry.npmjs.org/arg/-/arg-5.0.2.tgz 0ms (cache hit)
2408 http cache @alloc/quick-lru@https://registry.npmjs.org/@alloc/quick-lru/-/quick-lru-5.2.0.tgz 0ms (cache hit)
2409 http cache side-channel-list@https://registry.npmjs.org/side-channel-list/-/side-channel-list-1.0.1.tgz 0ms (cache hit)
2410 http cache ansi-regex@https://registry.npmjs.org/ansi-regex/-/ansi-regex-5.0.1.tgz 0ms (cache hit)
2411 http cache shebang-regex@https://registry.npmjs.org/shebang-regex/-/shebang-regex-3.0.0.tgz 0ms (cache hit)
2412 http cache has-flag@https://registry.npmjs.org/has-flag/-/has-flag-4.0.0.tgz 0ms (cache hit)
2413 http cache isarray@https://registry.npmjs.org/isarray/-/isarray-2.0.5.tgz 0ms (cache hit)
2414 http cache side-channel-map@https://registry.npmjs.org/side-channel-map/-/side-channel-map-1.0.1.tgz 0ms (cache hit)
2415 http cache wrappy@https://registry.npmjs.org/wrappy/-/wrappy-1.0.2.tgz 0ms (cache hit)
2416 http cache path-is-absolute@https://registry.npmjs.org/path-is-absolute/-/path-is-absolute-1.0.1.tgz 0ms (cache hit)
2417 http cache inherits@https://registry.npmjs.org/inherits/-/inherits-2.0.4.tgz 0ms (cache hit)
2418 http cache side-channel-weakmap@https://registry.npmjs.org/side-channel-weakmap/-/side-channel-weakmap-1.0.2.tgz 0ms (cache hit)
2419 http cache fs.realpath@https://registry.npmjs.org/fs.realpath/-/fs.realpath-1.0.0.tgz 0ms (cache hit)
2420 http cache queue-microtask@https://registry.npmjs.org/queue-microtask/-/queue-microtask-1.2.3.tgz 0ms (cache hit)
2421 http cache once@https://registry.npmjs.org/once/-/once-1.4.0.tgz 0ms (cache hit)
2422 http cache glob@https://registry.npmjs.org/glob/-/glob-7.2.3.tgz 0ms (cache hit)
2423 http cache inflight@https://registry.npmjs.org/inflight/-/inflight-1.0.6.tgz 0ms (cache hit)
2424 http cache node-exports-info@https://registry.npmjs.org/node-exports-info/-/node-exports-info-1.6.0.tgz 0ms (cache hit)
2425 http cache path-parse@https://registry.npmjs.org/path-parse/-/path-parse-1.0.7.tgz 0ms (cache hit)
2426 http cache is-core-module@https://registry.npmjs.org/is-core-module/-/is-core-module-2.16.1.tgz 0ms (cache hit)
2427 http cache scheduler@https://registry.npmjs.org/scheduler/-/scheduler-0.23.2.tgz 0ms (cache hit)
2428 http cache @remix-run/router@https://registry.npmjs.org/@remix-run/router/-/router-1.23.2.tgz 0ms (cache hit)
2429 http cache react-router@https://registry.npmjs.org/react-router/-/react-router-6.30.3.tgz 0ms (cache hit)
2430 http cache react-is@https://registry.npmjs.org/react-is/-/react-is-16.13.1.tgz 0ms (cache hit)
2431 http cache object-assign@https://registry.npmjs.org/object-assign/-/object-assign-4.1.1.tgz 0ms (cache hit)
2432 http cache source-map-js@https://registry.npmjs.org/source-map-js/-/source-map-js-1.2.1.tgz 0ms (cache hit)
2433 http cache supports-preserve-symlinks-flag@https://registry.npmjs.org/supports-preserve-symlinks-flag/-/supports-preserve-symlinks-flag-1.0.0.tgz 0ms (cache hit)
2434 http cache loose-envify@https://registry.npmjs.org/loose-envify/-/loose-envify-1.4.0.tgz 0ms (cache hit)
2435 http cache callsites@https://registry.npmjs.org/callsites/-/callsites-3.1.0.tgz 0ms (cache hit)
2436 http cache nanoid@https://registry.npmjs.org/nanoid/-/nanoid-3.3.11.tgz 0ms (cache hit)
2437 http cache fast-levenshtein@https://registry.npmjs.org/fast-levenshtein/-/fast-levenshtein-2.0.6.tgz 0ms (cache hit)
2438 http cache yocto-queue@https://registry.npmjs.org/yocto-queue/-/yocto-queue-0.1.0.tgz 0ms (cache hit)
2439 http cache word-wrap@https://registry.npmjs.org/word-wrap/-/word-wrap-1.2.5.tgz 0ms (cache hit)
2440 http cache p-limit@https://registry.npmjs.org/p-limit/-/p-limit-3.1.0.tgz 0ms (cache hit)
2441 http cache deep-is@https://registry.npmjs.org/deep-is/-/deep-is-0.1.4.tgz 0ms (cache hit)
2442 http cache balanced-match@https://registry.npmjs.org/balanced-match/-/balanced-match-1.0.2.tgz 0ms (cache hit)
2443 http cache mime-db@https://registry.npmjs.org/mime-db/-/mime-db-1.52.0.tgz 0ms (cache hit)
2444 http cache yallist@https://registry.npmjs.org/yallist/-/yallist-3.1.1.tgz 0ms (cache hit)
2445 http cache concat-map@https://registry.npmjs.org/concat-map/-/concat-map-0.0.1.tgz 0ms (cache hit)
2446 http cache type-check@https://registry.npmjs.org/type-check/-/type-check-0.4.0.tgz 0ms (cache hit)
2447 http cache brace-expansion@https://registry.npmjs.org/brace-expansion/-/brace-expansion-1.1.14.tgz 0ms (cache hit)
2448 http cache p-locate@https://registry.npmjs.org/p-locate/-/p-locate-5.0.0.tgz 0ms (cache hit)
2449 http cache json-buffer@https://registry.npmjs.org/json-buffer/-/json-buffer-3.0.1.tgz 0ms (cache hit)
2450 http cache prelude-ls@https://registry.npmjs.org/prelude-ls/-/prelude-ls-1.2.1.tgz 0ms (cache hit)
2451 http cache is-extglob@https://registry.npmjs.org/is-extglob/-/is-extglob-2.1.1.tgz 0ms (cache hit)
2452 http cache set-function-name@https://registry.npmjs.org/set-function-name/-/set-function-name-2.0.2.tgz 0ms (cache hit)
2453 http cache array.prototype.flat@https://registry.npmjs.org/array.prototype.flat/-/array.prototype.flat-1.3.3.tgz 0ms (cache hit)
2454 http cache side-channel@https://registry.npmjs.org/side-channel/-/side-channel-1.1.0.tgz 0ms (cache hit)
2455 http cache type-fest@https://registry.npmjs.org/type-fest/-/type-fest-0.20.2.tgz 0ms (cache hit)
2456 http cache argparse@https://registry.npmjs.org/argparse/-/argparse-2.0.1.tgz 0ms (cache hit)
2457 http cache resolve-from@https://registry.npmjs.org/resolve-from/-/resolve-from-4.0.0.tgz 0ms (cache hit)
2458 http cache parent-module@https://registry.npmjs.org/parent-module/-/parent-module-1.0.1.tgz 0ms (cache hit)
2459 http cache functions-have-names@https://registry.npmjs.org/functions-have-names/-/functions-have-names-1.2.3.tgz 0ms (cache hit)
2460 http cache dunder-proto@https://registry.npmjs.org/dunder-proto/-/dunder-proto-1.0.1.tgz 0ms (cache hit)
2461 http cache mime-types@https://registry.npmjs.org/mime-types/-/mime-types-2.1.35.tgz 0ms (cache hit)
2462 http cache combined-stream@https://registry.npmjs.org/combined-stream/-/combined-stream-1.0.8.tgz 0ms (cache hit)
2463 http cache delayed-stream@https://registry.npmjs.org/delayed-stream/-/delayed-stream-1.0.0.tgz 0ms (cache hit)
2464 http cache asynckit@https://registry.npmjs.org/asynckit/-/asynckit-0.4.0.tgz 0ms (cache hit)
2465 http cache keyv@https://registry.npmjs.org/keyv/-/keyv-4.5.4.tgz 0ms (cache hit)
2466 http cache reusify@https://registry.npmjs.org/reusify/-/reusify-1.1.0.tgz 0ms (cache hit)
2467 http cache rimraf@https://registry.npmjs.org/rimraf/-/rimraf-3.0.2.tgz 0ms (cache hit)
2468 http cache flat-cache@https://registry.npmjs.org/flat-cache/-/flat-cache-3.2.0.tgz 0ms (cache hit)
2469 http cache flatted@https://registry.npmjs.org/flatted/-/flatted-3.4.2.tgz 0ms (cache hit)
2470 http cache path-exists@https://registry.npmjs.org/path-exists/-/path-exists-4.0.0.tgz 0ms (cache hit)
2471 http cache acorn-jsx@https://registry.npmjs.org/acorn-jsx/-/acorn-jsx-5.3.2.tgz 0ms (cache hit)
2472 http cache locate-path@https://registry.npmjs.org/locate-path/-/locate-path-6.0.0.tgz 0ms (cache hit)
2473 http cache esrecurse@https://registry.npmjs.org/esrecurse/-/esrecurse-4.3.0.tgz 0ms (cache hit)
2474 http cache acorn@https://registry.npmjs.org/acorn/-/acorn-8.16.0.tgz 0ms (cache hit)
2475 http cache iterator.prototype@https://registry.npmjs.org/iterator.prototype/-/iterator.prototype-1.1.5.tgz 0ms (cache hit)
2476 http cache is-symbol@https://registry.npmjs.org/is-symbol/-/is-symbol-1.1.1.tgz 0ms (cache hit)
2477 http cache has-tostringtag@https://registry.npmjs.org/has-tostringtag/-/has-tostringtag-1.0.2.tgz 0ms (cache hit)
2478 http cache is-date-object@https://registry.npmjs.org/is-date-object/-/is-date-object-1.1.0.tgz 0ms (cache hit)
2479 http cache which-typed-array@https://registry.npmjs.org/which-typed-array/-/which-typed-array-1.1.20.tgz 0ms (cache hit)
2480 http cache possible-typed-array-names@https://registry.npmjs.org/possible-typed-array-names/-/possible-typed-array-names-1.1.0.tgz 0ms (cache hit)
2481 http cache unbox-primitive@https://registry.npmjs.org/unbox-primitive/-/unbox-primitive-1.1.0.tgz 0ms (cache hit)
2482 http cache typed-array-length@https://registry.npmjs.org/typed-array-length/-/typed-array-length-1.0.7.tgz 0ms (cache hit)
2483 http cache typed-array-byte-length@https://registry.npmjs.org/typed-array-byte-length/-/typed-array-byte-length-1.0.3.tgz 0ms (cache hit)
2484 http cache typed-array-byte-offset@https://registry.npmjs.org/typed-array-byte-offset/-/typed-array-byte-offset-1.0.4.tgz 0ms (cache hit)
2485 http cache string.prototype.trim@https://registry.npmjs.org/string.prototype.trim/-/string.prototype.trim-1.2.10.tgz 0ms (cache hit)
2486 http cache string.prototype.trimend@https://registry.npmjs.org/string.prototype.trimend/-/string.prototype.trimend-1.0.9.tgz 0ms (cache hit)
2487 http cache string.prototype.trimstart@https://registry.npmjs.org/string.prototype.trimstart/-/string.prototype.trimstart-1.0.8.tgz 0ms (cache hit)
2488 http cache safe-regex-test@https://registry.npmjs.org/safe-regex-test/-/safe-regex-test-1.1.0.tgz 0ms (cache hit)
2489 http cache set-proto@https://registry.npmjs.org/set-proto/-/set-proto-1.0.0.tgz 0ms (cache hit)
2490 http cache stop-iteration-iterator@https://registry.npmjs.org/stop-iteration-iterator/-/stop-iteration-iterator-1.1.0.tgz 0ms (cache hit)
2491 http cache safe-array-concat@https://registry.npmjs.org/safe-array-concat/-/safe-array-concat-1.1.4.tgz 0ms (cache hit)
2492 http cache safe-push-apply@https://registry.npmjs.org/safe-push-apply/-/safe-push-apply-1.0.0.tgz 0ms (cache hit)
2493 http cache object-inspect@https://registry.npmjs.org/object-inspect/-/object-inspect-1.13.4.tgz 0ms (cache hit)
2494 http cache own-keys@https://registry.npmjs.org/own-keys/-/own-keys-1.0.1.tgz 0ms (cache hit)
2495 http cache regexp.prototype.flags@https://registry.npmjs.org/regexp.prototype.flags/-/regexp.prototype.flags-1.5.4.tgz 0ms (cache hit)
2496 http cache typed-array-buffer@https://registry.npmjs.org/typed-array-buffer/-/typed-array-buffer-1.0.3.tgz 0ms (cache hit)
2497 http cache object.assign@https://registry.npmjs.org/object.assign/-/object.assign-4.1.7.tgz 0ms (cache hit)
2498 http cache is-typed-array@https://registry.npmjs.org/is-typed-array/-/is-typed-array-1.1.15.tgz 0ms (cache hit)
2499 http cache is-set@https://registry.npmjs.org/is-set/-/is-set-2.0.3.tgz 0ms (cache hit)
2500 http cache is-weakref@https://registry.npmjs.org/is-weakref/-/is-weakref-1.1.1.tgz 0ms (cache hit)
2501 http cache internal-slot@https://registry.npmjs.org/internal-slot/-/internal-slot-1.1.0.tgz 0ms (cache hit)
2502 http cache is-shared-array-buffer@https://registry.npmjs.org/is-shared-array-buffer/-/is-shared-array-buffer-1.0.4.tgz 0ms (cache hit)
2503 http cache is-negative-zero@https://registry.npmjs.org/is-negative-zero/-/is-negative-zero-2.0.3.tgz 0ms (cache hit)
2504 http cache is-data-view@https://registry.npmjs.org/is-data-view/-/is-data-view-1.0.2.tgz 0ms (cache hit)
2505 http cache is-callable@https://registry.npmjs.org/is-callable/-/is-callable-1.2.7.tgz 0ms (cache hit)
2506 http cache is-array-buffer@https://registry.npmjs.org/is-array-buffer/-/is-array-buffer-3.0.5.tgz 0ms (cache hit)
2507 http cache has-symbols@https://registry.npmjs.org/has-symbols/-/has-symbols-1.1.0.tgz 0ms (cache hit)
2508 http cache is-regex@https://registry.npmjs.org/is-regex/-/is-regex-1.2.1.tgz 0ms (cache hit)
2509 http cache globalthis@https://registry.npmjs.org/globalthis/-/globalthis-1.0.4.tgz 0ms (cache hit)
2510 http cache get-proto@https://registry.npmjs.org/get-proto/-/get-proto-1.0.1.tgz 0ms (cache hit)
2511 http cache has-proto@https://registry.npmjs.org/has-proto/-/has-proto-1.2.0.tgz 0ms (cache hit)
2512 http cache es-set-tostringtag@https://registry.npmjs.org/es-set-tostringtag/-/es-set-tostringtag-2.1.0.tgz 0ms (cache hit)
2513 http cache get-symbol-description@https://registry.npmjs.org/get-symbol-description/-/get-symbol-description-1.1.0.tgz 0ms (cache hit)
2514 http cache function.prototype.name@https://registry.npmjs.org/function.prototype.name/-/function.prototype.name-1.1.8.tgz 0ms (cache hit)
2515 http cache es-to-primitive@https://registry.npmjs.org/es-to-primitive/-/es-to-primitive-1.3.0.tgz 0ms (cache hit)
2516 http cache data-view-byte-offset@https://registry.npmjs.org/data-view-byte-offset/-/data-view-byte-offset-1.0.1.tgz 0ms (cache hit)
2517 http cache data-view-buffer@https://registry.npmjs.org/data-view-buffer/-/data-view-buffer-1.0.2.tgz 0ms (cache hit)
2518 http cache available-typed-arrays@https://registry.npmjs.org/available-typed-arrays/-/available-typed-arrays-1.0.7.tgz 0ms (cache hit)
2519 http cache arraybuffer.prototype.slice@https://registry.npmjs.org/arraybuffer.prototype.slice/-/arraybuffer.prototype.slice-1.0.4.tgz 0ms (cache hit)
2520 http cache data-view-byte-length@https://registry.npmjs.org/data-view-byte-length/-/data-view-byte-length-1.0.2.tgz 0ms (cache hit)
2521 http cache array-buffer-byte-length@https://registry.npmjs.org/array-buffer-byte-length/-/array-buffer-byte-length-1.0.2.tgz 0ms (cache hit)
2522 http cache has-property-descriptors@https://registry.npmjs.org/has-property-descriptors/-/has-property-descriptors-1.0.2.tgz 0ms (cache hit)
2523 http cache gopd@https://registry.npmjs.org/gopd/-/gopd-1.2.0.tgz 0ms (cache hit)
2524 http cache function-bind@https://registry.npmjs.org/function-bind/-/function-bind-1.1.2.tgz 0ms (cache hit)
2525 http cache object-keys@https://registry.npmjs.org/object-keys/-/object-keys-1.1.1.tgz 0ms (cache hit)
2526 http cache define-data-property@https://registry.npmjs.org/define-data-property/-/define-data-property-1.1.4.tgz 0ms (cache hit)
2527 http cache es-define-property@https://registry.npmjs.org/es-define-property/-/es-define-property-1.0.1.tgz 0ms (cache hit)
2528 http cache set-function-length@https://registry.npmjs.org/set-function-length/-/set-function-length-1.2.2.tgz 0ms (cache hit)
2529 http cache es-errors@https://registry.npmjs.org/es-errors/-/es-errors-1.3.0.tgz 0ms (cache hit)
2530 http cache es-shim-unscopables@https://registry.npmjs.org/es-shim-unscopables/-/es-shim-unscopables-1.1.0.tgz 0ms (cache hit)
2531 http cache call-bind-apply-helpers@https://registry.npmjs.org/call-bind-apply-helpers/-/call-bind-apply-helpers-1.0.2.tgz 0ms (cache hit)
2532 http cache get-intrinsic@https://registry.npmjs.org/get-intrinsic/-/get-intrinsic-1.3.0.tgz 0ms (cache hit)
2533 http cache math-intrinsics@https://registry.npmjs.org/math-intrinsics/-/math-intrinsics-1.1.0.tgz 0ms (cache hit)
2534 http cache es-abstract@https://registry.npmjs.org/es-abstract/-/es-abstract-1.24.2.tgz 0ms (cache hit)
2535 http cache is-string@https://registry.npmjs.org/is-string/-/is-string-1.1.1.tgz 0ms (cache hit)
2536 http cache es-object-atoms@https://registry.npmjs.org/es-object-atoms/-/es-object-atoms-1.1.1.tgz 0ms (cache hit)
2537 http cache define-properties@https://registry.npmjs.org/define-properties/-/define-properties-1.2.1.tgz 0ms (cache hit)
2538 http cache call-bind@https://registry.npmjs.org/call-bind/-/call-bind-1.0.9.tgz 0ms (cache hit)
2539 http cache resolve@https://registry.npmjs.org/resolve/-/resolve-2.0.0-next.6.tgz 0ms (cache hit)
2540 http cache call-bound@https://registry.npmjs.org/call-bound/-/call-bound-1.0.4.tgz 0ms (cache hit)
2541 http cache string.prototype.repeat@https://registry.npmjs.org/string.prototype.repeat/-/string.prototype.repeat-1.0.0.tgz 0ms (cache hit)
2542 http cache prop-types@https://registry.npmjs.org/prop-types/-/prop-types-15.8.1.tgz 0ms (cache hit)
2543 http cache string.prototype.matchall@https://registry.npmjs.org/string.prototype.matchall/-/string.prototype.matchall-4.0.12.tgz 0ms (cache hit)
2544 http cache object.fromentries@https://registry.npmjs.org/object.fromentries/-/object.fromentries-2.0.8.tgz 0ms (cache hit)
2545 http cache object.entries@https://registry.npmjs.org/object.entries/-/object.entries-1.1.9.tgz 0ms (cache hit)
2546 http cache jsx-ast-utils@https://registry.npmjs.org/jsx-ast-utils/-/jsx-ast-utils-3.3.5.tgz 0ms (cache hit)
2547 http cache object.values@https://registry.npmjs.org/object.values/-/object.values-1.2.1.tgz 0ms (cache hit)
2548 http cache hasown@https://registry.npmjs.org/hasown/-/hasown-2.0.3.tgz 0ms (cache hit)
2549 http cache array.prototype.tosorted@https://registry.npmjs.org/array.prototype.tosorted/-/array.prototype.tosorted-1.1.4.tgz 0ms (cache hit)
2550 http cache estraverse@https://registry.npmjs.org/estraverse/-/estraverse-5.3.0.tgz 0ms (cache hit)
2551 http cache array.prototype.findlast@https://registry.npmjs.org/array.prototype.findlast/-/array.prototype.findlast-1.2.5.tgz 0ms (cache hit)
2552 http cache es-iterator-helpers@https://registry.npmjs.org/es-iterator-helpers/-/es-iterator-helpers-1.3.2.tgz 0ms (cache hit)
2553 http cache array.prototype.flatmap@https://registry.npmjs.org/array.prototype.flatmap/-/array.prototype.flatmap-1.3.3.tgz 0ms (cache hit)
2554 http cache which@https://registry.npmjs.org/which/-/which-2.0.2.tgz 0ms (cache hit)
2555 http cache path-key@https://registry.npmjs.org/path-key/-/path-key-3.1.1.tgz 0ms (cache hit)
2556 http cache shebang-command@https://registry.npmjs.org/shebang-command/-/shebang-command-2.0.0.tgz 0ms (cache hit)
2557 http cache array-includes@https://registry.npmjs.org/array-includes/-/array-includes-3.1.9.tgz 0ms (cache hit)
2558 http cache color-name@https://registry.npmjs.org/color-name/-/color-name-1.1.4.tgz 0ms (cache hit)
2559 http cache color-convert@https://registry.npmjs.org/color-convert/-/color-convert-2.0.1.tgz 0ms (cache hit)
2560 http cache supports-color@https://registry.npmjs.org/supports-color/-/supports-color-7.2.0.tgz 0ms (cache hit)
2561 http cache ansi-styles@https://registry.npmjs.org/ansi-styles/-/ansi-styles-4.3.0.tgz 0ms (cache hit)
2562 http cache uri-js@https://registry.npmjs.org/uri-js/-/uri-js-4.4.1.tgz 0ms (cache hit)
2563 http cache @nodelib/fs.scandir@https://registry.npmjs.org/@nodelib/fs.scandir/-/fs.scandir-2.1.5.tgz 0ms (cache hit)
2564 http cache fast-json-stable-stringify@https://registry.npmjs.org/fast-json-stable-stringify/-/fast-json-stable-stringify-2.1.0.tgz 0ms (cache hit)
2565 http cache json-schema-traverse@https://registry.npmjs.org/json-schema-traverse/-/json-schema-traverse-0.4.1.tgz 0ms (cache hit)
2566 http cache @nodelib/fs.stat@https://registry.npmjs.org/@nodelib/fs.stat/-/fs.stat-2.0.5.tgz 0ms (cache hit)
2567 http cache fastq@https://registry.npmjs.org/fastq/-/fastq-1.20.1.tgz 0ms (cache hit)
2568 http cache run-parallel@https://registry.npmjs.org/run-parallel/-/run-parallel-1.2.0.tgz 0ms (cache hit)
2569 http cache @humanwhocodes/object-schema@https://registry.npmjs.org/@humanwhocodes/object-schema/-/object-schema-2.0.3.tgz 0ms (cache hit)
2570 http cache strip-json-comments@https://registry.npmjs.org/strip-json-comments/-/strip-json-comments-3.1.1.tgz 0ms (cache hit)
2571 http cache natural-compare@https://registry.npmjs.org/natural-compare/-/natural-compare-1.4.0.tgz 0ms (cache hit)
2572 http cache import-fresh@https://registry.npmjs.org/import-fresh/-/import-fresh-3.3.1.tgz 0ms (cache hit)
2573 http cache text-table@https://registry.npmjs.org/text-table/-/text-table-0.2.0.tgz 0ms (cache hit)
2574 http cache lodash.merge@https://registry.npmjs.org/lodash.merge/-/lodash.merge-4.6.2.tgz 0ms (cache hit)
2575 http cache optionator@https://registry.npmjs.org/optionator/-/optionator-0.9.4.tgz 0ms (cache hit)
2576 http cache levn@https://registry.npmjs.org/levn/-/levn-0.4.1.tgz 0ms (cache hit)
2577 http cache minimatch@https://registry.npmjs.org/minimatch/-/minimatch-3.1.5.tgz 0ms (cache hit)
2578 http cache is-path-inside@https://registry.npmjs.org/is-path-inside/-/is-path-inside-3.0.3.tgz 0ms (cache hit)
2579 http cache json-stable-stringify-without-jsonify@https://registry.npmjs.org/json-stable-stringify-without-jsonify/-/json-stable-stringify-without-jsonify-1.0.1.tgz 0ms (cache hit)
2580 http cache js-yaml@https://registry.npmjs.org/js-yaml/-/js-yaml-4.1.1.tgz 0ms (cache hit)
2581 http cache is-glob@https://registry.npmjs.org/is-glob/-/is-glob-4.0.3.tgz 0ms (cache hit)
2582 http cache globals@https://registry.npmjs.org/globals/-/globals-13.24.0.tgz 0ms (cache hit)
2583 http cache ignore@https://registry.npmjs.org/ignore/-/ignore-5.3.2.tgz 0ms (cache hit)
2584 http cache graphemer@https://registry.npmjs.org/graphemer/-/graphemer-1.4.0.tgz 0ms (cache hit)
2585 http cache glob-parent@https://registry.npmjs.org/glob-parent/-/glob-parent-6.0.2.tgz 0ms (cache hit)
2586 http cache imurmurhash@https://registry.npmjs.org/imurmurhash/-/imurmurhash-0.1.4.tgz 0ms (cache hit)
2587 http cache file-entry-cache@https://registry.npmjs.org/file-entry-cache/-/file-entry-cache-6.0.1.tgz 0ms (cache hit)
2588 http cache find-up@https://registry.npmjs.org/find-up/-/find-up-5.0.0.tgz 0ms (cache hit)
2589 http cache strip-ansi@https://registry.npmjs.org/strip-ansi/-/strip-ansi-6.0.1.tgz 0ms (cache hit)
2590 http cache fast-deep-equal@https://registry.npmjs.org/fast-deep-equal/-/fast-deep-equal-3.1.3.tgz 0ms (cache hit)
2591 http cache esquery@https://registry.npmjs.org/esquery/-/esquery-1.7.0.tgz 0ms (cache hit)
2592 http cache espree@https://registry.npmjs.org/espree/-/espree-9.6.1.tgz 0ms (cache hit)
2593 http cache esutils@https://registry.npmjs.org/esutils/-/esutils-2.0.3.tgz 0ms (cache hit)
2594 http cache doctrine@https://registry.npmjs.org/doctrine/-/doctrine-3.0.0.tgz 0ms (cache hit)
2595 http cache eslint-scope@https://registry.npmjs.org/eslint-scope/-/eslint-scope-7.2.2.tgz 0ms (cache hit)
2596 http cache cross-spawn@https://registry.npmjs.org/cross-spawn/-/cross-spawn-7.0.6.tgz 0ms (cache hit)
2597 http cache escape-string-regexp@https://registry.npmjs.org/escape-string-regexp/-/escape-string-regexp-4.0.0.tgz 0ms (cache hit)
2598 http cache @ungap/structured-clone@https://registry.npmjs.org/@ungap/structured-clone/-/structured-clone-1.3.0.tgz 0ms (cache hit)
2599 http cache eslint-visitor-keys@https://registry.npmjs.org/eslint-visitor-keys/-/eslint-visitor-keys-3.4.3.tgz 0ms (cache hit)
2600 http cache @nodelib/fs.walk@https://registry.npmjs.org/@nodelib/fs.walk/-/fs.walk-1.2.8.tgz 0ms (cache hit)
2601 http cache @humanwhocodes/module-importer@https://registry.npmjs.org/@humanwhocodes/module-importer/-/module-importer-1.0.1.tgz 0ms (cache hit)
2602 http cache chalk@https://registry.npmjs.org/chalk/-/chalk-4.1.2.tgz 0ms (cache hit)
2603 http cache update-browserslist-db@https://registry.npmjs.org/update-browserslist-db/-/update-browserslist-db-1.2.3.tgz 0ms (cache hit)
2604 http cache ajv@https://registry.npmjs.org/ajv/-/ajv-6.15.0.tgz 0ms (cache hit)
2605 http cache @eslint/eslintrc@https://registry.npmjs.org/@eslint/eslintrc/-/eslintrc-2.1.4.tgz 0ms (cache hit)
2606 http cache @eslint/js@https://registry.npmjs.org/@eslint/js/-/js-8.57.1.tgz 0ms (cache hit)
2607 http cache @eslint-community/regexpp@https://registry.npmjs.org/@eslint-community/regexpp/-/regexpp-4.12.2.tgz 0ms (cache hit)
2608 http cache @eslint-community/eslint-utils@https://registry.npmjs.org/@eslint-community/eslint-utils/-/eslint-utils-4.9.1.tgz 0ms (cache hit)
2609 http cache electron-to-chromium@https://registry.npmjs.org/electron-to-chromium/-/electron-to-chromium-1.5.345.tgz 0ms (cache hit)
2610 http cache @humanwhocodes/config-array@https://registry.npmjs.org/@humanwhocodes/config-array/-/config-array-0.13.0.tgz 0ms (cache hit)
2611 http cache ms@https://registry.npmjs.org/ms/-/ms-2.1.3.tgz 0ms (cache hit)
2612 http cache baseline-browser-mapping@https://registry.npmjs.org/baseline-browser-mapping/-/baseline-browser-mapping-2.10.24.tgz 0ms (cache hit)
2613 http cache node-releases@https://registry.npmjs.org/node-releases/-/node-releases-2.0.38.tgz 0ms (cache hit)
2614 http cache follow-redirects@https://registry.npmjs.org/follow-redirects/-/follow-redirects-1.16.0.tgz 0ms (cache hit)
2615 http cache form-data@https://registry.npmjs.org/form-data/-/form-data-4.0.5.tgz 0ms (cache hit)
2616 http cache postcss-value-parser@https://registry.npmjs.org/postcss-value-parser/-/postcss-value-parser-4.2.0.tgz 0ms (cache hit)
2617 http cache proxy-from-env@https://registry.npmjs.org/proxy-from-env/-/proxy-from-env-2.1.0.tgz 0ms (cache hit)
2618 http cache @types/babel__template@https://registry.npmjs.org/@types/babel__template/-/babel__template-7.4.4.tgz 0ms (cache hit)
2619 http cache caniuse-lite@https://registry.npmjs.org/caniuse-lite/-/caniuse-lite-1.0.30001791.tgz 0ms (cache hit)
2620 http cache fraction.js@https://registry.npmjs.org/fraction.js/-/fraction.js-5.3.4.tgz 0ms (cache hit)
2621 http cache @types/babel__generator@https://registry.npmjs.org/@types/babel__generator/-/babel__generator-7.27.0.tgz 0ms (cache hit)
2622 http cache @babel/helper-globals@https://registry.npmjs.org/@babel/helper-globals/-/helper-globals-7.28.0.tgz 0ms (cache hit)
2623 http cache @types/babel__traverse@https://registry.npmjs.org/@types/babel__traverse/-/babel__traverse-7.28.0.tgz 0ms (cache hit)
2624 http cache @jridgewell/resolve-uri@https://registry.npmjs.org/@jridgewell/resolve-uri/-/resolve-uri-3.1.2.tgz 0ms (cache hit)
2625 http cache browserslist@https://registry.npmjs.org/browserslist/-/browserslist-4.28.2.tgz 0ms (cache hit)
2626 http cache @babel/helper-string-parser@https://registry.npmjs.org/@babel/helper-string-parser/-/helper-string-parser-7.27.1.tgz 0ms (cache hit)
2627 http cache @babel/helper-plugin-utils@https://registry.npmjs.org/@babel/helper-plugin-utils/-/helper-plugin-utils-7.28.6.tgz 0ms (cache hit)
2628 http cache lru-cache@https://registry.npmjs.org/lru-cache/-/lru-cache-5.1.1.tgz 0ms (cache hit)
2629 http cache @babel/compat-data@https://registry.npmjs.org/@babel/compat-data/-/compat-data-7.29.0.tgz 0ms (cache hit)
2630 http cache jsesc@https://registry.npmjs.org/jsesc/-/jsesc-3.1.0.tgz 0ms (cache hit)
2631 http cache @babel/helper-module-imports@https://registry.npmjs.org/@babel/helper-module-imports/-/helper-module-imports-7.28.6.tgz 0ms (cache hit)
2632 http cache @jridgewell/trace-mapping@https://registry.npmjs.org/@jridgewell/trace-mapping/-/trace-mapping-0.3.31.tgz 0ms (cache hit)
2633 http cache @babel/helper-validator-option@https://registry.npmjs.org/@babel/helper-validator-option/-/helper-validator-option-7.27.1.tgz 0ms (cache hit)
2634 http cache @jridgewell/gen-mapping@https://registry.npmjs.org/@jridgewell/gen-mapping/-/gen-mapping-0.3.13.tgz 0ms (cache hit)
2635 http cache js-tokens@https://registry.npmjs.org/js-tokens/-/js-tokens-4.0.0.tgz 0ms (cache hit)
2636 http cache picocolors@https://registry.npmjs.org/picocolors/-/picocolors-1.1.1.tgz 0ms (cache hit)
2637 http cache @babel/helper-validator-identifier@https://registry.npmjs.org/@babel/helper-validator-identifier/-/helper-validator-identifier-7.28.5.tgz 0ms (cache hit)
2638 http cache semver@https://registry.npmjs.org/semver/-/semver-6.3.1.tgz 0ms (cache hit)
2639 http cache gensync@https://registry.npmjs.org/gensync/-/gensync-1.0.0-beta.2.tgz 0ms (cache hit)
2640 http cache @babel/types@https://registry.npmjs.org/@babel/types/-/types-7.29.0.tgz 0ms (cache hit)
2641 http cache json5@https://registry.npmjs.org/json5/-/json5-2.2.3.tgz 0ms (cache hit)
2642 http cache convert-source-map@https://registry.npmjs.org/convert-source-map/-/convert-source-map-2.0.0.tgz 0ms (cache hit)
2643 http cache @jridgewell/remapping@https://registry.npmjs.org/@jridgewell/remapping/-/remapping-2.3.5.tgz 0ms (cache hit)
2644 http cache debug@https://registry.npmjs.org/debug/-/debug-4.4.3.tgz 0ms (cache hit)
2645 http cache @jridgewell/sourcemap-codec@https://registry.npmjs.org/@jridgewell/sourcemap-codec/-/sourcemap-codec-1.5.5.tgz 0ms (cache hit)
2646 http cache @babel/parser@https://registry.npmjs.org/@babel/parser/-/parser-7.29.2.tgz 0ms (cache hit)
2647 http cache @babel/traverse@https://registry.npmjs.org/@babel/traverse/-/traverse-7.29.0.tgz 0ms (cache hit)
2648 http cache @babel/template@https://registry.npmjs.org/@babel/template/-/template-7.28.6.tgz 0ms (cache hit)
2649 http cache @babel/generator@https://registry.npmjs.org/@babel/generator/-/generator-7.29.1.tgz 0ms (cache hit)
2650 http cache @babel/helper-module-transforms@https://registry.npmjs.org/@babel/helper-module-transforms/-/helper-module-transforms-7.28.6.tgz 0ms (cache hit)
2651 http cache @babel/helper-compilation-targets@https://registry.npmjs.org/@babel/helper-compilation-targets/-/helper-compilation-targets-7.28.6.tgz 0ms (cache hit)
2652 http cache @babel/code-frame@https://registry.npmjs.org/@babel/code-frame/-/code-frame-7.29.0.tgz 0ms (cache hit)
2653 http cache @babel/helpers@https://registry.npmjs.org/@babel/helpers/-/helpers-7.29.2.tgz 0ms (cache hit)
2654 http cache @rolldown/pluginutils@https://registry.npmjs.org/@rolldown/pluginutils/-/pluginutils-1.0.0-beta.27.tgz 0ms (cache hit)
2655 http cache @babel/plugin-transform-react-jsx-source@https://registry.npmjs.org/@babel/plugin-transform-react-jsx-source/-/plugin-transform-react-jsx-source-7.27.1.tgz 0ms (cache hit)
2656 http cache react-refresh@https://registry.npmjs.org/react-refresh/-/react-refresh-0.17.0.tgz 0ms (cache hit)
2657 http cache csstype@https://registry.npmjs.org/csstype/-/csstype-3.2.3.tgz 0ms (cache hit)
2658 http cache @types/babel__core@https://registry.npmjs.org/@types/babel__core/-/babel__core-7.20.5.tgz 0ms (cache hit)
2659 http cache @types/prop-types@https://registry.npmjs.org/@types/prop-types/-/prop-types-15.7.15.tgz 0ms (cache hit)
2660 http cache @babel/plugin-transform-react-jsx-self@https://registry.npmjs.org/@babel/plugin-transform-react-jsx-self/-/plugin-transform-react-jsx-self-7.27.1.tgz 0ms (cache hit)
2661 http cache react-router-dom@https://registry.npmjs.org/react-router-dom/-/react-router-dom-6.30.3.tgz 0ms (cache hit)
2662 http cache @babel/core@https://registry.npmjs.org/@babel/core/-/core-7.29.0.tgz 0ms (cache hit)
2663 http cache eslint-plugin-react-hooks@https://registry.npmjs.org/eslint-plugin-react-hooks/-/eslint-plugin-react-hooks-4.6.2.tgz 0ms (cache hit)
2664 http cache react-dom@https://registry.npmjs.org/react-dom/-/react-dom-18.3.1.tgz 0ms (cache hit)
2665 http cache react@https://registry.npmjs.org/react/-/react-18.3.1.tgz 0ms (cache hit)
2666 http cache lucide-react@https://registry.npmjs.org/lucide-react/-/lucide-react-0.344.0.tgz 0ms (cache hit)
2667 http cache eslint-plugin-react-refresh@https://registry.npmjs.org/eslint-plugin-react-refresh/-/eslint-plugin-react-refresh-0.4.26.tgz 0ms (cache hit)
2668 http cache postcss@https://registry.npmjs.org/postcss/-/postcss-8.5.12.tgz 0ms (cache hit)
2669 http cache axios@https://registry.npmjs.org/axios/-/axios-1.15.2.tgz 0ms (cache hit)
2670 http cache eslint@https://registry.npmjs.org/eslint/-/eslint-8.57.1.tgz 0ms (cache hit)
2671 http cache eslint-plugin-react@https://registry.npmjs.org/eslint-plugin-react/-/eslint-plugin-react-7.37.5.tgz 0ms (cache hit)
2672 http cache autoprefixer@https://registry.npmjs.org/autoprefixer/-/autoprefixer-10.5.0.tgz 0ms (cache hit)
2673 http cache vite@https://registry.npmjs.org/vite/-/vite-5.4.21.tgz 0ms (cache hit)
2674 http cache @types/react-dom@https://registry.npmjs.org/@types/react-dom/-/react-dom-18.3.7.tgz 0ms (cache hit)
2675 http cache @vitejs/plugin-react@https://registry.npmjs.org/@vitejs/plugin-react/-/plugin-react-4.7.0.tgz 0ms (cache hit)
2676 http cache tailwindcss@https://registry.npmjs.org/tailwindcss/-/tailwindcss-3.4.19.tgz 0ms (cache hit)
2677 http cache @types/react@https://registry.npmjs.org/@types/react/-/react-18.3.28.tgz 0ms (cache hit)
2678 http cache picomatch@https://registry.npmjs.org/picomatch/-/picomatch-4.0.4.tgz 0ms (cache hit)
2679 http cache fdir@https://registry.npmjs.org/fdir/-/fdir-6.5.0.tgz 0ms (cache hit)
2680 http cache postcss-import@https://registry.npmjs.org/postcss-import/-/postcss-import-15.1.0.tgz 0ms (cache hit)
2681 http cache glob-parent@https://registry.npmjs.org/glob-parent/-/glob-parent-5.1.2.tgz 0ms (cache hit)
2682 http cache glob-parent@https://registry.npmjs.org/glob-parent/-/glob-parent-5.1.2.tgz 0ms (cache hit)
2683 http cache doctrine@https://registry.npmjs.org/doctrine/-/doctrine-2.1.0.tgz 0ms (cache hit)
2684 http cache resolve@https://registry.npmjs.org/resolve/-/resolve-1.22.12.tgz 0ms (cache hit)
2685 http cache resolve@https://registry.npmjs.org/resolve/-/resolve-1.22.12.tgz 0ms (cache hit)
2686 http fetch POST 200 https://registry.npmjs.org/-/npm/v1/security/advisories/bulk 895ms
2687 silly audit report {
2687 silly audit report   vite: [
2687 silly audit report     {
2687 silly audit report       id: 1116229,
2687 silly audit report       url: 'https://github.com/advisories/GHSA-4w7w-66w2-5vf9',
2687 silly audit report       title: 'Vite Vulnerable to Path Traversal in Optimized Deps `.map` Handling',
2687 silly audit report       severity: 'moderate',
2687 silly audit report       vulnerable_versions: '<=6.4.1',
2687 silly audit report       cwe: [Array],
2687 silly audit report       cvss: [Object]
2687 silly audit report     }
2687 silly audit report   ],
2687 silly audit report   esbuild: [
2687 silly audit report     {
2687 silly audit report       id: 1102341,
2687 silly audit report       url: 'https://github.com/advisories/GHSA-67mh-4wv8-2f99',
2687 silly audit report       title: 'esbuild enables any website to send any requests to the development server and read the response',
2687 silly audit report       severity: 'moderate',
2687 silly audit report       vulnerable_versions: '<=0.24.2',
2687 silly audit report       cwe: [Array],
2687 silly audit report       cvss: [Object]
2687 silly audit report     }
2687 silly audit report   ]
2687 silly audit report }
2688 silly packumentCache corgi:https://registry.npmjs.org/vite cache-miss
2689 silly packumentCache corgi:https://registry.npmjs.org/esbuild cache-miss
2690 warn deprecated inflight@1.0.6: This module is not supported, and leaks memory. Do not use it. Check out lru-cache if you want a good and tested way to coalesce async requests by a key value, which is much more comprehensive and powerful.
2691 warn deprecated @humanwhocodes/config-array@0.13.0: Use @eslint/config-array instead
2692 http cache https://registry.npmjs.org/esbuild 751ms (cache hit)
2693 silly packumentCache corgi:https://registry.npmjs.org/esbuild set size:885757 disposed:false
2694 http cache https://registry.npmjs.org/vite 772ms (cache hit)
2695 silly packumentCache corgi:https://registry.npmjs.org/vite set size:2234939 disposed:false
2696 silly packumentCache corgi:https://registry.npmjs.org/@vitejs%2fplugin-react cache-miss
2697 warn deprecated rimraf@3.0.2: Rimraf versions prior to v4 are no longer supported
2698 warn deprecated glob@7.2.3: Old versions of glob are not supported, and contain widely publicized security vulnerabilities, which have been fixed in the current version. Please update. Support for old versions may be purchased (at exorbitant rates) by contacting i@izs.me
2699 warn deprecated @humanwhocodes/object-schema@2.0.3: Use @eslint/object-schema instead
2700 http cache https://registry.npmjs.org/@vitejs%2fplugin-react 483ms (cache hit)
2701 silly packumentCache corgi:https://registry.npmjs.org/@vitejs%2fplugin-react set size:112470 disposed:false
2702 warn deprecated eslint@8.57.1: This version is no longer supported. Please see https://eslint.org/version-support for other options.
2703 silly ADD node_modules/is-weakset
2704 silly ADD node_modules/is-weakmap
2705 silly ADD node_modules/is-map
2706 silly ADD node_modules/generator-function
2707 silly ADD node_modules/async-function
2708 silly ADD node_modules/which-collection
2709 silly ADD node_modules/is-generator-function
2710 silly ADD node_modules/is-finalizationregistry
2711 silly ADD node_modules/is-async-function
2712 silly ADD node_modules/is-number-object
2713 silly ADD node_modules/is-boolean-object
2714 silly ADD node_modules/is-bigint
2715 silly ADD node_modules/isexe
2716 silly ADD node_modules/@types/estree
2717 silly ADD node_modules/@rollup/rollup-win32-x64-msvc
2718 silly ADD node_modules/@rollup/rollup-win32-x64-gnu
2719 silly ADD
2720 silly ADD
2721 silly ADD
2722 silly ADD
2723 silly ADD
2724 silly ADD
2725 silly ADD
2726 silly ADD
2727 silly ADD
2728 silly ADD
2729 silly ADD
2730 silly ADD
2731 silly ADD
2732 silly ADD
2733 silly ADD
2734 silly ADD
2735 silly ADD
2736 silly ADD
2737 silly ADD
2738 silly ADD
2739 silly ADD
2740 silly ADD
2741 silly ADD
2742 silly ADD node_modules/@esbuild/win32-x64
2743 silly ADD
2744 silly ADD
2745 silly ADD
2746 silly ADD
2747 silly ADD
2748 silly ADD
2749 silly ADD
2750 silly ADD
2751 silly ADD
2752 silly ADD
2753 silly ADD
2754 silly ADD
2755 silly ADD
2756 silly ADD
2757 silly ADD
2758 silly ADD
2759 silly ADD
2760 silly ADD
2761 silly ADD
2762 silly ADD
2763 silly ADD
2764 silly ADD
2765 silly ADD node_modules/rollup
2766 silly ADD node_modules/esbuild
2767 silly ADD node_modules/punycode
2768 silly ADD node_modules/escalade
2769 silly ADD node_modules/which-boxed-primitive
2770 silly ADD node_modules/has-bigints
2771 silly ADD node_modules/which-builtin-type
2772 silly ADD node_modules/reflect.getprototypeof
2773 silly ADD node_modules/for-each
2774 silly ADD node_modules/is-number
2775 silly ADD node_modules/thenify
2776 silly ADD node_modules/thenify-all
2777 silly ADD node_modules/any-promise
2778 silly ADD node_modules/ts-interface-checker
2779 silly ADD node_modules/tinyglobby
2780 silly ADD node_modules/tinyglobby/node_modules/picomatch
2781 silly ADD node_modules/tinyglobby/node_modules/fdir
2782 silly ADD node_modules/pirates
2783 silly ADD node_modules/mz
2784 silly ADD node_modules/lines-and-columns
2785 silly ADD node_modules/commander
2786 silly ADD node_modules/pify
2787 silly ADD node_modules/util-deprecate
2788 silly ADD node_modules/cssesc
2789 silly ADD node_modules/camelcase-css
2790 silly ADD node_modules/read-cache
2791 silly ADD node_modules/binary-extensions
2792 silly ADD node_modules/to-regex-range
2793 silly ADD node_modules/merge2
2794 silly ADD node_modules/fill-range
2795 silly ADD node_modules/picomatch
2796 silly ADD node_modules/readdirp
2797 silly ADD node_modules/is-binary-path
2798 silly ADD
2799 silly ADD node_modules/braces
2800 silly ADD node_modules/anymatch
2801 silly ADD node_modules/sucrase
2802 silly ADD node_modules/postcss-selector-parser
2803 silly ADD node_modules/postcss-nested
2804 silly ADD node_modules/postcss-load-config
2805 silly ADD node_modules/postcss-js
2806 silly ADD node_modules/object-hash
2807 silly ADD node_modules/normalize-path
2808 silly ADD node_modules/micromatch
2809 silly ADD node_modules/lilconfig
2810 silly ADD node_modules/jiti
2811 silly ADD node_modules/fast-glob
2812 silly ADD node_modules/fast-glob/node_modules/glob-parent
2813 silly ADD node_modules/dlv
2814 silly ADD node_modules/didyoumean
2815 silly ADD node_modules/chokidar
2816 silly ADD node_modules/chokidar/node_modules/glob-parent
2817 silly ADD node_modules/arg
2818 silly ADD node_modules/@alloc/quick-lru
2819 silly ADD node_modules/has-flag
2820 silly ADD node_modules/ansi-regex
2821 silly ADD node_modules/side-channel-weakmap
2822 silly ADD node_modules/side-channel-map
2823 silly ADD node_modules/side-channel-list
2824 silly ADD node_modules/shebang-regex
2825 silly ADD node_modules/isarray
2826 silly ADD node_modules/queue-microtask
2827 silly ADD node_modules/wrappy
2828 silly ADD node_modules/path-is-absolute
2829 silly ADD node_modules/once
2830 silly ADD node_modules/inherits
2831 silly ADD node_modules/inflight
2832 silly ADD node_modules/fs.realpath
2833 silly ADD node_modules/glob
2834 silly ADD node_modules/supports-preserve-symlinks-flag
2835 silly ADD node_modules/path-parse
2836 silly ADD node_modules/node-exports-info
2837 silly ADD node_modules/is-core-module
2838 silly ADD node_modules/react-router
2839 silly ADD node_modules/@remix-run/router
2840 silly ADD node_modules/scheduler
2841 silly ADD node_modules/react-is
2842 silly ADD node_modules/object-assign
2843 silly ADD node_modules/loose-envify
2844 silly ADD node_modules/source-map-js
2845 silly ADD node_modules/nanoid
2846 silly ADD node_modules/callsites
2847 silly ADD node_modules/yocto-queue
2848 silly ADD node_modules/p-limit
2849 silly ADD node_modules/word-wrap
2850 silly ADD node_modules/fast-levenshtein
2851 silly ADD node_modules/deep-is
2852 silly ADD node_modules/concat-map
2853 silly ADD node_modules/balanced-match
2854 silly ADD node_modules/brace-expansion
2855 silly ADD node_modules/mime-db
2856 silly ADD node_modules/yallist
2857 silly ADD node_modules/p-locate
2858 silly ADD node_modules/type-check
2859 silly ADD node_modules/prelude-ls
2860 silly ADD node_modules/json-buffer
2861 silly ADD node_modules/array.prototype.flat
2862 silly ADD node_modules/argparse
2863 silly ADD node_modules/set-function-name
2864 silly ADD node_modules/is-extglob
2865 silly ADD node_modules/side-channel
2866 silly ADD node_modules/resolve-from
2867 silly ADD node_modules/parent-module
2868 silly ADD node_modules/type-fest
2869 silly ADD node_modules/dunder-proto
2870 silly ADD node_modules/functions-have-names
2871 silly ADD node_modules/delayed-stream
2872 silly ADD node_modules/mime-types
2873 silly ADD node_modules/combined-stream
2874 silly ADD node_modules/asynckit
2875 silly ADD node_modules/rimraf
2876 silly ADD node_modules/keyv
2877 silly ADD node_modules/flatted
2878 silly ADD node_modules/path-exists
2879 silly ADD node_modules/locate-path
2880 silly ADD node_modules/flat-cache
2881 silly ADD node_modules/reusify
2882 silly ADD node_modules/acorn-jsx
2883 silly ADD node_modules/acorn
2884 silly ADD node_modules/esrecurse
2885 silly ADD node_modules/is-symbol
2886 silly ADD node_modules/is-date-object
2887 silly ADD node_modules/has-tostringtag
2888 silly ADD node_modules/iterator.prototype
2889 silly ADD node_modules/possible-typed-array-names
2890 silly ADD node_modules/which-typed-array
2891 silly ADD node_modules/unbox-primitive
2892 silly ADD node_modules/typed-array-length
2893 silly ADD node_modules/typed-array-byte-offset
2894 silly ADD node_modules/typed-array-byte-length
2895 silly ADD node_modules/typed-array-buffer
2896 silly ADD node_modules/string.prototype.trimstart
2897 silly ADD node_modules/string.prototype.trimend
2898 silly ADD node_modules/string.prototype.trim
2899 silly ADD node_modules/stop-iteration-iterator
2900 silly ADD node_modules/set-proto
2901 silly ADD node_modules/safe-regex-test
2902 silly ADD node_modules/safe-push-apply
2903 silly ADD node_modules/safe-array-concat
2904 silly ADD node_modules/regexp.prototype.flags
2905 silly ADD node_modules/own-keys
2906 silly ADD node_modules/object.assign
2907 silly ADD node_modules/object-inspect
2908 silly ADD node_modules/is-weakref
2909 silly ADD node_modules/is-typed-array
2910 silly ADD node_modules/is-shared-array-buffer
2911 silly ADD node_modules/is-set
2912 silly ADD node_modules/is-regex
2913 silly ADD node_modules/is-negative-zero
2914 silly ADD node_modules/is-data-view
2915 silly ADD node_modules/is-callable
2916 silly ADD node_modules/is-array-buffer
2917 silly ADD node_modules/internal-slot
2918 silly ADD node_modules/has-symbols
2919 silly ADD node_modules/has-proto
2920 silly ADD node_modules/globalthis
2921 silly ADD node_modules/get-symbol-description
2922 silly ADD node_modules/get-proto
2923 silly ADD node_modules/function.prototype.name
2924 silly ADD node_modules/es-to-primitive
2925 silly ADD node_modules/es-set-tostringtag
2926 silly ADD node_modules/data-view-byte-offset
2927 silly ADD node_modules/data-view-byte-length
2928 silly ADD node_modules/data-view-buffer
2929 silly ADD node_modules/available-typed-arrays
2930 silly ADD node_modules/arraybuffer.prototype.slice
2931 silly ADD node_modules/array-buffer-byte-length
2932 silly ADD node_modules/gopd
2933 silly ADD node_modules/object-keys
2934 silly ADD node_modules/has-property-descriptors
2935 silly ADD node_modules/define-data-property
2936 silly ADD node_modules/function-bind
2937 silly ADD node_modules/set-function-length
2938 silly ADD node_modules/es-define-property
2939 silly ADD node_modules/call-bind-apply-helpers
2940 silly ADD node_modules/es-shim-unscopables
2941 silly ADD node_modules/es-errors
2942 silly ADD node_modules/math-intrinsics
2943 silly ADD node_modules/is-string
2944 silly ADD node_modules/get-intrinsic
2945 silly ADD node_modules/es-object-atoms
2946 silly ADD node_modules/es-abstract
2947 silly ADD node_modules/define-properties
2948 silly ADD node_modules/call-bound
2949 silly ADD node_modules/call-bind
2950 silly ADD node_modules/string.prototype.repeat
2951 silly ADD node_modules/string.prototype.matchall
2952 silly ADD node_modules/resolve
2953 silly ADD node_modules/prop-types
2954 silly ADD node_modules/object.values
2955 silly ADD node_modules/object.fromentries
2956 silly ADD node_modules/object.entries
2957 silly ADD node_modules/jsx-ast-utils
2958 silly ADD node_modules/hasown
2959 silly ADD node_modules/estraverse
2960 silly ADD node_modules/es-iterator-helpers
2961 silly ADD node_modules/array.prototype.tosorted
2962 silly ADD node_modules/array.prototype.flatmap
2963 silly ADD node_modules/array.prototype.findlast
2964 silly ADD node_modules/array-includes
2965 silly ADD node_modules/which
2966 silly ADD node_modules/shebang-command
2967 silly ADD node_modules/path-key
2968 silly ADD node_modules/color-name
2969 silly ADD node_modules/color-convert
2970 silly ADD node_modules/supports-color
2971 silly ADD node_modules/ansi-styles
2972 silly ADD node_modules/uri-js
2973 silly ADD node_modules/json-schema-traverse
2974 silly ADD node_modules/fast-json-stable-stringify
2975 silly ADD node_modules/run-parallel
2976 silly ADD node_modules/@nodelib/fs.stat
2977 silly ADD node_modules/fastq
2978 silly ADD node_modules/@nodelib/fs.scandir
2979 silly ADD node_modules/@humanwhocodes/object-schema
2980 silly ADD node_modules/strip-json-comments
2981 silly ADD node_modules/import-fresh
2982 silly ADD node_modules/text-table
2983 silly ADD node_modules/strip-ansi
2984 silly ADD node_modules/optionator
2985 silly ADD node_modules/natural-compare
2986 silly ADD node_modules/minimatch
2987 silly ADD node_modules/lodash.merge
2988 silly ADD node_modules/levn
2989 silly ADD node_modules/json-stable-stringify-without-jsonify
2990 silly ADD node_modules/js-yaml
2991 silly ADD node_modules/is-path-inside
2992 silly ADD node_modules/is-glob
2993 silly ADD node_modules/imurmurhash
2994 silly ADD node_modules/ignore
2995 silly ADD node_modules/graphemer
2996 silly ADD node_modules/globals
2997 silly ADD node_modules/glob-parent
2998 silly ADD node_modules/find-up
2999 silly ADD node_modules/file-entry-cache
3000 silly ADD node_modules/fast-deep-equal
3001 silly ADD node_modules/esutils
3002 silly ADD node_modules/esquery
3003 silly ADD node_modules/espree
3004 silly ADD node_modules/eslint-visitor-keys
3005 silly ADD node_modules/eslint-scope
3006 silly ADD node_modules/escape-string-regexp
3007 silly ADD node_modules/doctrine
3008 silly ADD node_modules/cross-spawn
3009 silly ADD node_modules/chalk
3010 silly ADD node_modules/ajv
3011 silly ADD node_modules/@ungap/structured-clone
3012 silly ADD node_modules/@nodelib/fs.walk
3013 silly ADD node_modules/@humanwhocodes/module-importer
3014 silly ADD node_modules/@humanwhocodes/config-array
3015 silly ADD node_modules/@eslint/js
3016 silly ADD node_modules/@eslint/eslintrc
3017 silly ADD node_modules/@eslint-community/regexpp
3018 silly ADD node_modules/@eslint-community/eslint-utils
3019 silly ADD node_modules/ms
3020 silly ADD node_modules/update-browserslist-db
3021 silly ADD node_modules/node-releases
3022 silly ADD node_modules/electron-to-chromium
3023 silly ADD node_modules/baseline-browser-mapping
3024 silly ADD node_modules/proxy-from-env
3025 silly ADD node_modules/form-data
3026 silly ADD node_modules/follow-redirects
3027 silly ADD node_modules/postcss-value-parser
3028 silly ADD node_modules/fraction.js
3029 silly ADD node_modules/caniuse-lite
3030 silly ADD node_modules/@types/babel__traverse
3031 silly ADD node_modules/@types/babel__template
3032 silly ADD node_modules/@types/babel__generator
3033 silly ADD node_modules/@jridgewell/resolve-uri
3034 silly ADD node_modules/@jridgewell/sourcemap-codec
3035 silly ADD node_modules/@babel/helper-string-parser
3036 silly ADD node_modules/@babel/helper-globals
3037 silly ADD node_modules/@babel/helper-plugin-utils
3038 silly ADD node_modules/@babel/helper-module-imports
3039 silly ADD node_modules/lru-cache
3040 silly ADD node_modules/browserslist
3041 silly ADD node_modules/@babel/helper-validator-option
3042 silly ADD node_modules/@babel/compat-data
3043 silly ADD node_modules/jsesc
3044 silly ADD node_modules/@jridgewell/trace-mapping
3045 silly ADD node_modules/@jridgewell/gen-mapping
3046 silly ADD node_modules/picocolors
3047 silly ADD node_modules/js-tokens
3048 silly ADD node_modules/@babel/helper-validator-identifier
3049 silly ADD node_modules/semver
3050 silly ADD node_modules/json5
3051 silly ADD node_modules/gensync
3052 silly ADD node_modules/debug
3053 silly ADD node_modules/convert-source-map
3054 silly ADD node_modules/@jridgewell/remapping
3055 silly ADD node_modules/@babel/types
3056 silly ADD node_modules/@babel/traverse
3057 silly ADD node_modules/@babel/template
3058 silly ADD node_modules/@babel/parser
3059 silly ADD node_modules/@babel/helpers
3060 silly ADD node_modules/@babel/helper-module-transforms
3061 silly ADD node_modules/@babel/helper-compilation-targets
3062 silly ADD node_modules/@babel/generator
3063 silly ADD node_modules/@babel/code-frame
3064 silly ADD node_modules/react-refresh
3065 silly ADD node_modules/@types/babel__core
3066 silly ADD node_modules/@rolldown/pluginutils
3067 silly ADD node_modules/@babel/plugin-transform-react-jsx-source
3068 silly ADD node_modules/@babel/plugin-transform-react-jsx-self
3069 silly ADD node_modules/@babel/core
3070 silly ADD node_modules/csstype
3071 silly ADD node_modules/@types/prop-types
3072 silly ADD node_modules/react-router-dom
3073 silly ADD node_modules/react-dom
3074 silly ADD node_modules/react
3075 silly ADD node_modules/lucide-react
3076 silly ADD node_modules/eslint-plugin-react-refresh
3077 silly ADD node_modules/eslint-plugin-react-hooks
3078 silly ADD node_modules/eslint-plugin-react
3079 silly ADD node_modules/eslint-plugin-react/node_modules/doctrine
3080 silly ADD node_modules/eslint
3081 silly ADD node_modules/axios
3082 silly ADD node_modules/postcss
3083 silly ADD node_modules/autoprefixer
3084 silly ADD node_modules/vite
3085 silly ADD node_modules/@vitejs/plugin-react
3086 silly ADD node_modules/@types/react-dom
3087 silly ADD node_modules/@types/react
3088 silly CHANGE node_modules/tailwindcss
3089 silly CHANGE node_modules/tailwindcss/node_modules/resolve
3090 silly CHANGE node_modules/postcss-import
3091 silly CHANGE node_modules/postcss-import/node_modules/resolve
3092 verbose cwd C:\Users\digbi\OneDrive\Desktop\Academics\PROJECTS\BTP_VI\frontend
3093 verbose os Windows_NT 10.0.26200
3094 verbose node v24.14.0
3095 verbose npm  v10.9.2
3096 verbose exit 0
3097 info ok
